ticker,cik,name,sector,subsector,valuation_price,price_date,price_observations,price_status,price_reason,filing_date,period_end,revenue_ttm,operating_income_ttm,net_income_ttm,free_cash_flow_ttm,cash_and_equivalents,total_debt,stockholders_equity,shares_outstanding,market_cap,net_debt,enterprise_value,earnings_yield,free_cash_flow_yield,price_to_earnings,price_to_fcf,ev_to_operating_income,operating_margin,five_year_revenue_growth,positive_fcf_years,historical_fcf_years,net_debt_to_fcf,price_to_book,five_year_median_fcf,historical_net_income_years,five_year_median_net_income,calculation_status,calculation_warnings,snapshot_source_url,price_source_url
A,0001090872,Agilent Technologies,Health Care,Life Sciences Tools & Services,148.525,2026-08-14,5,ok,,2026-06-01,2026-05-27,6628000000.0,1417000000.0,1210000000.0,1189000000.0,1807000000.0,3051000000.0,7122000000.0,282431944.0,41948204482.6,1244000000,43192204482.6,0.0288450963497593,0.028344478975094,34.6679375889256,35.280239262069,30.4814428247001,0.213789981894991,0.0240063553731089,5,5,1.04625735912532,5.88994727360292,1297000000,5,1254000000,ok,,https://data.sec.gov/api/xbrl/companyfacts/CIK0001090872.json,https://hfdatalibrary.com/pages/data
AAPL,0000320193,Apple Inc.,Information Technology,"Technology Hardware, Storage & Peripherals",305.29,2026-08-14,5,ok,,2026-07-31,2026-07-17,408625000000.0,130214000000.0,99280000000.0,96184000000.0,39544000000.0,82347000000.0,107520000000.0,14594180000.0,4455457212200,42803000000,4498260212200,0.0222827860916608,0.0215879079113649,44.8776915008058,46.3222283560675,34.5451350254197,0.318663811563169,0.0327137243927511,5,5,0.445011644348332,41.4384041313244,99584000000,5,96995000000,ok,,https://data.sec.gov/api/xbrl/companyfacts/CIK0000320193.json,https://hfdatalibrary.com/pages/data
ABBV,0001551152,AbbVie,Health Care,Biotechnology,249.5,2026-08-14,5,ok,,2026-08-03,2026-07-27,61160000000.0,10968000000.0,3771000000.0,18239000000.0,6569000000.0,64503000000.0,-5935000000.0,1767117285.0,440895762607.5,57934000000,498829762607.5,0.0085530420562401,0.0413680546443286,116.917465554893,24.1732420970174,45.4804670502826,0.179332897318509,0.0213824646687204,5,5,3.1763802840068,,21990000000,5,4873000000,partial,nonpositive_stockholders_equity,https://data.sec.gov/api/xbrl/companyfacts/CIK0001551152.json,https://hfdatalibrary.com/pages/data
ABNB,0001559720,Airbnb,Consumer Discretionary,"Hotels, Resorts & Cruise Lines",184.675,2026-08-14,5,ok,,2026-08-06,2026-06-30,11580000000.0,2605000000.0,2625000000.0,4286864000.0,6821000000.0,2476000000.0,7799000000.0,,,-4345000000,,,,,,,0.224956822107081,0.1955278036223,2,2,-1.01356142858742,,,5,2511000000,partial,missing_shares_outstanding;insufficient_fcf_history,https://data.sec.gov/api/xbrl/companyfacts/CIK0001559720.json,https://hfdatalibrary.com/pages/data
ABT,0000001800,Abbott Laboratories,Health Care,Health Care Equipment,110.94,2026-08-14,5,ok,,2026-04-29,2026-03-31,42344000000.0,7132000000.0,5724000000.0,6657000000.0,6803000000.0,34047000000.0,52061000000.0,1741812429.0,193236670873.26,27244000000,220480670873.26,0.0296217067605882,0.0344499828625499,33.7590270568239,29.0275906374132,30.9142836333791,0.168430001889288,0.00719404378321364,5,5,4.0925341745531,3.71173567302318,7395000000,5,6933000000,ok,,https://data.sec.gov/api/xbrl/companyfacts/CIK0000001800.json,https://hfdatalibrary.com/pages/data
ACGL,0000947484,Arch Capital Group,Financials,Property & Casualty Insurance,,,,excluded,ticker_unavailable,2026-08-04,2026-07-30,19156000000.0,,4399000000.0,6127000000.0,1109000000.0,,24030000000.0,341229126.0,,,,,,,,,,,,,,,,,,excluded,ticker_unavailable,https://data.sec.gov/api/xbrl/companyfacts/CIK0000947484.json,
ACN,0001467373,Accenture,Information Technology,IT Consulting & Other Services,179.24,2026-08-14,5,ok,,2026-06-18,2026-05-31,68482536000.0,10529641000.0,7948771000.0,10243923000.0,10165245000.0,112816000.0,31890566000.0,637016143.0,114178773471.32,-10052429000,104126344471.32,0.0696168890095549,0.0897182785255012,14.3643304696185,11.1460007529654,9.88887887738243,0.153756586934806,0.0836044243663048,5,5,-0.981306575615611,3.58033073076596,8823131000,5,6877169000,ok,,https://data.sec.gov/api/xbrl/companyfacts/CIK0001467373.json,https://hfdatalibrary.com/pages/data
ADBE,0000796343,Adobe Inc.,Information Technology,Application Software,264.11,2026-08-14,5,ok,,2026-06-15,2026-06-11,22601000000.0,8221000000.0,6869000000.0,9437000000.0,4919000000.0,3743000000.0,11518000000.0,397500000.0,104983725000,-1176000000,103807725000,0.0654291891433648,0.0898901234453245,15.2836985005095,11.1246926989509,12.6271408587763,0.363744967036857,0.108136552945493,5,5,-0.124615873688672,9.11475299531169,7396000000,5,5428000000,ok,,https://data.sec.gov/api/xbrl/companyfacts/CIK0000796343.json,https://hfdatalibrary.com/pages/data
ADI,0000006281,Analog Devices,Information Technology,Semiconductors,385.44,2026-08-14,5,ok,,2026-05-20,2026-05-02,9818656000.0,2229968000.0,483845000.0,3293589000.0,2436916000.0,7235424000.0,33742033000.0,487087040.0,187742828697.6,4798508000,192541336697.6,0.00257716901016409,0.0175430881853018,388.022669858322,57.0025065961782,86.3426455884569,0.227115401537644,0.107588668681235,5,5,1.45692373881501,5.56406392873838,3556171000,5,2267342000,ok,,https://data.sec.gov/api/xbrl/companyfacts/CIK0000006281.json,https://hfdatalibrary.com/pages/data
ADM,0000007084,Archer Daniels Midland,Consumer Staples,Agricultural Products & Services,80.43,2026-08-14,5,ok,,2026-08-04,2026-07-30,24755000000.0,,1088000000.0,4109000000.0,1060000000.0,7604000000.0,23580000000.0,481959583.0,38764009260.69,6544000000,45308009260.69,0.0280672722133344,0.10600038743069,35.6286849822518,9.43392778308348,,,-0.264429743667565,5,5,1.59260160623023,1.64393593132697,2966000000,5,2735000000,partial,missing_operating_income_ttm,https://data.sec.gov/api/xbrl/companyfacts/CIK0000007084.json,https://hfdatalibrary.com/pages/data
ADP,0000008670,Automatic Data Processing,Industrials,Human Resource & Employment Services,272.24,2026-08-14,5,ok,,2026-08-05,2026-07-31,21947400000.0,,4413500000.0,,4230100000.0,4965100000.0,6031200000.0,397262737.0,108150807520.88,735000000,108885807520.88,0.0408087567829571,,24.5045445838631,,,,0.0739531455291087,,0,,17.9318887652341,,5,3752000000,partial,missing_operating_income_ttm;missing_free_cash_flow_ttm;insufficient_fcf_history,https://data.sec.gov/api/xbrl/companyfacts/CIK0000008670.json,https://hfdatalibrary.com/pages/data
ADSK,0000769397,Autodesk,Information Technology,Application Software,251.68,2026-08-14,5,ok,,2026-05-29,2026-05-21,6347000000.0,1288000000.0,1431700000.0,1636000000.0,2671000000.0,2500000000.0,3189000000.0,211000000.0,53104480000,-171000000,52933480000,0.0269600606201209,0.0308071936680295,37.0919047286443,32.4599511002445,41.0974223602484,0.202930518355128,0.132153466645058,5,5,-0.104523227383863,16.652392599561,1567000000,5,906000000,ok,,https://data.sec.gov/api/xbrl/companyfacts/CIK0000769397.json,https://hfdatalibrary.com/pages/data
AEE,0001002910,Ameren,Utilities,Multi-Utilities,108.64,2026-08-14,5,ok,,2026-08-03,2026-07-30,8432000000.0,1625000000.0,1232000000.0,-1550000000.0,12000000.0,20588000000.0,13687000000.0,276843251.0,30076250788.64,20576000000,50652250788.64,0.0409625524357356,-0.0515356787949596,24.4125412245455,,31.1706158699323,0.192718216318786,0.0830897844034677,0,5,,2.19743192727698,-1088000000,5,1157000000,partial,nonpositive_free_cash_flow_ttm,https://data.sec.gov/api/xbrl/companyfacts/CIK0001002910.json,https://hfdatalibrary.com/pages/data
AEP,0000004904,American Electric Power,Utilities,Electric Utilities,124.54,2026-08-14,5,ok,,2026-05-05,2026-05-05,20516000000.0,4415400000.0,3183800000.0,6663900000.0,306000000.0,49554000000.0,31808000000.0,544104955.0,67762831095.7,49248000000,117010831095.7,0.0469844596000363,0.0983415228119486,21.2836331100258,10.1686446518855,26.5006185386828,0.215217391304348,0.0662247550725155,3,3,7.39026696078873,2.13037069591612,4857000000,5,2488100000,ok,,https://data.sec.gov/api/xbrl/companyfacts/CIK0000004904.json,https://hfdatalibrary.com/pages/data
AES,0000874761,AES Corporation,Utilities,Independent Power Producers & Energy Traders,14.73,2026-08-14,5,ok,,2026-08-04,2026-07-31,12032000000.0,,148000000.0,-2551000000.0,1800000000.0,,4942000000.0,713438630.0,10508951019.9,,,0.0140832324482,-0.242745445779447,71.0064258101351,,,,0.0236511812151698,0,5,,2.12645710641441,-1836000000,5,-182000000,partial,missing_operating_income_ttm;nonpositive_free_cash_flow_ttm;missing_total_debt,https://data.sec.gov/api/xbrl/companyfacts/CIK0000874761.json,https://hfdatalibrary.com/pages/data
AFL,0000004977,Aflac,Financials,Life & Health Insurance,121.28,2026-08-14,5,ok,,2026-08-07,2026-07-28,15910000000.0,4401000000.0,2437000000.0,,6120000000.0,,30312000000.0,501343298.0,60802915181.44,,,0.0400803151087054,,24.9499036444153,,,0.27661847894406,-0.0553451370849792,,0,,2.00590245386118,,5,4418000000,partial,missing_free_cash_flow_ttm;missing_total_debt;insufficient_fcf_history,https://data.sec.gov/api/xbrl/companyfacts/CIK0000004977.json,https://hfdatalibrary.com/pages/data
AIG,0000005272,American International Group,Financials,Multi-line Insurance,76.635,2026-08-14,5,ok,,2026-08-07,2026-07-31,27802000000.0,,3200000000.0,2919000000.0,1565000000.0,9191000000.0,40606000000.0,522893169.0,40071918006.315,7626000000,47697918006.315,0.0798564221332182,0.072844030064645,12.5224743769734,13.7279609476927,,,-0.153541431537026,3,3,2.61253854059609,0.986847214852854,5880000000,5,3878000000,partial,missing_operating_income_ttm,https://data.sec.gov/api/xbrl/companyfacts/CIK0000005272.json,https://hfdatalibrary.com/pages/data
AIZ,0001267238,Assurant,Financials,Multi-line Insurance,282.08,2026-08-14,5,ok,,2026-08-06,2026-07-31,12304900000.0,,276600000.0,968800000.0,1698700000.0,2207500000.0,6097900000.0,49323767.0,13913248195.36,508800000,14422048195.36,0.0198803324799629,0.0696314754395807,50.3009696144613,14.361321423782,,,0.0590226267333225,5,5,0.525185796862097,2.28164584453008,935600000,5,760200000,partial,missing_operating_income_ttm,https://data.sec.gov/api/xbrl/companyfacts/CIK0001267238.json,https://hfdatalibrary.com/pages/data
AJG,0000354190,Arthur J. Gallagher & Co.,Financials,Insurance Brokers,253.595,2026-08-14,5,ok,,2026-08-05,2026-06-30,12471900000.0,,1649900000.0,1965600000.0,738400000.0,12873000000.0,23717000000.0,256300000.0,64996398500,12134600000,77130998500,0.0253844834187236,0.0302416756214577,39.394144190557,33.0669508038258,,,0.141569178323009,,0,6.17348392348392,2.74049831344605,,5,1116000000,partial,missing_operating_income_ttm;insufficient_fcf_history,https://data.sec.gov/api/xbrl/companyfacts/CIK0000354190.json,https://hfdatalibrary.com/pages/data
AKAM,0001086222,Akamai Technologies,Information Technology,Internet Services & Infrastructure,122.775,2026-08-14,5,ok,,2026-08-07,2026-08-03,2372617000.0,524741000.0,424601000.0,977679000.0,1480257000.0,,4748517000.0,143716609.0,17644806669.975,,,0.0240637944037389,0.0554088813941867,41.556206108735,18.0476482260282,,0.221165489415274,,5,5,,3.71585627048929,1033410000,5,523672000,partial,missing_total_debt;insufficient_revenue_history,https://data.sec.gov/api/xbrl/companyfacts/CIK0001086222.json,https://hfdatalibrary.com/pages/data
ALB,0000915913,Albemarle Corporation,Materials,Specialty Chemicals,130.45,2026-08-14,5,ok,,2026-08-05,2026-07-29,4993278000.0,-1037140000.0,-891039000.0,-187280000.0,1631688000.0,1876784000.0,10275169000.0,118005057.0,15393759685.65,245096000,15638855685.65,-0.0578831304499721,-0.0121659687967314,,,,-0.207707241615628,0.114944109653656,2,5,,1.49815148399506,-609410000,5,199942000,partial,nonpositive_operating_income_ttm;nonpositive_net_income_ttm;nonpositive_free_cash_flow_ttm,https://data.sec.gov/api/xbrl/companyfacts/CIK0000915913.json,https://hfdatalibrary.com/pages/data
ALGN,0001097149,Align Technology,Health Care,Health Care Supplies,175.845,2026-08-14,5,ok,,2026-08-05,2026-07-31,3964802000.0,600580000.0,437608000.0,631537000.0,1102591000.0,,4232453000.0,71039852.0,12492002774.94,,,0.0350310520966164,0.050555304171635,28.546102390587,19.7803181364512,,0.151477930045435,0.00517017293754418,5,5,,2.95148056574757,608060000,5,421362000,partial,missing_total_debt,https://data.sec.gov/api/xbrl/companyfacts/CIK0001097149.json,https://hfdatalibrary.com/pages/data
ALL,0000899051,Allstate,Financials,Property & Casualty Insurance,261.3,2026-08-14,5,ok,,2026-08-05,2026-07-16,66218000000.0,,5749000000.0,8539000000.0,840000000.0,7492000000.0,33698000000.0,252857950.0,66071782335,6652000000,72723782335,0.0870114260101411,0.12923822694392,11.4927434919116,7.7376487100363,,,0.0754313311472641,5,5,0.779013936058086,1.96070337512612,4771000000,5,1581000000,partial,missing_operating_income_ttm,https://data.sec.gov/api/xbrl/companyfacts/CIK0000899051.json,https://hfdatalibrary.com/pages/data
ALLE,0001579241,Allegion,Industrials,Building Products,166.25,2026-08-14,5,ok,,2026-07-23,2026-07-20,3876600000.0,815700000.0,626200000.0,673000000.0,356200000.0,2031100000.0,1318300000.0,85036786.0,14137365672.5,1674900000,15812265672.5,0.0442939663941836,0.0476043426753203,22.5764383144363,21.0064868833581,19.3849033621429,0.210416344219161,0.0913239898117424,5,5,2.4887072808321,10.7239366399909,516400000,5,540600000,ok,,https://data.sec.gov/api/xbrl/companyfacts/CIK0001579241.json,https://hfdatalibrary.com/pages/data
AMAT,0000006951,Applied Materials,Information Technology,Semiconductor Materials & Equipment,525.23,2026-08-14,5,ok,,2026-05-21,2026-04-26,28089000000.0,8332000000.0,6758000000.0,5861000000.0,6301000000.0,6455000000.0,23909000000.0,793959430.0,417011311418.9,154000000,417165311418.9,0.0162057954183679,0.0140547746296322,61.7063201270938,71.1501981605357,50.0678482259842,0.296628573462921,0.0533069708627316,5,5,0.0262753796280498,17.4416040578401,5698000000,5,6856000000,ok,,https://data.sec.gov/api/xbrl/companyfacts/CIK0000006951.json,https://hfdatalibrary.com/pages/data
AMCR,0001748790,Amcor,Materials,Paper & Plastic Packaging Products & Materials,46.59,2026-08-14,5,ok,,2026-08-14,2026-08-12,23506000000.0,1899000000.0,1106000000.0,1818800000.0,1115000000.0,5314400000.0,11790000000.0,462345690.0,21540685697.1,4199400000,25740085697.1,0.0513446979150204,0.0844355665170335,19.4762076827306,11.8433503942709,13.5545474971564,0.0807878839445248,0.127515825376711,5,5,2.3088849791071,1.82703016938931,829000000,5,815000000,ok,,https://data.sec.gov/api/xbrl/companyfacts/CIK0001748790.json,https://hfdatalibrary.com/pages/data
AMD,0000002488,Advanced Micro Devices,Information Technology,Semiconductors,482.845,2026-08-14,5,ok,,2026-08-05,2026-07-29,29600000000.0,2267000000.0,1043000000.0,4043000000.0,5086000000.0,2351000000.0,67224000000.0,1632475042.0,788232411654.49,-2735000000,785497411654.49,0.00132321379402651,0.00512919786121684,755.73577339836,194.962258633314,346.492021020948,0.0765878378378378,0.204600905153036,5,5,-0.67647786297304,11.7254613181972,3115000000,5,1641000000,ok,,https://data.sec.gov/api/xbrl/companyfacts/CIK0000002488.json,https://hfdatalibrary.com/pages/data
AME,0001037868,Ametek,Industrials,Electrical Components & Equipment,256.1,2026-08-14,5,ok,,2026-08-04,2026-07-28,6980193000.0,1831287000.0,1437623000.0,1683475000.0,495446000.0,2036174000.0,11260763000.0,229261244.0,58713804588.4,1540728000,60254532588.4,0.0244852639013625,0.0286725585541871,40.8408912408886,34.8765527188702,32.9028342299159,0.262354780161523,,5,5,0.915206938029968,5.21401654474035,1599047000,5,1313188000,partial,insufficient_revenue_history,https://data.sec.gov/api/xbrl/companyfacts/CIK0001037868.json,https://hfdatalibrary.com/pages/data
AMGN,0000318154,Amgen,Health Care,Biotechnology,416.37,2026-08-14,5,ok,,2026-08-05,2026-07-30,34917000000.0,8192000000.0,6619000000.0,10605000000.0,13989000000.0,53858000000.0,11688000000.0,540632005.0,225102947921.85,39869000000,264971947921.85,0.0294043239375876,0.047111777512935,34.0086037047666,21.226114844116,32.345208486554,0.234613512042844,0.0905884887913233,5,5,3.75945308816596,19.2593213485498,8381000000,5,6552000000,ok,,https://data.sec.gov/api/xbrl/companyfacts/CIK0000318154.json,https://hfdatalibrary.com/pages/data
AMP,0000820027,Ameriprise Financial,Financials,Asset Management & Custody Banks,565,2026-08-14,5,ok,,2026-08-04,2026-07-24,9108000000.0,,2760000000.0,6700000000.0,2318000000.0,2684000000.0,6366000000.0,88333219.0,49908268735,366000000,50274268735,0.0553014574529701,0.13424629164308,18.0827060634058,7.44899533358209,,,0.0901614446351562,5,5,0.0546268656716418,7.83981601240968,4501000000,5,3401000000,partial,missing_operating_income_ttm,https://data.sec.gov/api/xbrl/companyfacts/CIK0000820027.json,https://hfdatalibrary.com/pages/data
AMT,0001053507,American Tower,Real Estate,Telecom Tower REITs,170.47,2026-08-14,5,ok,,2026-04-28,2026-04-21,827600000.0,4629600000.0,1857100000.0,3777500000.0,1608800000.0,19266260000.0,3522600000.0,465893069.0,79420791472.43,17657460000,97078251472.43,0.0233830457436913,0.0475631120008583,42.766028470427,21.0246966174533,20.9690365198786,5.59400676655389,0.0688006228591322,5,5,4.67437723362012,22.5460715018537,3443200000,5,2280200000,ok,,https://data.sec.gov/api/xbrl/companyfacts/CIK0001053507.json,https://hfdatalibrary.com/pages/data
AMZN,0001018724,Amazon,Consumer Discretionary,Broadline Retail,268.67,2026-08-14,5,ok,,2026-07-31,2026-07-22,670038000000.0,76190000000.0,70623000000.0,116240000000.0,78213000000.0,132224000000.0,551620000000.0,10786313572.0,2897958867389.24,54011000000,2951969867389.24,0.0243699111104444,0.0401109902932198,41.0342079406035,24.9308230160809,38.7448466647754,0.113709968688343,0.111434824265392,3,5,0.464650722642808,5.25354205320554,7695000000,5,33364000000,ok,,https://data.sec.gov/api/xbrl/companyfacts/CIK0001018724.json,https://hfdatalibrary.com/pages/data
ANET,0001596532,Arista Networks,Information Technology,Communications Equipment,198.81,2026-08-14,5,ok,,2026-08-05,2026-07-30,7950900000.0,3429900000.0,3251600000.0,3991649000.0,2290200000.0,98793000.0,14797700000.0,1261224648.0,250744072268.88,-2191407000,248552665268.88,0.0129678040664236,0.0159192158118882,77.1140583924468,62.8171646026191,72.466446622024,0.431385126212127,0.322037111966714,5,5,-0.548997920408332,16.9448003587639,1999600000,5,2087300000,ok,,https://data.sec.gov/api/xbrl/companyfacts/CIK0001596532.json,https://hfdatalibrary.com/pages/data
AON,0000315293,Aon plc,Financials,Insurance Brokers,356.4,2026-08-14,5,ok,,2026-07-29,2026-07-28,16752000000.0,4034000000.0,2665000000.0,2912000000.0,1062000000.0,14967000000.0,9598000000.0,212125434.0,75601504677.6,13905000000,89506504677.6,0.0352506211531741,0.0385177518942,28.3682944381238,25.9620551777473,22.1880279319782,0.240807067812798,0.0895162233094236,5,5,4.77506868131868,7.8767977367785,3023000000,5,2646000000,ok,,https://data.sec.gov/api/xbrl/companyfacts/CIK0000315293.json,https://hfdatalibrary.com/pages/data
AOS,0000091142,A. O. Smith,Industrials,Building Products,62.53,2026-08-14,5,ok,,2026-07-30,2026-06-30,3790200000.0,695800000.0,185100000.0,494600000.0,181300000.0,637500000.0,1841900000.0,75732188.0,4735533715.64,456200000,5191733715.64,0.0390874632332723,0.104444404728128,25.5836505437061,9.57447172591994,7.46153164075884,0.183578702970819,0.0199716809394908,5,5,0.922361504245855,2.57100478616646,546000000,5,533600000,ok,,https://data.sec.gov/api/xbrl/companyfacts/CIK0000091142.json,https://hfdatalibrary.com/pages/data
APA,0001841666,APA Corporation,Energy,Oil & Gas Exploration & Production,40.48,2026-08-14,5,ok,,2026-08-06,2026-07-31,,2378000000.0,1369000000.0,,444000000.0,8715000000.0,7021000000.0,350351510.0,14182229124.8,8271000000,22453229124.8,0.096529254178109,,10.3595537799854,,9.44206439226241,,,,0,,2.01997281367327,,5,1692000000,partial,missing_revenue_ttm;missing_free_cash_flow_ttm;insufficient_revenue_history;insufficient_fcf_history,https://data.sec.gov/api/xbrl/companyfacts/CIK0001841666.json,https://hfdatalibrary.com/pages/data
APD,0000002969,Air Products,Materials,Industrial Gases,307.48,2026-08-14,5,ok,,2026-07-30,2026-06-30,12057900000.0,1530600000.0,1586500000.0,-6521000000.0,980500000.0,3782600000.0,13883800000.0,222685530.0,68471346764.4,2802100000,71273446764.4,0.0231702759616941,-0.0952369174574266,43.1587436271037,,46.56569107827,0.126937526434951,0.039155275488868,2,5,,4.93174395802302,-1420700000,5,2266500000,partial,nonpositive_free_cash_flow_ttm,https://data.sec.gov/api/xbrl/companyfacts/CIK0000002969.json,https://hfdatalibrary.com/pages/data
APH,0000820313,Amphenol,Information Technology,Electronic Components,167.53,2026-08-14,5,ok,,2026-07-31,2026-07-28,18818000000.0,4216800000.0,3205800000.0,2817300000.0,4729400000.0,3239300000.0,15491600000.0,1232983457.0,206561718551.21,-1490100000,205071618551.21,0.0155198166556947,0.0136390228536056,64.4337508737944,73.3190354421645,48.6320476549066,0.224083324476565,0.207135738731721,5,5,-0.528910659141731,13.3337885403193,2149300000,5,1945500000,ok,,https://data.sec.gov/api/xbrl/companyfacts/CIK0000820313.json,https://hfdatalibrary.com/pages/data
APO,0001858681,Apollo Global Management,Financials,Asset Management & Custody Banks,140.24,2026-08-14,5,ok,,2026-08-10,2026-08-05,25418000000.0,,5211000000.0,,12070000000.0,13727000000.0,21006000000.0,590543159.0,82817772618.16,1657000000,84474772618.16,0.062921276861983,,15.8928751905891,,,,0.523359409589625,,0,,3.94257700743407,,5,5401000000,partial,missing_operating_income_ttm;missing_free_cash_flow_ttm;insufficient_fcf_history,https://data.sec.gov/api/xbrl/companyfacts/CIK0001858681.json,https://hfdatalibrary.com/pages/data
APP,0001751008,AppLovin,Communication Services,Advertising,,,,excluded,ticker_unavailable,2026-08-05,2026-06-30,4252401000.0,2960297000.0,597412000.0,2850867000.0,3053306000.0,3515072000.0,3163016000.0,,,,,,,,,,,,,,,,,,,excluded,ticker_unavailable,https://data.sec.gov/api/xbrl/companyfacts/CIK0001751008.json,
APTV,0001521332,Aptiv,Consumer Discretionary,Automotive Parts & Equipment,49.565,2026-08-14,5,ok,,2026-08-04,2026-07-31,15947000000.0,1596000000.0,1029000000.0,1498000000.0,761000000.0,7653000000.0,8753000000.0,207633331.0,10291346051.015,6892000000,17183346051.015,0.0999869205543344,0.145559190466854,10.0013081156608,6.87005744393525,10.7665075507613,0.100081520035116,0.0690301330246661,5,5,4.60080106809079,1.17575071986919,990000000,5,609000000,ok,,https://data.sec.gov/api/xbrl/companyfacts/CIK0001521332.json,https://hfdatalibrary.com/pages/data
ARE,0001035443,Alexandria Real Estate Equities,Real Estate,Office REITs,48.21,2026-08-14,5,ok,,2026-08-03,2026-07-15,,,173981000.0,,470449000.0,12812874000.0,15553976000.0,174247570.0,8400475349.7,12342425000,20742900349.7,0.0207108517979537,,48.2838663400026,,,,,,0,,0.540085400009618,,5,510733000,partial,missing_revenue_ttm;missing_operating_income_ttm;missing_free_cash_flow_ttm;insufficient_revenue_history;insufficient_fcf_history,https://data.sec.gov/api/xbrl/companyfacts/CIK0001035443.json,https://hfdatalibrary.com/pages/data
ARES,0001176948,Ares Management,Financials,Asset Management & Custody Banks,,,,excluded,ticker_unavailable,2026-08-07,2026-06-30,4827669000.0,,1010075000.0,4040422000.0,152203000.0,202869000.0,3968073000.0,103332418.0,,,,,,,,,,,,,,,,,,excluded,ticker_unavailable,https://data.sec.gov/api/xbrl/companyfacts/CIK0001176948.json,
ATO,0000731802,Atmos Energy,Utilities,Gas Utilities,169.58,2026-08-14,5,ok,,2026-08-05,2026-07-31,4623219000.0,1525486000.0,-30070000.0,-1373760000.0,520953000.0,3529452000.0,15258058000.0,168988553.0,28657078817.74,3008499000,31665577817.74,-0.00104930443857332,-0.0479378937656961,,,20.7576980829323,0.329961872885537,0.0838738107196406,1,5,,1.87816030177235,-1466836000,5,885862000,partial,nonpositive_net_income_ttm;nonpositive_free_cash_flow_ttm,https://data.sec.gov/api/xbrl/companyfacts/CIK0000731802.json,https://hfdatalibrary.com/pages/data
AVB,0000915912,AvalonBay Communities,Real Estate,Multi-Family Residential REITs,183.83,2026-08-14,5,ok,,2026-07-30,2026-07-24,6792000.0,1956186000.0,1161063000.0,1603431000.0,80682000.0,9024780000.0,12022411000.0,142797963.0,26250549538.29,8944098000,35194647538.29,0.0442300454817691,0.0610818069793616,22.6090656047863,16.371486854308,17.9914627434661,288.013250883392,0.229259496512346,,0,5.57809971242916,2.18346798643716,,5,1056599000,partial,insufficient_fcf_history,https://data.sec.gov/api/xbrl/companyfacts/CIK0000915912.json,https://hfdatalibrary.com/pages/data
AVGO,0001730168,Broadcom,Information Technology,Semiconductors,415.51,2026-08-14,5,ok,,2026-06-09,2026-05-29,57046000000.0,20504000000.0,12917000000.0,22697000000.0,19628000000.0,64907000000.0,24941000000.0,4757580198.0,1976822148070.98,45279000000,2022101148070.98,0.00653422464565396,0.0114815589364719,153.040345906246,87.0961866357219,98.6198374985847,0.359429232549171,0.234781951830257,5,5,1.99493325109045,79.2599393797755,17633000000,5,11495000000,ok,,https://data.sec.gov/api/xbrl/companyfacts/CIK0001730168.json,https://hfdatalibrary.com/pages/data
AVY,0000008818,Avery Dennison,Materials,Paper & Plastic Packaging Products & Materials,179.715,2026-08-14,5,ok,,2026-08-04,2026-08-01,8737900000.0,,748900000.0,635300000.0,227300000.0,1454700000.0,2322800000.0,75788142.0,13620265939.53,1227400000,14847665939.53,0.0549842421084065,0.0466437294852058,18.1870288950861,21.4391089871399,,,0.0130478523574986,5,5,1.9320006296238,5.86372737193473,712400000,5,704900000,partial,missing_operating_income_ttm,https://data.sec.gov/api/xbrl/companyfacts/CIK0000008818.json,https://hfdatalibrary.com/pages/data
AWK,0001410636,American Water Works,Utilities,Water Utilities,136.04,2026-08-14,5,ok,,2026-07-29,2026-07-20,4912000000.0,1803000000.0,632000000.0,-908000000.0,191000000.0,5596229000.0,11665000000.0,198728989.0,27035091663.56,5405229000,32440320663.56,0.0233770244933868,-0.0335859782278406,42.7770437714557,,17.9924130136217,0.367060260586319,0.0695051726616089,0,5,,2.31762466039949,-811000000,5,1051000000,partial,nonpositive_free_cash_flow_ttm,https://data.sec.gov/api/xbrl/companyfacts/CIK0001410636.json,https://hfdatalibrary.com/pages/data
AXON,0001069183,Axon Enterprise,Industrials,Aerospace & Defense,613.15,2026-08-14,5,ok,,2026-08-06,2026-07-31,2391590000.0,-1503000.0,377034000.0,176489000.0,597704000.0,1731817000.0,3674537000.0,81237415.0,49810721007.25,1134113000,50944834007.25,0.00756933431951572,0.00354319304019534,132.11201378987,282.231306241465,,-0.000628452201255232,0.339491146451308,5,5,6.42596989047476,13.5556455159521,129628000,5,146930000,partial,nonpositive_operating_income_ttm,https://data.sec.gov/api/xbrl/companyfacts/CIK0001069183.json,https://hfdatalibrary.com/pages/data
AXP,0000004962,American Express,Financials,Consumer Finance,342.51,2026-08-14,5,ok,,2026-07-24,2026-07-14,39615000000.0,2148000000.0,10146000000.0,11095000000.0,43440000000.0,57017000000.0,34280000000.0,675309833.0,231300370900.83,13577000000,244877370900.83,0.0438650399067025,0.0479679299985082,22.7971979992933,20.8472619108454,114.002500419381,0.0542218856493752,0.104878443413249,5,5,1.22370437133844,6.74738538217124,16003000000,5,8374000000,ok,,https://data.sec.gov/api/xbrl/companyfacts/CIK0000004962.json,https://hfdatalibrary.com/pages/data
AZO,0000866787,AutoZone,Consumer Discretionary,Automotive Retail,3045.46,2026-08-14,5,ok,,2026-06-12,2026-06-05,18901371000.0,3710771000.0,2563505000.0,2002423000.0,253729000.0,9516477000.0,-2784552000.0,16325355.0,49718215638.3,9262748000,58980963638.3,0.0515606798652932,0.0402754397818222,19.3946240160639,24.8290274523914,15.8945307156653,0.196322848749966,0.0665733898164289,5,5,4.62576987979063,,2144131000,5,2498247000,partial,nonpositive_stockholders_equity,https://data.sec.gov/api/xbrl/companyfacts/CIK0000866787.json,https://hfdatalibrary.com/pages/data
BA,0000012927,Boeing,Industrials,Aerospace & Defense,231.68,2026-08-14,5,ok,,2026-07-28,2026-07-21,76559000000.0,-9246000000.0,-10678000000.0,-8544000000.0,7239000000.0,45596000000.0,6100000000.0,790370020.0,183112926233.6,38357000000,221469926233.6,-0.0583137423426783,-0.0466597316516055,,,,-0.120769602528769,0.0947436802085602,2,5,,30.0185124973115,-1877000000,5,-4290000000,partial,nonpositive_operating_income_ttm;nonpositive_net_income_ttm;nonpositive_free_cash_flow_ttm,https://data.sec.gov/api/xbrl/companyfacts/CIK0000012927.json,https://hfdatalibrary.com/pages/data
BAC,0000070858,Bank of America,Financials,Diversified Banks,64.11,2026-08-14,5,ok,,2026-07-31,2026-07-30,110351000000.0,,,,301006000000.0,339863000000.0,301094000000.0,6992748365.0,448305097680.15,38857000000,487162097680.15,,,,,,,0.0613948444088839,,0,,1.48892072801235,,5,27528000000,partial,missing_operating_income_ttm;missing_net_income_ttm;missing_free_cash_flow_ttm;insufficient_fcf_history,https://data.sec.gov/api/xbrl/companyfacts/CIK0000070858.json,https://hfdatalibrary.com/pages/data
BALL,0000009389,Ball Corporation,Materials,"Metal, Glass & Plastic Containers",,,,excluded,ticker_unavailable,2026-08-04,2026-07-31,11214000000.0,1202000000.0,563000000.0,376000000.0,491000000.0,8371000000.0,5746000000.0,264703357.0,,,,,,,,,,,,,,,,,,excluded,ticker_unavailable,https://data.sec.gov/api/xbrl/companyfacts/CIK0000009389.json,
BAX,0000010456,Baxter International,Health Care,Health Care Equipment,27.125,2026-08-14,5,ok,,2026-07-30,2026-07-23,10887000000.0,-31000000.0,-149000000.0,252000000.0,2150000000.0,9438000000.0,6206000000.0,516995999.0,14023516472.875,7288000000,21311516472.875,-0.0106250098032261,0.017969815237671,,55.6488748923611,,-0.00284743271792046,-0.019106036018656,5,5,28.9206349206349,2.25967071751128,834000000,5,-638000000,partial,nonpositive_operating_income_ttm;nonpositive_net_income_ttm,https://data.sec.gov/api/xbrl/companyfacts/CIK0000010456.json,https://hfdatalibrary.com/pages/data
BBY,0000764478,Best Buy,Consumer Discretionary,Computer & Electronics Retail,83.78,2026-08-14,5,ok,,2026-06-05,2026-06-03,41691000000.0,1169000000.0,1100000000.0,1256000000.0,1749000000.0,1165000000.0,3083000000.0,210767126.0,17658069816.28,-584000000,17074069816.28,0.0622944643126196,0.0711289519787729,16.0527907420727,14.0589727836624,14.6057055742344,0.0280396248590823,-0.0525800894431009,5,5,-0.464968152866242,5.72756075779436,1258000000,5,1241000000,ok,,https://data.sec.gov/api/xbrl/companyfacts/CIK0000764478.json,https://hfdatalibrary.com/pages/data
BDX,0000010795,Becton Dickinson,Health Care,Health Care Equipment,181.935,2026-08-14,5,ok,,2026-08-06,2026-06-30,18976000000.0,2027000000.0,1516981000.0,3987000000.0,708000000.0,16808000000.0,24416000000.0,272386800.0,49556692458,16100000000,65656692458,0.0306110219378677,0.0804533111926112,32.667971753107,12.429569214447,32.3910668268377,0.106819139966273,0.0336617489340645,5,5,4.03812390268372,2.02968104759174,2670000000,5,1705000000,ok,,https://data.sec.gov/api/xbrl/companyfacts/CIK0000010795.json,https://hfdatalibrary.com/pages/data
BEN,0000038777,Franklin Resources,Financials,Asset Management & Custody Banks,33.59,2026-08-14,5,ok,,2026-07-31,2026-07-22,8638200000.0,368000000.0,304700000.0,1451900000.0,4544300000.0,1815671000.0,11738200000.0,508076910.0,17066303406.9,-2728629000,14337674406.9,0.0178538956407401,0.0850740764056139,56.0101851227437,11.7544620200427,38.9610717578804,0.0426014678984048,0.0100887958245834,5,5,-1.87935050623321,1.45391145208805,940400000,5,1025700000,ok,,https://data.sec.gov/api/xbrl/companyfacts/CIK0000038777.json,https://hfdatalibrary.com/pages/data
BF-B,0000014693,Brown–Forman,Consumer Staples,Distillers & Vintners,,2026-03-27,,excluded,stale_price,2026-06-12,2026-04-30,3928000000.0,1001000000.0,715000000.0,893000000.0,308000000.0,2434000000.0,4020000000.0,,,,,,,,,,,,,,,,,,,excluded,stale_price,https://data.sec.gov/api/xbrl/companyfacts/CIK0000014693.json,https://hfdatalibrary.com/pages/data
BG,0001996862,Bunge Global,Consumer Staples,Agricultural Products & Services,,,,excluded,ticker_unavailable,2026-04-29,2026-04-27,15269000000.0,,1140000000.0,-829000000.0,839000000.0,14553000000.0,16045000000.0,194018115.0,,,,,,,,,,,,,,,,,,excluded,ticker_unavailable,https://data.sec.gov/api/xbrl/companyfacts/CIK0001996862.json,
BIIB,0000875045,Biogen,Health Care,Biotechnology,208.885,2026-08-14,5,ok,,2026-04-29,2026-04-27,9816400000.0,3704100000.0,1479300000.0,2436700000.0,2913700000.0,6288500000.0,14799400000.0,147637117.0,30839179184.545,3374800000,34213979184.545,0.0479682027575283,0.0790131276003983,20.8471433681775,12.6561247525526,9.23678604372047,0.377337924289964,-0.0258215930751692,5,5,1.38498789346247,2.08381280217745,2050800000,5,1632200000,ok,,https://data.sec.gov/api/xbrl/companyfacts/CIK0000875045.json,https://hfdatalibrary.com/pages/data
BKNG,0001075531,Booking Holdings,Consumer Discretionary,"Hotels, Resorts & Cruise Lines",212.68,2026-08-14,5,ok,,2026-08-04,2026-07-27,17276000000.0,8220000000.0,2551360000.0,9240000000.0,17214000000.0,20180000000.0,-10783000000.0,751380500.0,159803604740,2966000000,162769604740,0.0159655972977021,0.0578209735320643,62.6346751301267,17.2947624177489,19.8016550778589,0.475804584394536,0.251906331954318,5,5,0.320995670995671,,6999000000,5,4289000000,partial,nonpositive_stockholders_equity,https://data.sec.gov/api/xbrl/companyfacts/CIK0001075531.json,https://hfdatalibrary.com/pages/data
BKR,0001701605,Baker Hughes,Energy,Oil & Gas Equipment & Services,64.285,2026-08-14,5,ok,,2026-07-27,2026-07-23,27609000000.0,3081000000.0,3084000000.0,2165000000.0,5631000000.0,27000000.0,19908000000.0,992674071.0,63814052654.235,-5604000000,58210052654.235,0.0483279132373883,0.0339266965495933,20.6919755688181,29.4753130042656,18.8932335781353,0.111594045419972,0.078448677242029,5,5,-2.58845265588915,3.20544769209539,1838000000,5,1970000000,ok,,https://data.sec.gov/api/xbrl/companyfacts/CIK0001701605.json,https://hfdatalibrary.com/pages/data
BLDR,0001316835,Builders FirstSource,Industrials,Building Products,,,,excluded,ticker_unavailable,2026-07-30,2026-07-23,15944360000.0,1227897000.0,2807312000.0,1188826000.0,65651000.0,408868000.0,4005175000.0,107596457.0,,,,,,,,,,,,,,,,,,excluded,ticker_unavailable,https://data.sec.gov/api/xbrl/companyfacts/CIK0001316835.json,
BLK,0002012383,BlackRock,Financials,Asset Management & Custody Banks,1161.24,2026-08-14,5,ok,,2026-08-06,2026-06-30,21573000000.0,7510000000.0,6532000000.0,3884000000.0,10492000000.0,12744000000.0,57613000000.0,154926181.0,179906478424.44,2252000000,182158478424.44,0.0363077531015283,0.0215889946488573,27.542326764305,46.3198966077343,24.2554565145726,0.348120335604691,,4,4,0.579814624098867,3.1226715919053,4122000000,4,5809000000,partial,insufficient_revenue_history,https://data.sec.gov/api/xbrl/companyfacts/CIK0002012383.json,https://hfdatalibrary.com/pages/data
BMY,0000014272,Bristol Myers Squibb,Health Care,Pharmaceuticals,63.93,2026-08-14,5,ok,,2026-07-30,2026-07-22,47704000000.0,,5066000000.0,14578000000.0,8722000000.0,43120000000.0,22319000000.0,2042714656.0,130590747958.08,34398000000,164988747958.08,0.0387929472739233,0.111631185424251,25.7778815550888,8.9580702399561,,,0.00961028890177218,5,5,2.35958293318699,5.85110210843138,12845000000,5,7014000000,partial,missing_operating_income_ttm,https://data.sec.gov/api/xbrl/companyfacts/CIK0000014272.json,https://hfdatalibrary.com/pages/data
BNY,0001390777,BNY Mellon,Financials,Asset Management & Custody Banks,,,,excluded,ticker_unavailable,2026-07-31,2026-06-30,,,5003000000.0,2380000000.0,7483000000.0,30368000000.0,44664000000.0,678504142.0,,,,,,,,,,,,,,,,,,excluded,ticker_unavailable,https://data.sec.gov/api/xbrl/companyfacts/CIK0001390777.json,
BR,0001383312,Broadridge Financial Solutions,Industrials,Data Processing & Outsourced Services,170.995,2026-08-14,5,ok,,2026-08-04,2026-07-31,7476800000.0,1300600000.0,482100000.0,1278400000.0,402900000.0,3254600000.0,2840500000.0,114021798.0,19497157349.01,2851700000,22348857349.01,0.0247266815038798,0.0655685327412569,40.4421434329185,15.2512182016661,17.1834978848301,0.173951423068692,0.0697601775944916,5,5,2.23067897371715,6.86398780109488,998800000,5,698100000,ok,,https://data.sec.gov/api/xbrl/companyfacts/CIK0001383312.json,https://hfdatalibrary.com/pages/data
BRK-B,0001067983,Berkshire Hathaway,Financials,Multi-Sector Holdings,,2026-03-27,,excluded,stale_price,2026-08-10,2026-06-30,245667000000.0,18986000000.0,63360000000.0,8225000000.0,31583000000.0,,747910000000.0,941481.0,,,,,,,,,,,,,,,,,,excluded,stale_price,https://data.sec.gov/api/xbrl/companyfacts/CIK0001067983.json,https://hfdatalibrary.com/pages/data
BRO,0000079282,Brown & Brown,Financials,Insurance Brokers,71.4,2026-08-14,5,ok,,2026-07-27,2026-07-24,5059000000.0,,1018000000.0,1264000000.0,918000000.0,7347212000.0,5578800000.0,334610357.0,23891179489.8,6429212000,30320391489.8,0.0426098678147984,0.0529065549291799,23.4687421314342,18.9012495963608,,,0.179297954021477,5,5,5.08640189873418,4.28249435179609,941000000,5,871000000,partial,missing_operating_income_ttm,https://data.sec.gov/api/xbrl/companyfacts/CIK0000079282.json,https://hfdatalibrary.com/pages/data
BSX,0000885725,Boston Scientific,Health Care,Health Care Equipment,51.625,2026-08-14,5,ok,,2026-08-03,2026-07-30,18494000000.0,3148000000.0,2498000000.0,3485000000.0,539000000.0,4808000000.0,24930000000.0,1449229526.0,74816474279.75,4269000000,79085474279.75,0.0333883683245966,0.0465806499644592,29.9505501520216,21.4681418306313,25.1224505335928,0.170217367794961,0.139935064648873,5,5,1.22496413199426,3.00106194463498,1792000000,5,1592000000,ok,,https://data.sec.gov/api/xbrl/companyfacts/CIK0000885725.json,https://hfdatalibrary.com/pages/data
BX,0001393818,Blackstone Inc.,Financials,Asset Management & Custody Banks,146.45,2026-08-14,5,ok,,2026-08-07,2026-07-31,13747117000.0,,5728370000.0,3280279000.0,2507073000.0,13318636000.0,9014543000.0,750625114.0,109929047945.3,10811563000,120740610945.3,0.052109702640656,0.02983996551696,19.1902841375994,33.5121030696779,,,-0.105556983182467,5,5,3.29592787686657,12.1946334878318,3921672000,5,5437809000,partial,missing_operating_income_ttm,https://data.sec.gov/api/xbrl/companyfacts/CIK0001393818.json,https://hfdatalibrary.com/pages/data
BXP,0001037540,"BXP, Inc.",Real Estate,Office REITs,68.005,2026-08-14,5,ok,,2026-08-06,2026-07-31,3501519000.0,878346000.0,441516000.0,,493949000.0,3300000000.0,5155145000.0,159661556.0,10857784115.78,2806051000,13663835115.78,0.0406635456454075,,24.5920512864313,,15.5563241772377,0.250847132344562,0.0478348370410537,,0,,2.10620343671807,,5,383995000,partial,missing_free_cash_flow_ttm;insufficient_fcf_history,https://data.sec.gov/api/xbrl/companyfacts/CIK0001037540.json,https://hfdatalibrary.com/pages/data
C,0000831001,Citigroup,Financials,Diversified Banks,137.57,2026-08-14,5,ok,,2026-02-20,2026-01-31,85225000000.0,,14452000000.0,-74152000000.0,188105000000.0,315827000000.0,212291000000.0,1749319009.0,240653816068.13,127722000000,368375816068.13,0.0600530680797872,-0.308127256037391,16.6519385599315,,,,0.0434780406874171,2,5,,1.13360347856541,-26169000000,5,14452000000,partial,missing_operating_income_ttm;nonpositive_free_cash_flow_ttm,https://data.sec.gov/api/xbrl/companyfacts/CIK0000831001.json,https://hfdatalibrary.com/pages/data
CAH,0000721371,Cardinal Health,Health Care,Health Care Distributors,234.22,2026-08-14,5,ok,,2026-08-11,2026-07-31,254248000000.0,2613000000.0,1705000000.0,4525000000.0,4856000000.0,2502000000.0,-2883000000.0,232575728.0,54473887012.16,-2354000000,52119887012.16,0.0312994003827816,0.0830673235965317,31.9494938487742,12.0384280689856,19.9463784968083,0.0102773669802712,0.0881746701056014,5,5,-0.520220994475138,,2788000000,5,853000000,partial,nonpositive_stockholders_equity,https://data.sec.gov/api/xbrl/companyfacts/CIK0000721371.json,https://hfdatalibrary.com/pages/data
CARR,0001783180,Carrier Global,Industrials,Building Products,63.385,2026-08-14,5,ok,,2026-04-30,2026-04-15,22284000000.0,2890000000.0,1790000000.0,526000000.0,1371000000.0,12158000000.0,2697000000.0,830580423.0,52646340111.855,10787000000,63433340111.855,0.0340004641575631,0.00999119784741797,29.4113631909804,100.088099071968,21.9492526338599,0.129689463292048,0.013478216308676,5,5,20.5076045627376,19.5203337455895,1893000000,5,1701000000,ok,,https://data.sec.gov/api/xbrl/companyfacts/CIK0001783180.json,https://hfdatalibrary.com/pages/data
CASY,0000726958,Casey's,Consumer Staples,Food Retail,,,,excluded,ticker_unavailable,2026-06-22,2026-06-16,17561101000.0,,714448000.0,721620000.0,522991000.0,2431594000.0,3951719000.0,37004914.0,,,,,,,,,,,,,,,,,,excluded,ticker_unavailable,https://data.sec.gov/api/xbrl/companyfacts/CIK0000726958.json,
CAT,0000018230,Caterpillar Inc.,Industrials,Construction Machinery & Heavy Transportation Equipment,853.45,2026-08-14,5,ok,,2026-08-05,2026-06-30,63139000000.0,11510000000.0,9435000000.0,8961000000.0,6713000000.0,30696000000.0,19394000000.0,459674889.0,392309534017.05,23983000000,416292534017.05,0.024049887096524,0.0228416574745047,41.5802367797615,43.7796600844828,36.1679004358862,0.182296203614248,0.0730935577022467,5,5,2.67637540453074,20.2283971340131,8918000000,5,8882000000,ok,,https://data.sec.gov/api/xbrl/companyfacts/CIK0000018230.json,https://hfdatalibrary.com/pages/data
CB,0000896159,Chubb Limited,Financials,Property & Casualty Insurance,344.645,2026-08-14,5,ok,,2026-04-28,2026-04-21,56212000000.0,,8689000000.0,,2285000000.0,15970000000.0,73788000000.0,387860106.0,133674046232.37,13685000000,147359046232.37,0.0650013988870781,,15.3842842942076,,,,0.0979964356959528,,0,,1.81159600791958,,5,9015000000,partial,missing_operating_income_ttm;missing_free_cash_flow_ttm;insufficient_fcf_history,https://data.sec.gov/api/xbrl/companyfacts/CIK0000896159.json,https://hfdatalibrary.com/pages/data
CBOE,0001374310,Cboe Global Markets,Financials,Financial Exchanges & Data,290.5,2026-08-14,5,ok,,2026-07-31,2026-07-24,2229100000.0,1298900000.0,900700000.0,-110600000.0,2276200000.0,1443800000.0,5625800000.0,104431019.0,30337211019.5,-832400000,29504811019.5,0.029689611197979,-0.00364568779670976,33.6818152764516,,22.7152290549696,0.582701538737607,,5,5,,5.39251502355221,1030600000,5,761400000,partial,nonpositive_free_cash_flow_ttm;insufficient_revenue_history,https://data.sec.gov/api/xbrl/companyfacts/CIK0001374310.json,https://hfdatalibrary.com/pages/data
CBRE,0001138118,CBRE Group,Real Estate,Real Estate Services,147.66,2026-08-14,5,ok,,2026-07-29,2026-07-27,37467000000.0,1613000000.0,1177000000.0,1193371000.0,1489000000.0,7402914000.0,8398000000.0,289575298.0,42758688502.68,5913914000,48672602502.68,0.0275265692474695,0.027909438801548,36.3285373854545,35.8301722621716,30.1752030394792,0.0430512184055302,0.10306894188907,5,5,4.9556374337905,5.09153232944511,1369000000,5,1277000000,ok,,https://data.sec.gov/api/xbrl/companyfacts/CIK0001138118.json,https://hfdatalibrary.com/pages/data
CCI,0001051470,Crown Castle,Real Estate,Telecom Tower REITs,73.75,2026-08-14,5,ok,,2026-08-05,2026-08-03,205000000.0,2131000000.0,-4638000000.0,2879000000.0,1042000000.0,8284623000.0,7089221000.0,425455439.0,31377338626.25,7242623000,38619961626.25,-0.147813683475369,0.0917541170171601,,10.8986935138069,18.1229289658611,10.3951219512195,-0.232922790508021,5,5,2.51567315039944,4.42606298015678,2767000000,5,1096000000,partial,nonpositive_net_income_ttm,https://data.sec.gov/api/xbrl/companyfacts/CIK0001051470.json,https://hfdatalibrary.com/pages/data
CCL,0000815097,Carnival Corporation,Consumer Discretionary,"Hotels, Resorts & Cruise Lines",27.825,2026-08-14,5,ok,,2026-06-26,2026-06-19,25973000000.0,4215000000.0,1295000000.0,2806000000.0,2243000000.0,24889000000.0,12968000000.0,1369649119.0,38110486736.175,22646000000,60756486736.175,0.0339801485340456,0.0736280284065883,29.4289472866216,13.5817842965699,14.4143503525919,0.162283910214453,0.932678881393158,3,5,8.07056307911618,2.93880989637377,997000000,5,-74000000,ok,,https://data.sec.gov/api/xbrl/companyfacts/CIK0000815097.json,https://hfdatalibrary.com/pages/data
CDNS,0000813672,Cadence Design Systems,Information Technology,Application Software,324.8,2026-08-14,5,ok,,2026-05-01,2026-03-31,4874527000.0,1462327000.0,1081420000.0,1378338000.0,1406668000.0,299879000.0,6561463000.0,275816000.0,89585036800,-1106789000,88478247800,0.0120714355725978,0.015385806036751,82.8401886408611,64.9949698840197,60.5051043986742,0.299993619893787,0.15395754139531,5,5,-0.802988091455071,13.6532106940175,1118679000,5,1041144000,ok,,https://data.sec.gov/api/xbrl/companyfacts/CIK0000813672.json,https://hfdatalibrary.com/pages/data
CDW,0001402057,CDW Corporation,Information Technology,Technology Distributors,136.72,2026-08-14,5,ok,,2026-08-05,2026-07-31,21878300000.0,1671800000.0,1076700000.0,1018900000.0,361800000.0,5817000000.0,2442100000.0,125017426.0,17092382482.72,5455200000,22547582482.72,0.062992973688046,0.0596113503211202,15.8747863682734,16.7753287689862,13.4870095003709,0.0764136153174607,0.0187186027991031,5,5,5.35400922563549,6.99905101458581,1154700000,5,1077800000,ok,,https://data.sec.gov/api/xbrl/companyfacts/CIK0001402057.json,https://hfdatalibrary.com/pages/data
CEG,0001868275,Constellation Energy,Utilities,Electric Utilities,278.655,2026-08-14,5,ok,,2026-08-06,2026-07-31,20568000000.0,3841000000.0,3008000000.0,-2398000000.0,697000000.0,19474000000.0,31977000000.0,354307379.0,98729522695.245,18777000000,117506522695.245,0.0304670773025511,-0.0242885809080843,32.8223147258128,,30.5926901055051,0.186746402178141,0.0705483669504618,1,5,,3.08751673688104,-4042000000,5,1577000000,partial,nonpositive_free_cash_flow_ttm,https://data.sec.gov/api/xbrl/companyfacts/CIK0001868275.json,https://hfdatalibrary.com/pages/data
CF,0001324404,CF Industries,Materials,Fertilizers & Agricultural Chemicals,118.295,2026-08-14,5,ok,,2026-08-06,2026-08-03,6447000000.0,1908000000.0,1576000000.0,1787000000.0,287000000.0,3715000000.0,5748000000.0,151338130.0,17902544088.35,3428000000,21330544088.35,0.0880321809136376,0.0998182152872274,11.3594822895622,10.0182115771405,11.1795304446279,0.295951605397859,0.0202538217192971,5,5,1.91829882484611,3.11456925684586,2258000000,5,1798000000,ok,,https://data.sec.gov/api/xbrl/companyfacts/CIK0001324404.json,https://hfdatalibrary.com/pages/data
CFG,0000759944,Citizens Financial Group,Financials,Regional Banks,73.91,2026-08-14,5,ok,,2026-08-03,2026-07-24,1514000000.0,,1592000000.0,1160000000.0,4074000000.0,15190000000.0,26183000000.0,421176788.0,31129176401.08,11116000000,42245176401.08,0.0511417321000747,0.0372640761533207,19.5535027644975,26.8354968974828,,,0.0539621166506556,,0,9.58275862068966,1.18890793266929,,5,1831000000,partial,missing_operating_income_ttm;insufficient_fcf_history,https://data.sec.gov/api/xbrl/companyfacts/CIK0000759944.json,https://hfdatalibrary.com/pages/data
CHD,0000313927,Church & Dwight,Consumer Staples,Household Products,101.61,2026-08-14,5,ok,,2026-07-31,2026-07-29,6066000000.0,722200000.0,785900000.0,930600000.0,254800000.0,2206300000.0,4347800000.0,237203907.0,24102288990.27,1951500000,26053788990.27,0.0326068615440328,0.038610440708585,30.6683916405013,25.8997302710832,36.0755870815148,0.119057039235081,0.0455856566527588,5,5,2.09703417150226,5.54355972912047,875000000,5,736800000,ok,,https://data.sec.gov/api/xbrl/companyfacts/CIK0000313927.json,https://hfdatalibrary.com/pages/data
CHRW,0001043277,C.H. Robinson,Industrials,Air Freight & Logistics,148.53,2026-08-14,5,ok,,2026-07-31,2026-07-29,17012580000.0,756690000.0,534308000.0,691589000.0,154590000.0,1685017000.0,1627690000.0,116851258.0,17355917350.74,1530427000,18886344350.74,0.0307853505638651,0.0398474471861041,32.4829823823338,25.0957105314573,24.9591567890946,0.0444782625562966,-0.084442013661985,5,5,2.21291402841861,10.6629133008988,701957000,5,587081000,ok,,https://data.sec.gov/api/xbrl/companyfacts/CIK0001043277.json,https://hfdatalibrary.com/pages/data
CHTR,0001091667,Charter Communications,Communication Services,Cable & Satellite,154.41,2026-08-14,5,ok,,2026-07-24,2026-06-30,55222000000.0,13240000000.0,6054000000.0,4303000000.0,509000000.0,99960000000.0,16952000000.0,270927828.0,41833965921.48,99451000000,141284965921.48,0.144714943148422,0.102859002373251,6.91013642574827,9.72204646095282,10.6710699336465,0.239759516134874,0.0146322375628458,5,5,23.1120148733442,2.46778940074799,4418000000,5,5766000000,ok,,https://data.sec.gov/api/xbrl/companyfacts/CIK0001091667.json,https://hfdatalibrary.com/pages/data
CI,0001739940,Cigna,Health Care,Health Care Services,278,2026-08-14,5,ok,,2026-07-30,2026-07-24,262023000000.0,9026000000.0,5402000000.0,4242000000.0,6298000000.0,42315000000.0,42620000000.0,264240486.0,73458855108,36017000000,109475855108,0.0735377646719095,0.0577466119471011,13.5984552217697,17.3170332644979,12.1289447272324,0.0344473576747079,0.121017281302723,,0,8.49057048561999,1.72357707902393,,5,5420000000,partial,insufficient_fcf_history,https://data.sec.gov/api/xbrl/companyfacts/CIK0001739940.json,https://hfdatalibrary.com/pages/data
CIEN,0000936395,Ciena,Information Technology,Communications Equipment,428.715,2026-08-14,5,ok,,2026-06-04,2026-05-29,4264558000.0,199458000.0,709782000.0,291889000.0,1045126000.0,1531119000.0,2892225000.0,141552922.0,60685860955.23,485993000,61171853955.23,0.0116960028057216,0.00480983536206788,85.4992954952788,207.907324206222,306.690400762216,0.0467710838966195,0.0712213014797898,4,5,1.66499251427769,20.9824135242694,377891000,5,152902000,ok,,https://data.sec.gov/api/xbrl/companyfacts/CIK0000936395.json,https://hfdatalibrary.com/pages/data
CINF,0000020286,Cincinnati Financial,Financials,Property & Casualty Insurance,173.2,2026-08-14,5,ok,,2026-07-27,2026-07-22,,,1820000000.0,2588000000.0,1750000000.0,791000000.0,16671000000.0,153478045.0,26582397394,-959000000,25623397394,0.0684663603897065,0.0973576597189893,14.6057128538462,10.271405484544,,,0.0702798860687208,5,5,-0.370556414219474,1.59452926603083,2037000000,5,2292000000,partial,missing_revenue_ttm;missing_operating_income_ttm,https://data.sec.gov/api/xbrl/companyfacts/CIK0000020286.json,https://hfdatalibrary.com/pages/data
CL,0000021665,Colgate-Palmolive,Consumer Staples,Household Products,92.375,2026-08-14,5,ok,,2026-07-31,2026-06-30,19998000000.0,4285000000.0,3053000000.0,3224000000.0,1370000000.0,8938000000.0,236000000.0,797172829.0,73638840078.875,7568000000,81206840078.875,0.04145909952859,0.0437812436554779,24.1201572482394,22.8408312899736,18.95142125528,0.214271427142714,0.0400233241890049,5,5,2.34739454094293,312.028983385064,3040000000,5,2338000000,ok,,https://data.sec.gov/api/xbrl/companyfacts/CIK0000021665.json,https://hfdatalibrary.com/pages/data
CLX,0000021076,Clorox,Consumer Staples,Household Products,106.53,2026-08-14,5,ok,,2026-04-30,2026-04-16,7019000000.0,,709000000.0,801000000.0,1187000000.0,3125000000.0,-67000000.0,120921351.0,12881751522.03,1938000000,14819751522.03,0.0550390992084802,0.0621809851424438,18.1689020056841,16.0820867940449,,,-0.00817053662309586,5,5,2.41947565543071,,761000000,5,471000000,partial,missing_operating_income_ttm;nonpositive_stockholders_equity,https://data.sec.gov/api/xbrl/companyfacts/CIK0000021076.json,https://hfdatalibrary.com/pages/data
CMCSA,0001166691,Comcast,Communication Services,Cable & Satellite,25.67,2026-08-14,5,ok,,2026-07-23,2026-06-30,124184000000.0,22502000000.0,22601000000.0,19453000000.0,7661000000.0,6117000000.0,89763000000.0,2063073161.0,52959088042.87,-1544000000,51415088042.87,0.426763391048287,0.367321279857632,2.34321879752533,2.72241238075721,2.2849119208457,0.181198866198544,0.01536965480863,5,5,-0.0793707911376137,0.589987946513263,16259000000,5,15107000000,ok,,https://data.sec.gov/api/xbrl/companyfacts/CIK0001166691.json,https://hfdatalibrary.com/pages/data
CME,0001156375,CME Group,Financials,Financial Exchanges & Data,263.705,2026-08-14,5,ok,,2026-07-24,2026-06-30,6444000000.0,4208600000.0,3626800000.0,4107400000.0,2144200000.0,,26520400000.0,66643583.0,17574246055.015,,,0.206370161692658,0.233716996287753,4.84566175554621,4.27867898305863,,0.653103662321539,0.0858876394966657,5,5,,0.662668966343456,3377400000,5,3226200000,partial,missing_total_debt,https://data.sec.gov/api/xbrl/companyfacts/CIK0001156375.json,https://hfdatalibrary.com/pages/data
CMG,0001058090,Chipotle Mexican Grill,Consumer Discretionary,Restaurants,32.62,2026-08-14,5,ok,,2026-07-31,2026-07-24,11577533000.0,1927295000.0,1541878000.0,1465861000.0,228199000.0,0.0,2199791000.0,1265418000.0,41277935160,-228199000,41049736160,0.0373535641747444,0.0355119749647865,26.7712070345384,28.1595152337091,21.2991452579911,0.166468538677454,0.121178042015015,5,5,-0.155675742788709,18.7644804256404,1222746000,5,1228737000,ok,,https://data.sec.gov/api/xbrl/companyfacts/CIK0001058090.json,https://hfdatalibrary.com/pages/data
CMI,0000026172,Cummins,Industrials,Construction Machinery & Heavy Transportation Equipment,633.57,2026-08-14,5,ok,,2026-08-04,2026-06-30,34672000000.0,4142000000.0,3066000000.0,1652000000.0,3179000000.0,1518000000.0,12847000000.0,137664487.0,87220089028.59,-1661000000,85559089028.59,0.035152452080105,0.0189405906185041,28.4475176218493,52.7966640608898,20.6564676553815,0.119462390401477,0.0880835773379003,5,5,-1.00544794188862,6.78914057979217,1522000000,5,2183000000,ok,,https://data.sec.gov/api/xbrl/companyfacts/CIK0000026172.json,https://hfdatalibrary.com/pages/data
CMS,0000811156,CMS Energy,Utilities,Multi-Utilities,69.935,2026-08-14,5,ok,,2026-07-28,2026-07-13,7796000000.0,1603000000.0,990000000.0,-731000000.0,241000000.0,19246000000.0,9774000000.0,313577136.0,21930017006.16,19005000000,40935017006.16,0.0451436038431669,-0.033333307484197,22.1515323294545,,25.5365046825702,0.205618265777322,0.0408854571664346,0,2,,2.2437095361326,,5,947000000,partial,nonpositive_free_cash_flow_ttm;insufficient_fcf_history,https://data.sec.gov/api/xbrl/companyfacts/CIK0000811156.json,https://hfdatalibrary.com/pages/data
CNC,0001071739,Centene Corporation,Health Care,Managed Health Care,66.555,2026-08-14,5,ok,,2026-07-28,2026-07-24,158151000000.0,1916000000.0,2045000000.0,1080000000.0,24151000000.0,16105000000.0,22562000000.0,493995000.0,32877837225,-8046000000,24831837225,0.0621999551249375,0.0328488760562017,16.0771820171149,30.442441875,12.9602490735908,0.0121150040151501,0.102918729482179,4,5,-7.45,1.45722175449871,4321000000,5,1336000000,ok,,https://data.sec.gov/api/xbrl/companyfacts/CIK0001071739.json,https://hfdatalibrary.com/pages/data
CNP,0001130310,CenterPoint Energy,Utilities,Multi-Utilities,40.49,2026-08-14,5,ok,,2026-04-23,2026-04-15,8914000000.0,2023000000.0,437000000.0,-2695000000.0,639000000.0,24890000000.0,11449000000.0,654169480.0,26487322245.2,24251000000,50738322245.2,0.0164984589968959,-0.101746789465983,60.611721384897,,25.0807326965892,0.226946376486426,0.0312385613117112,0,5,,2.31350530572102,-2384000000,5,1052000000,partial,nonpositive_free_cash_flow_ttm,https://data.sec.gov/api/xbrl/companyfacts/CIK0001130310.json,https://hfdatalibrary.com/pages/data
COF,0000927628,Capital One,Financials,Consumer Finance,222.59,2026-08-14,5,ok,,2026-05-07,2026-04-30,6014000000.0,,4874000000.0,18511000000.0,79256000000.0,43878000000.0,112261000000.0,622292783.0,138516150567.97,-35378000000,103138150567.97,0.0351872325358069,0.133637846013607,28.4193989675769,7.48291019220842,,,0.139600310578637,5,5,-1.91118794230458,1.23387597267056,16955000000,5,4887000000,partial,missing_operating_income_ttm,https://data.sec.gov/api/xbrl/companyfacts/CIK0000927628.json,https://hfdatalibrary.com/pages/data
COHR,0000820318,Coherent Corp.,Information Technology,Electronic Components,,,,excluded,ticker_unavailable,2026-08-14,2026-08-10,7118181000.0,96121000.0,786884000.0,-1023395000.0,1162018000.0,3222224000.0,10903495000.0,195832246.0,,,,,,,,,,,,,,,,,,excluded,ticker_unavailable,https://data.sec.gov/api/xbrl/companyfacts/CIK0000820318.json,
COIN,0001679788,Coinbase,Financials,Financial Exchanges & Data,148.95,2026-08-14,5,ok,,2026-07-30,2026-06-30,7008333000.0,1884738000.0,2861179000.0,3295996000.0,8614065000.0,5944232000.0,13079665000.0,,,-2669833000,,,,,,,0.268928145965667,-0.0216820422796277,1,2,-0.810023131096033,,,5,1260327000,partial,missing_shares_outstanding;insufficient_fcf_history,https://data.sec.gov/api/xbrl/companyfacts/CIK0001679788.json,https://hfdatalibrary.com/pages/data
COO,0000711404,Cooper Companies (The),Health Care,Health Care Supplies,76.62,2026-08-14,5,ok,,2026-06-05,2026-06-01,3988200000.0,757700000.0,2944700000.0,365900000.0,138800000.0,2458400000.0,8238900000.0,195030630.0,14943246870.6,2319600000,17262846870.6,0.197058914003056,0.0244859770549523,5.0746245358101,40.8397017507516,22.783221420879,0.18998545709844,0.0878152388343787,5,5,6.33943700464608,1.81374295969122,433700000,5,385800000,ok,,https://data.sec.gov/api/xbrl/companyfacts/CIK0000711404.json,https://hfdatalibrary.com/pages/data
COP,0001163165,ConocoPhillips,Energy,Oil & Gas Exploration & Production,125.925,2026-08-14,5,ok,,2026-08-06,2026-06-30,51551000000.0,,9185000000.0,9661000000.0,6574000000.0,22797000000.0,65349000000.0,1201337479.0,151278422043.075,16223000000,167501422043.075,0.0607158633462257,0.0638623795087519,16.4701602659853,15.6586711565133,,,0.106354204946693,2,2,1.67922575302764,2.31493094068884,,5,9245000000,partial,missing_operating_income_ttm;insufficient_fcf_history,https://data.sec.gov/api/xbrl/companyfacts/CIK0001163165.json,https://hfdatalibrary.com/pages/data
COR,0001140859,Cencora,Health Care,Health Care Distributors,,,,excluded,ticker_unavailable,2026-08-05,2026-07-31,316654371000.0,2736737000.0,1908351000.0,1141589000.0,2815291000.0,11723241000.0,3050958000.0,190827165.0,,,,,,,,,,,,,,,,,,excluded,ticker_unavailable,https://data.sec.gov/api/xbrl/companyfacts/CIK0001140859.json,
COST,0000909832,Costco,Consumer Staples,Consumer Staples Merchandise Retail,949.59,2026-08-14,5,ok,,2026-06-03,2026-05-27,268776000000.0,10084000000.0,8099000000.0,7317000000.0,18946000000.0,5670000000.0,33509000000.0,443478804.0,421123037490.36,-13276000000,407847037490.36,0.0192319091547809,0.0173749696611349,51.9969178281714,57.5540573309225,40.4449660343475,0.0375182307944162,0.0885541348218992,5,5,-1.81440481071477,12.5674606073103,6629000000,5,6292000000,ok,,https://data.sec.gov/api/xbrl/companyfacts/CIK0000909832.json,https://hfdatalibrary.com/pages/data
CPAY,0001175454,Corpay,Financials,Transaction & Payment Processing Services,,,,excluded,ticker_unavailable,2026-08-10,2026-07-31,,1862994000.0,1050219000.0,1928262000.0,3163539000.0,4985305000.0,3541884000.0,65659599.0,,,,,,,,,,,,,,,,,,excluded,ticker_unavailable,https://data.sec.gov/api/xbrl/companyfacts/CIK0001175454.json,
CPRT,0000900075,Copart,Industrials,Diversified Support Services,29.575,2026-08-14,5,ok,,2026-05-29,2026-05-27,1660698000.0,1643667000.0,1475233000.0,1181260000.0,2114183000.0,11006000.0,5987440000.0,925811482.0,27380874580.15,-2103177000,25277697580.15,0.0538782278733157,0.0431417921491947,18.5603728903502,23.1793801365914,15.3788435127979,0.989744673625187,,5,5,-1.78045222897584,4.57305201891793,847574000,5,1237741000,partial,insufficient_revenue_history,https://data.sec.gov/api/xbrl/companyfacts/CIK0000900075.json,https://hfdatalibrary.com/pages/data
CPT,0000906345,Camden Property Trust,Real Estate,Multi-Family Residential REITs,,,,excluded,ticker_unavailable,2026-07-31,2026-07-24,8367000.0,,163632000.0,,44717000.0,4848300000.0,3802124000.0,100539350.0,,,,,,,,,,,,,,,,,,excluded,ticker_unavailable,https://data.sec.gov/api/xbrl/companyfacts/CIK0000906345.json,
CRH,0000849395,CRH plc,Materials,Construction Materials,,,,excluded,ticker_unavailable,2026-07-30,2026-07-20,36347000000.0,5021000000.0,3332000000.0,2222000000.0,3025000000.0,17926000000.0,24035000000.0,665284511.0,,,,,,,,,,,,,,,,,,excluded,ticker_unavailable,https://data.sec.gov/api/xbrl/companyfacts/CIK0000849395.json,
CRL,0001100682,Charles River Laboratories,Health Care,Life Sciences Tools & Services,281.33,2026-08-14,5,ok,,2026-08-05,2026-07-25,4028615000.0,124521000.0,-64881000.0,578495000.0,192025000.0,1632220000.0,2839636000.0,47738872.0,13430376859.76,1440195000,14870571859.76,-0.00483091432783215,0.0430736237739748,,23.2160638549339,119.422200751359,0.0309091337841913,0.0319461093790716,5,5,2.48955479304056,4.72961212625844,501610000,5,398837000,partial,nonpositive_net_income_ttm,https://data.sec.gov/api/xbrl/companyfacts/CIK0001100682.json,https://hfdatalibrary.com/pages/data
CRM,0001108524,Salesforce,Information Technology,Application Software,197.46,2026-08-14,5,ok,,2026-05-28,2026-05-21,38591000000.0,7438000000.0,-31577000.0,12647000000.0,8935000000.0,39280000000.0,34235000000.0,819000000.0,161719740000,30345000000,192064740000,-0.000195257548645577,0.0782031927580393,,12.7872017079149,25.8220946490992,0.192739239719105,0.11891661202296,5,5,2.39938325294536,4.7238130568132,9498000000,5,4136000000,partial,nonpositive_net_income_ttm,https://data.sec.gov/api/xbrl/companyfacts/CIK0001108524.json,https://hfdatalibrary.com/pages/data
CRWD,0001535527,CrowdStrike,Information Technology,Systems Software,221.89,2026-08-14,5,ok,,2026-06-04,2026-05-28,,-242049000.0,-163880000.0,1091686000.0,4552801000.0,745843000.0,4633877000.0,254564820.0,56485387909.8,-3806958000,52678429909.8,-0.00290128130591394,0.0193268744430557,,51.7414237333812,,,,5,5,-3.48722801245047,12.1896606038097,989678000,5,-161165000,partial,missing_revenue_ttm;nonpositive_operating_income_ttm;nonpositive_net_income_ttm;insufficient_revenue_history,https://data.sec.gov/api/xbrl/companyfacts/CIK0001535527.json,https://hfdatalibrary.com/pages/data
CSCO,0000858877,Cisco,Information Technology,Communications Equipment,120.925,2026-08-14,5,ok,,2026-05-19,2026-05-14,55623000000.0,11291000000.0,,12803000000.0,7083000000.0,31303000000.0,48861000000.0,3941434665.0,476617986865.125,24220000000,500837986865.125,,0.0268621838722655,,37.2270551327911,44.3572745430099,0.202991568236161,0.0327821614836095,5,5,1.8917441224713,9.75456881490606,13288000000,5,10591000000,partial,missing_net_income_ttm,https://data.sec.gov/api/xbrl/companyfacts/CIK0000858877.json,https://hfdatalibrary.com/pages/data
CSGP,0001057352,CoStar Group,Real Estate,Real Estate Services,31.435,2026-08-14,5,ok,,2026-07-29,2026-07-27,2914800000.0,-6100000.0,7000000.0,92800000.0,1266000000.0,994000000.0,7932000000.0,405197588.0,12737386178.78,-272000000,12465386178.78,0.000549563301430064,0.00728563919610142,1819.62659696857,137.256316581681,,-0.00209276794291204,0.1368149559476,4,5,-2.93103448275862,1.60582276585729,346000000,5,292600000,partial,nonpositive_operating_income_ttm,https://data.sec.gov/api/xbrl/companyfacts/CIK0001057352.json,https://hfdatalibrary.com/pages/data
CSX,0000277948,CSX Corporation,Industrials,Rail Transportation,50.13,2026-08-14,5,ok,,2026-07-22,2026-06-30,14155000000.0,4784000000.0,3102000000.0,2006000000.0,1958000000.0,9832000000.0,8456000000.0,1852474917.0,92864567589.21,7874000000,100738567589.21,0.0334034829486507,0.0216013497082506,29.9369979333366,46.2934035838534,21.0573928907212,0.337972447898269,0.0299697515906827,5,5,3.92522432701894,10.9820917205783,3257000000,5,3668000000,ok,,https://data.sec.gov/api/xbrl/companyfacts/CIK0000277948.json,https://hfdatalibrary.com/pages/data
CTAS,0000723254,Cintas,Industrials,Diversified Support Services,202.03,2026-08-14,5,ok,,2026-04-07,2026-03-31,10143464000.0,2309868000.0,374442000.0,1811175000.0,183204000.0,2614801000.0,4788383000.0,400087119.0,80829600651.57,2431597000,83261197651.57,0.00463248608160391,0.0224073233741112,215.866811553111,44.6282665405441,36.0458682710744,0.227719840086188,0.0979107309426836,5,5,1.34255221058153,16.880354109429,1296953000,5,1348010000,ok,,https://data.sec.gov/api/xbrl/companyfacts/CIK0000723254.json,https://hfdatalibrary.com/pages/data
CTSH,0001058290,Cognizant,Information Technology,IT Consulting & Other Services,58.605,2026-08-14,5,ok,,2026-04-29,2026-04-24,20091000000.0,3050000000.0,2346000000.0,2134000000.0,1504000000.0,573000000.0,15068000000.0,473869469.0,27771120230.745,-931000000,26840120230.745,0.0844762465650477,0.076842416952179,11.8376471571803,13.0136458438355,8.80003941991639,0.151809267831367,0.0334214507377824,5,5,-0.436269915651359,1.84305284249701,2216000000,5,2230000000,ok,,https://data.sec.gov/api/xbrl/companyfacts/CIK0001058290.json,https://hfdatalibrary.com/pages/data
CTVA,0001755672,Corteva,Materials,Fertilizers & Agricultural Chemicals,76.23,2026-08-14,5,ok,,2026-07-31,2026-07-24,17177000000.0,,1412000000.0,1978000000.0,2365000000.0,3193000000.0,25159000000.0,667196000.0,50860351080,828000000,51688351080,0.0277622936141164,0.0388908050769987,36.0200786685552,25.7130187462083,,,0.0267862588891237,5,5,0.418604651162791,2.02155694105489,1548000000,5,1105000000,partial,missing_operating_income_ttm,https://data.sec.gov/api/xbrl/companyfacts/CIK0001755672.json,https://hfdatalibrary.com/pages/data
CVNA,0001690820,Carvana,Consumer Discretionary,Automotive Retail,74.2,2026-08-14,5,ok,,2026-07-29,2026-06-30,16274000000.0,1502000000.0,988000000.0,615000000.0,2630000000.0,5173000000.0,4028000000.0,,,2543000000,,,,,,,0.0922944574167384,0.122197776078413,3,5,4.1349593495935,,716000000,5,150000000,partial,missing_shares_outstanding,https://data.sec.gov/api/xbrl/companyfacts/CIK0001690820.json,https://hfdatalibrary.com/pages/data
CVS,0000064803,CVS Health,Health Care,Health Care Services,94.79,2026-08-14,5,ok,,2026-08-05,2026-07-29,221662000000.0,8955000000.0,4489000000.0,4780000000.0,11329000000.0,71673000000.0,79702000000.0,1278970369.0,121233601277.51,60344000000,181577601277.51,0.0370276883033809,0.0394280129405571,27.0068169475407,25.3626780915293,20.2766723927984,0.0403993467531647,0.0831457929941333,5,5,12.6242677824268,1.52108606154814,10395000000,5,4586000000,ok,,https://data.sec.gov/api/xbrl/companyfacts/CIK0000064803.json,https://hfdatalibrary.com/pages/data
CVX,0000093410,Chevron Corporation,Energy,Integrated Oil & Gas,196.615,2026-08-14,5,ok,,2026-08-06,2026-06-30,187736000000.0,,13782000000.0,16102000000.0,4008000000.0,40772000000.0,189883000000.0,1975771274.0,388466269037.51,36764000000,425230269037.51,0.0354779838006198,0.0414501883005065,28.1864946333994,24.1253427547826,,,0.0434030582656111,5,5,2.28319463420693,2.04581910459341,19780000000,5,17749000000,partial,missing_operating_income_ttm,https://data.sec.gov/api/xbrl/companyfacts/CIK0000093410.json,https://hfdatalibrary.com/pages/data
D,0000715957,Dominion Energy,Utilities,Multi-Utilities,68.02,2026-08-14,5,ok,,2026-05-01,2026-04-24,14743000000.0,3637000000.0,2251000000.0,-1221000000.0,351000000.0,34954000000.0,29147000000.0,879455403.0,59820556512.06,34603000000,94423556512.06,0.0376292052640164,-0.0204110438149107,26.5751028485384,,25.9619347022436,0.246693345994709,0.0910320283023589,,0,,2.05237439572031,,5,1981000000,partial,nonpositive_free_cash_flow_ttm;insufficient_fcf_history,https://data.sec.gov/api/xbrl/companyfacts/CIK0000715957.json,https://hfdatalibrary.com/pages/data
DAL,0000027904,Delta Air Lines,Industrials,Passenger Airlines,90.05,2026-08-14,5,ok,,2026-07-10,2026-06-30,61925000000.0,5785000000.0,4485000000.0,2232000000.0,4665000000.0,12905000000.0,21815000000.0,657623030.0,59218953851.5,8240000000,67458953851.5,0.075735887048035,0.0376906354272495,13.2037801229654,26.531789359991,11.6610119017286,0.0934194590230117,0.20654856111654,4,5,3.69175627240143,2.71459793039193,1141000000,5,3457000000,ok,,https://data.sec.gov/api/xbrl/companyfacts/CIK0000027904.json,https://hfdatalibrary.com/pages/data
DASH,0001792789,DoorDash,Consumer Discretionary,Specialized Consumer Services,212.61,2026-08-14,5,ok,,2026-08-05,2026-06-30,11895000000.0,542000000.0,776000000.0,1984000000.0,4424000000.0,,9921000000.0,,,,,,,,,,0.0455653635981505,0.294284305355483,5,5,,,1550000000,5,-468000000,partial,missing_shares_outstanding;missing_total_debt,https://data.sec.gov/api/xbrl/companyfacts/CIK0001792789.json,https://hfdatalibrary.com/pages/data
DD,0001666700,DuPont,Industrials,Industrial Conglomerates,144.345,2026-08-14,5,ok,,2026-08-04,2026-07-31,3978000000.0,,-155000000.0,1964000000.0,1740000000.0,7170000000.0,13769000000.0,135042975.0,19492778226.375,5430000000,24922778226.375,-0.00795166282609602,0.10075526316421,,9.92503983012984,,,-0.140771090656685,5,5,2.76476578411405,1.41570035778742,543000000,5,738000000,partial,missing_operating_income_ttm;nonpositive_net_income_ttm,https://data.sec.gov/api/xbrl/companyfacts/CIK0001666700.json,https://hfdatalibrary.com/pages/data
DDOG,0001561550,Datadog,Information Technology,Application Software,252.23,2026-08-14,5,ok,,2026-08-06,2026-06-30,3016056000.0,-18250000.0,124580000.0,925459000.0,434957000.0,,4367160000.0,,,,,,,,,,-0.00605094865612575,0.350982733849762,5,5,,,632368000,5,48568000,partial,missing_shares_outstanding;nonpositive_operating_income_ttm;missing_total_debt,https://data.sec.gov/api/xbrl/companyfacts/CIK0001561550.json,https://hfdatalibrary.com/pages/data
DE,0000315189,Deere & Company,Industrials,Agricultural & Farm Machinery,612.49,2026-08-14,5,ok,,2026-05-28,2026-05-03,45568000000.0,9039000000.0,5639000000.0,7379000000.0,7905000000.0,48079000000.0,27406000000.0,269937425.0,165333973438.25,40174000000,205507973438.25,0.0341067227910426,0.0446308755940953,29.3197328317521,22.4060134758436,22.7356979132924,0.198362886235955,0.00928328218634622,5,5,5.44436915571216,6.03276557827665,6878000000,5,7088000000,ok,,https://data.sec.gov/api/xbrl/companyfacts/CIK0000315189.json,https://hfdatalibrary.com/pages/data
DECK,0000910521,Deckers Brands,Consumer Discretionary,Footwear,93.325,2026-08-14,5,ok,,2026-07-30,2026-07-09,5124803000.0,1211572000.0,-2292000.0,880429000.0,1602589000.0,,2301682000.0,136414227.0,12730857734.775,,,-0.00018003500217737,0.0691570841762737,,14.4598346201397,,0.236413380182614,0.148026311363305,5,5,,5.53111061162011,943819000,5,759563000,partial,nonpositive_net_income_ttm;missing_total_debt,https://data.sec.gov/api/xbrl/companyfacts/CIK0000910521.json,https://hfdatalibrary.com/pages/data
DELL,0001571996,Dell Technologies,Information Technology,"Technology Hardware, Storage & Peripherals",484.34,2026-08-14,5,ok,,2026-06-09,2026-05-01,96701000000.0,6437000000.0,5936000000.0,3650000000.0,11578000000.0,31161000000.0,-1404000000.0,,,19583000000,,,,,,,0.0665660127609849,0.0291438073216377,5,5,5.36520547945205,,5920000000,5,4576000000,partial,missing_shares_outstanding;nonpositive_stockholders_equity,https://data.sec.gov/api/xbrl/companyfacts/CIK0001571996.json,https://hfdatalibrary.com/pages/data
DG,0000029534,Dollar General,Consumer Staples,Consumer Staples Merchandise Retail,122.22,2026-08-14,5,ok,,2026-06-02,2026-05-29,41134266000.0,1744083000.0,1153864000.0,1920572000.0,1353113000.0,6735728000.0,8843284000.0,220586647.0,26960099996.34,5382615000,32342714996.34,0.0427989510482767,0.0712375696032555,23.3650586172547,14.0375367319424,18.5442521923211,0.0423997598498536,0.0569733849858554,5,5,2.80261036816115,3.04865251374263,1686176000,5,1661274000,ok,,https://data.sec.gov/api/xbrl/companyfacts/CIK0000029534.json,https://hfdatalibrary.com/pages/data
DGX,0001022079,Quest Diagnostics,Health Care,Health Care Services,237.21,2026-08-14,5,ok,,2026-07-23,2026-07-15,10522000000.0,1475000000.0,1004000000.0,1224000000.0,626000000.0,6437000000.0,7516000000.0,110373360.0,26181664725.6,5811000000,31992664725.6,0.0383474469833198,0.0467502740115373,26.0773553043825,21.3902489588235,21.6899421868475,0.140182474814674,0.00567533644511098,5,5,4.74754901960784,3.48345725460351,1314000000,5,1015000000,ok,,https://data.sec.gov/api/xbrl/companyfacts/CIK0001022079.json,https://hfdatalibrary.com/pages/data
DHI,0000882184,D. R. Horton,Consumer Discretionary,Homebuilding,148.81,2026-08-14,5,ok,,2026-07-23,2026-07-16,34575200000.0,,4003900000.0,2785100000.0,2078700000.0,,23819500000.0,279701267.0,41622345542.27,,,0.0961959242766316,0.066913576438684,10.395450821017,14.9446502970342,,,0.0537935961713476,5,5,,1.74740634951489,2024500000,5,4795200000,partial,missing_operating_income_ttm;missing_total_debt,https://data.sec.gov/api/xbrl/companyfacts/CIK0000882184.json,https://hfdatalibrary.com/pages/data
DHR,0000313616,Danaher Corporation,Health Care,Life Sciences Tools & Services,206.62,2026-08-14,5,ok,,2026-07-21,2026-07-16,24013000000.0,4417000000.0,,4862000000.0,5687700000.0,26558000000.0,52581000000.0,702986054.0,145250978477.48,20870300000,166121278477.48,,0.0334730963671533,,29.8747384774743,37.6095264834684,0.183942031399659,-0.00236702349409579,5,5,4.29253393665158,2.76242327984405,5781000000,5,4764000000,partial,missing_net_income_ttm,https://data.sec.gov/api/xbrl/companyfacts/CIK0000313616.json,https://hfdatalibrary.com/pages/data
DIS,0001744489,Walt Disney Company (The),Communication Services,Movies & Entertainment,103.52,2026-08-14,5,ok,,2026-08-05,2026-07-29,94535000000.0,17726000000.0,12552000000.0,11548000000.0,5185000000.0,46041000000.0,110032000000.0,1726686902.0,178746628095.04,40856000000,219602628095.04,0.0702223036807501,0.0646054145080706,14.2404898099936,15.4785788097541,12.3887300064899,0.187507272438779,0.088184759281527,5,5,3.53792864565293,1.62449676544133,4897000000,5,3505000000,ok,,https://data.sec.gov/api/xbrl/companyfacts/CIK0001744489.json,https://hfdatalibrary.com/pages/data
DLR,0001297996,Digital Realty,Real Estate,Data Center REITs,197.085,2026-08-14,5,ok,,2026-05-01,2026-04-29,5631462000.0,519358000.0,406885000.0,,2426631000.0,3271848000.0,23368753000.0,351406070.0,69256865305.95,845217000,70102082305.95,0.00587501323085502,,170.212382628875,,134.978343081169,0.0922243637620213,0.0839478788267911,,0,,2.96365258796436,,5,950312000,partial,missing_free_cash_flow_ttm;insufficient_fcf_history,https://data.sec.gov/api/xbrl/companyfacts/CIK0001297996.json,https://hfdatalibrary.com/pages/data
DLTR,0000935703,Dollar Tree,Consumer Staples,Consumer Staples Merchandise Retail,129.5,2026-08-14,5,ok,,2026-05-28,2026-05-26,18036700000.0,1464200000.0,-2986800000.0,1607500000.0,1007300000.0,2932600000.0,3507000000.0,192174588.0,24886609146,1925300000,26811909146,-0.120016350257989,0.064592970081598,,15.4815608995334,18.3116440008196,0.0811789296268164,-0.073292004056288,5,5,1.19769828926905,7.09626722155689,892800000,5,1282500000,partial,nonpositive_net_income_ttm,https://data.sec.gov/api/xbrl/companyfacts/CIK0000935703.json,https://hfdatalibrary.com/pages/data
DOC,0000765880,Healthpeak Properties,Real Estate,Health Care REITs,,,,excluded,ticker_unavailable,2026-08-05,2026-08-03,586590000.0,,192493000.0,349698000.0,1626827000.0,10032186000.0,7844750000.0,689527260.0,,,,,,,,,,,,,,,,,,excluded,ticker_unavailable,https://data.sec.gov/api/xbrl/companyfacts/CIK0000765880.json,
DOV,0000029905,Dover Corporation,Industrials,Industrial Machinery & Supplies & Components,208.05,2026-08-14,5,ok,,2026-07-23,2026-07-17,7829059000.0,1279587000.0,2292968000.0,1069277000.0,739144000.0,3313968000.0,7704004000.0,134680225.0,28020220811.25,2574824000,30595044811.25,0.0818326170748584,0.0381609055547018,12.2200662247576,26.20482888087,23.9100934998949,0.16344071490584,0.00581366339633394,5,5,2.40800466109343,3.63709842456598,944400000,5,1093956000,ok,,https://data.sec.gov/api/xbrl/companyfacts/CIK0000029905.json,https://hfdatalibrary.com/pages/data
DOW,0001751788,Dow Inc.,Materials,Commodity Chemicals,30.57,2026-08-14,5,ok,,2026-04-24,2026-03-31,42630000000.0,,373000000.0,-370000000.0,4110000000.0,16208000000.0,15249000000.0,720741438.0,22033065759.66,12098000000,34131065759.66,0.016929101200384,-0.0167929422094962,59.0698813931903,,,,-0.0765756322084845,3,5,,1.44488594397403,2840000000,5,1201000000,partial,missing_operating_income_ttm;nonpositive_free_cash_flow_ttm,https://data.sec.gov/api/xbrl/companyfacts/CIK0001751788.json,https://hfdatalibrary.com/pages/data
DPZ,0001286681,Domino's,Consumer Discretionary,Restaurants,353.4,2026-08-14,5,ok,,2026-07-20,2026-07-13,4781233000.0,907622000.0,,613174000.0,164836000.0,1536543000.0,-3982431000.0,33081735.0,11691085149,1371707000,13062792149,,0.0524479971008036,,19.0665050197823,14.3923264850345,0.189830112860009,,4,4,2.23705995361839,,498740000,4,551644000,partial,missing_net_income_ttm;nonpositive_stockholders_equity;insufficient_revenue_history,https://data.sec.gov/api/xbrl/companyfacts/CIK0001286681.json,https://hfdatalibrary.com/pages/data
DRI,0000940944,Darden Restaurants,Consumer Discretionary,Restaurants,223.58,2026-08-14,5,ok,,2026-07-24,2026-05-31,13210900000.0,1582800000.0,1206700000.0,1119100000.0,219500000.0,1574500000.0,2207500000.0,114077969.0,25505552309.02,1355000000,26860552309.02,0.0473112671852729,0.0438767208975213,21.1366141617801,22.7911288616031,16.9702756564443,0.11981015676449,0.0821286599808633,5,5,1.21079438834778,11.5540440810963,1020500000,5,1027600000,ok,,https://data.sec.gov/api/xbrl/companyfacts/CIK0000940944.json,https://hfdatalibrary.com/pages/data
DTE,0000936340,DTE Energy,Utilities,Multi-Utilities,138.51,2026-08-14,5,ok,,2026-04-30,2026-03-31,11300000000.0,2198000000.0,1316000000.0,,238000000.0,13173000000.0,12323000000.0,208028313.0,28814001633.63,12935000000,41749001633.63,0.0456722400703984,,21.8951380194757,,18.9940862755369,0.194513274336283,,,0,,2.33822945984176,,5,1397000000,partial,missing_free_cash_flow_ttm;insufficient_revenue_history;insufficient_fcf_history,https://data.sec.gov/api/xbrl/companyfacts/CIK0000936340.json,https://hfdatalibrary.com/pages/data
DUK,0001326160,Duke Energy,Utilities,Electric Utilities,123.51,2026-08-14,5,ok,,2026-05-05,2026-04-30,,8306000000.0,4867000000.0,-189000000.0,2140000000.0,87872000000.0,54457000000.0,779596217.0,96287928761.67,85732000000,182019928761.67,0.0505463152296764,-0.00196286286796977,19.7838357841935,,21.9142702578461,,,1,5,,1.76814603745469,-1694000000,5,3579000000,partial,missing_revenue_ttm;nonpositive_free_cash_flow_ttm;insufficient_revenue_history,https://data.sec.gov/api/xbrl/companyfacts/CIK0001326160.json,https://hfdatalibrary.com/pages/data
DVA,0000927066,DaVita,Health Care,Health Care Services,180.15,2026-08-14,5,ok,,2026-08-04,2026-07-31,13161328000.0,2077018000.0,1152441000.0,1288221000.0,668963000.0,5742246000.0,-765096000.0,63800000.0,11493570000,5073283000,16566853000,0.100268323941125,0.112081885784834,9.97323941095466,8.92204831313882,7.97626838091918,0.157812190380788,0.040967977515171,5,5,3.93820858377561,,1310636000,5,1078716000,partial,nonpositive_stockholders_equity,https://data.sec.gov/api/xbrl/companyfacts/CIK0000927066.json,https://hfdatalibrary.com/pages/data
DVN,0001090012,Devon Energy,Energy,Oil & Gas Exploration & Production,45.36,2026-08-14,5,ok,,2026-08-05,2026-07-22,16882000000.0,-8957000000.0,2904000000.0,6279000000.0,950000000.0,10053000000.0,41747000000.0,1100000000.0,49896000000,9103000000,58999000000,0.0582010582010582,0.125841750841751,17.1818181818182,7.94648829431438,,-0.530565098921929,0.0511402961411782,5,5,1.44975314540532,1.19519965506503,2955000000,5,2942000000,partial,nonpositive_operating_income_ttm,https://data.sec.gov/api/xbrl/companyfacts/CIK0001090012.json,https://hfdatalibrary.com/pages/data
DXCM,0001093557,Dexcom,Health Care,Health Care Equipment,89.8,2026-08-14,5,ok,,2026-07-30,2026-07-23,4300800000.0,687200000.0,571500000.0,570800000.0,1105000000.0,2900000.0,2621400000.0,377360765.0,33886996697,-1102100000,32784896697,0.0168648760794607,0.0168442191883748,59.2948323657043,59.3675485231254,47.7079404787544,0.159784226190476,0.174671966671353,5,5,-1.93079887876664,12.9270606153201,511900000,5,541500000,ok,,https://data.sec.gov/api/xbrl/companyfacts/CIK0001093557.json,https://hfdatalibrary.com/pages/data
EBAY,0001065088,eBay Inc.,Consumer Discretionary,Broadline Retail,104.58,2026-08-14,5,ok,,2026-08-06,2026-07-31,10470000000.0,2228000000.0,2176000000.0,1409000000.0,2310000000.0,8566000000.0,4665000000.0,445000000.0,46538100000,6256000000,52794100000,0.0467573880326012,0.0302762682619187,21.3869944852941,33.0291696238467,23.6957360861759,0.21279847182426,0.0159297402523673,5,5,4.44002838892832,9.97601286173633,1956000000,5,2031000000,ok,,https://data.sec.gov/api/xbrl/companyfacts/CIK0001065088.json,https://hfdatalibrary.com/pages/data
ECHO,0001415404,EchoStar,Communication Services,Wireless Telecommunication Services,,,,excluded,ticker_unavailable,2026-08-03,2026-06-30,15452639000.0,-524997000.0,-318807000.0,-693575000.0,439988000.0,1495994000.0,14155098000.0,,,,,,,,,,,,,,,,,,,excluded,ticker_unavailable,https://data.sec.gov/api/xbrl/companyfacts/CIK0001415404.json,
ECL,0000031462,Ecolab,Materials,Specialty Chemicals,278.465,2026-08-14,5,ok,,2026-08-06,2026-06-30,15723900000.0,2893000000.0,2155300000.0,1573900000.0,5135300000.0,6150300000.0,10055500000.0,280328603.0,78061704434.395,1015000000,79076704434.395,0.0276102093288441,0.0201622551211746,36.2184867231453,49.5976265546699,27.3338072707898,0.183987433143177,0.0600968777246997,5,5,0.644894847194866,7.76308531991398,1637000000,5,1393000000,ok,,https://data.sec.gov/api/xbrl/companyfacts/CIK0000031462.json,https://hfdatalibrary.com/pages/data
ED,0001047862,Consolidated Edison,Utilities,Multi-Utilities,107.58,2026-08-14,5,ok,,2026-05-07,2026-04-30,16077000000.0,2784000000.0,2163000000.0,-587000000.0,147000000.0,25801000000.0,25596000000.0,368529705.0,39646425663.9,25654000000,65300425663.9,0.0545572510958918,-0.0148058744305541,18.3293692389736,,23.4556126666307,0.173166635566337,0.0609507043118815,0,2,,1.5489305228903,,5,1820000000,partial,nonpositive_free_cash_flow_ttm;insufficient_fcf_history,https://data.sec.gov/api/xbrl/companyfacts/CIK0001047862.json,https://hfdatalibrary.com/pages/data
EFX,0000033185,Equifax,Industrials,Research & Consulting Services,181.295,2026-08-14,5,ok,,2026-07-21,2026-07-10,5840200000.0,1081900000.0,642500000.0,917000000.0,170100000.0,5467100000.0,4380200000.0,117484896.0,21299424220.32,5297000000,26596424220.32,0.0301651346700276,0.0430528069920861,33.1508548176187,23.2272892260851,24.5830707277198,0.185250505119688,0.0539011050062466,5,5,5.77644492911668,4.86266020280352,813000000,5,664300000,ok,,https://data.sec.gov/api/xbrl/companyfacts/CIK0000033185.json,https://hfdatalibrary.com/pages/data
EG,0001095073,Everest Group,Financials,Reinsurance,,,,excluded,ticker_unavailable,2026-08-03,2026-07-27,17675000000.0,,597000000.0,,656095000.0,,15430000000.0,38342734.0,,,,,,,,,,,,,,,,,,excluded,ticker_unavailable,https://data.sec.gov/api/xbrl/companyfacts/CIK0001095073.json,
EIX,0000827052,Edison International,Utilities,Electric Utilities,69.89,2026-08-14,5,ok,,2026-04-28,2026-04-21,17332000000.0,4819000000.0,2986000000.0,-641000000.0,168000000.0,40307000000.0,17320000000.0,384793941.0,26893248536.49,40139000000,67032248536.49,0.111031584598211,-0.0238349784753694,9.00644626138312,,13.9099913958269,0.278040618509116,0.0669678828791256,0,5,,1.55272797554792,-2047000000,5,1407000000,partial,nonpositive_free_cash_flow_ttm,https://data.sec.gov/api/xbrl/companyfacts/CIK0000827052.json,https://hfdatalibrary.com/pages/data
EL,0001001250,Estée Lauder Companies (The),Consumer Staples,Personal Care Products,87.325,2026-08-14,5,ok,,2026-05-01,2026-03-31,14786000000.0,-628000000.0,-1133000000.0,948000000.0,2181000000.0,1068900000.0,3993000000.0,,,-1112100000,,,,,,,-0.0424726092249425,-0.0304900410095085,5,5,-1.17310126582278,,1441000000,5,1010000000,partial,missing_shares_outstanding;nonpositive_operating_income_ttm;nonpositive_net_income_ttm,https://data.sec.gov/api/xbrl/companyfacts/CIK0001001250.json,https://hfdatalibrary.com/pages/data
ELV,0001156039,Elevance Health,Health Care,Managed Health Care,,,,excluded,ticker_unavailable,2026-07-15,2026-07-10,189215000000.0,7676000000.0,5349000000.0,5337000000.0,10232000000.0,31044000000.0,44883000000.0,216869290.0,,,,,,,,,,,,,,,,,,excluded,ticker_unavailable,https://data.sec.gov/api/xbrl/companyfacts/CIK0001156039.json,
EME,0000105634,Emcor,Industrials,Construction & Engineering,,,,excluded,ticker_unavailable,2026-07-30,2026-07-24,,1486070000.0,1105261000.0,1208499000.0,924411000.0,0.0,4078907000.0,44109901.0,,,,,,,,,,,,,,,,,,excluded,ticker_unavailable,https://data.sec.gov/api/xbrl/companyfacts/CIK0000105634.json,
EMR,0000032604,Emerson Electric,Industrials,Electrical Components & Equipment,163.8,2026-08-14,5,ok,,2026-08-04,2026-06-30,17780000000.0,,2577000000.0,2741000000.0,2354000000.0,13113000000.0,20379000000.0,557800000.0,91367640000,10759000000,102126640000,0.0282047341925434,0.0299996804120146,35.4550407450524,33.3336884348778,,,0.0864191948710811,5,5,3.92520977745348,4.48342116885029,2667000000,5,2327000000,partial,missing_operating_income_ttm,https://data.sec.gov/api/xbrl/companyfacts/CIK0000032604.json,https://hfdatalibrary.com/pages/data
EOG,0000821189,EOG Resources,Energy,Oil & Gas Exploration & Production,142.615,2026-08-14,5,ok,,2026-08-04,2026-07-28,22697000000.0,7287000000.0,5732000000.0,,4907000000.0,7926000000.0,31864000000.0,524529176.0,74805728435.24,3019000000,77824728435.24,0.0766251478315895,,13.0505457842359,,10.6799407760725,0.321055646120633,0.0496806110712138,,0,,2.34765655395556,,5,6403000000,partial,missing_free_cash_flow_ttm;insufficient_fcf_history,https://data.sec.gov/api/xbrl/companyfacts/CIK0000821189.json,https://hfdatalibrary.com/pages/data
EQIX,0001101239,Equinix,Real Estate,Data Center REITs,1063.18,2026-08-14,5,ok,,2026-07-29,2026-07-28,8943000000.0,1480000000.0,992000000.0,3258135000.0,979000000.0,19873000000.0,14382000000.0,98671686.0,104905763121.48,18894000000,123799763121.48,0.00945610584664707,0.0310577312728482,105.751777340202,32.1981020189403,83.6484885955946,0.165492564016549,0.0856195247651179,3,5,5.79902306073874,7.29424023929078,183000000,5,814000000,ok,,https://data.sec.gov/api/xbrl/companyfacts/CIK0001101239.json,https://hfdatalibrary.com/pages/data
EQR,0000906107,Equity Residential,Real Estate,Multi-Family Residential REITs,65.8,2026-08-14,5,ok,,2026-07-30,2026-07-24,2720910000.0,1160585000.0,1045971000.0,1537712000.0,36405000.0,8241242000.0,10514980000.0,374944409.0,24671342112.2,8204837000,32876179112.2,0.0423961937394061,0.062327861735564,23.5870230744447,16.0441891018604,28.3272479932103,0.426542958054474,,,0,5.33574362429376,2.34630423569042,,5,1070975000,partial,insufficient_revenue_history;insufficient_fcf_history,https://data.sec.gov/api/xbrl/companyfacts/CIK0000906107.json,https://hfdatalibrary.com/pages/data
EQT,0000033213,EQT Corporation,Energy,Oil & Gas Exploration & Production,54.085,2026-08-14,5,ok,,2026-07-22,2026-07-14,4559507000.0,2129893000.0,1301887000.0,2121766000.0,112863000.0,5655714000.0,25258876000.0,625516000.0,33831032860,5542851000,39373883860,0.0384820352777134,0.0627165599341976,25.9861515323527,15.9447520885904,18.4863201390868,0.467132301803682,0.0616696705554289,5,5,2.61237619982599,1.3393720631116,1159813000,5,1734544000,ok,,https://data.sec.gov/api/xbrl/companyfacts/CIK0000033213.json,https://hfdatalibrary.com/pages/data
ERIE,0000922621,Erie Indemnity,Financials,Insurance Brokers,,,,excluded,ticker_unavailable,2026-07-30,2026-06-30,3973472000.0,697984000.0,634000000.0,564035000.0,266417000.0,0.0,2467106000.0,,,,,,,,,,,,,,,,,,,excluded,ticker_unavailable,https://data.sec.gov/api/xbrl/companyfacts/CIK0000922621.json,
ES,0000072741,Eversource Energy,Utilities,Electric Utilities,71.42,2026-08-14,5,ok,,2026-08-03,2026-07-31,12991135000.0,2549682000.0,865499000.0,-1013398000.0,1819319000.0,29111619000.0,16340177000.0,376674754.0,26902110930.68,27292300000,54194410930.68,0.0321721593606604,-0.0376698320295858,31.0827752899541,,21.2553608374221,0.19626322103496,0.0825771013985064,0,5,,1.64637818370511,-1212480000,5,1228046000,partial,nonpositive_free_cash_flow_ttm,https://data.sec.gov/api/xbrl/companyfacts/CIK0000072741.json,https://hfdatalibrary.com/pages/data
ESS,0000920522,Essex Property Trust,Real Estate,Multi-Family Residential REITs,283.29,2026-08-14,5,ok,,2026-07-30,2026-07-23,9696000.0,970067000.0,871484000.0,,58327000.0,6386526000.0,5323073000.0,64268439.0,18206606084.31,6328199000,24534805084.31,0.0478663621305578,,20.8914978178716,,25.2918665250029,100.048164191419,0.00658264225222749,,0,,3.42031869266305,,5,515691000,partial,missing_free_cash_flow_ttm;insufficient_fcf_history,https://data.sec.gov/api/xbrl/companyfacts/CIK0000920522.json,https://hfdatalibrary.com/pages/data
ETN,0001551182,Eaton Corporation,Industrials,Electrical Components & Equipment,453.3,2026-08-14,5,ok,,2026-07-31,2026-06-30,25989000000.0,3675000000.0,3929000000.0,3275000000.0,483000000.0,18520000000.0,20254000000.0,388400000.0,176061720000,18037000000,194098720000,0.0223160378076506,0.0186014313616838,44.8108220921354,53.7593038167939,52.8159782312925,0.141405979452845,0.0874465413507193,5,5,5.50748091603053,8.69268885158487,2867000000,5,3223000000,ok,,https://data.sec.gov/api/xbrl/companyfacts/CIK0001551182.json,https://hfdatalibrary.com/pages/data
ETR,0000065984,Entergy,Utilities,Electric Utilities,106.88,2026-08-14,5,ok,,2026-05-01,2026-03-31,11862153000.0,3113212000.0,1337555000.0,-1033750000.0,3571053000.0,32676089000.0,17346741000.0,457832070.0,48933091641.6,29105036000,78038127641.6,0.0273343652552476,-0.0211257855434821,36.5839846896763,,25.0667566621226,0.262449152358767,0.0246973959413839,1,5,,2.82088097364225,-349829000,5,1118719000,partial,nonpositive_free_cash_flow_ttm,https://data.sec.gov/api/xbrl/companyfacts/CIK0000065984.json,https://hfdatalibrary.com/pages/data
EVRG,0001711269,Evergy,Utilities,Electric Utilities,83.33,2026-08-14,5,ok,,2026-05-07,2026-04-30,5718300000.0,1499400000.0,935100000.0,-194800000.0,18400000.0,13514000000.0,10156600000.0,230513025.0,19208650373.25,13495600000,32704250373.25,0.0486811921623719,-0.0101412642853492,20.5418141089188,,21.8115582054488,0.262210796915167,0.0171902667226316,0,5,,1.89124809220113,-364600000,5,867900000,partial,nonpositive_free_cash_flow_ttm,https://data.sec.gov/api/xbrl/companyfacts/CIK0001711269.json,https://hfdatalibrary.com/pages/data
EW,0001099800,Edwards Lifesciences,Health Care,Health Care Equipment,92.57,2026-08-14,5,ok,,2026-08-04,2026-07-31,5685100000.0,1469200000.0,4141600000.0,587900000.0,2906500000.0,598700000.0,10618000000.0,576400000.0,53357348000,-2307800000,51049548000,0.0776200496321519,0.0110181637962966,12.8832692679158,90.759224357884,34.7464933297032,0.258429930871928,0.0377114203010029,5,5,-3.92549753359415,5.02517875306084,973600000,5,1503100000,ok,,https://data.sec.gov/api/xbrl/companyfacts/CIK0001099800.json,https://hfdatalibrary.com/pages/data
EXC,0001109357,Exelon,Utilities,Electric Utilities,45.16,2026-08-14,5,ok,,2026-05-06,2026-03-31,23699000000.0,4741000000.0,2397000000.0,-1499000000.0,713000000.0,49524000000.0,29315000000.0,1023208142.0,46208079692.72,48811000000,95019079692.72,0.0518740448843548,-0.032440214135022,19.2774633678431,,20.0419910762961,0.200050635047892,0.0783744017425072,0,5,,1.57626060694934,-2277000000,5,2328000000,partial,nonpositive_free_cash_flow_ttm,https://data.sec.gov/api/xbrl/companyfacts/CIK0001109357.json,https://hfdatalibrary.com/pages/data
EXE,0000895126,Expand Energy,Energy,Oil & Gas Exploration & Production,,,,excluded,ticker_unavailable,2026-04-28,2026-04-24,,-1103000000.0,-114000000.0,410000000.0,2220000000.0,4133000000.0,19546000000.0,239228849.0,,,,,,,,,,,,,,,,,,excluded,ticker_unavailable,https://data.sec.gov/api/xbrl/companyfacts/CIK0000895126.json,
EXPD,0000746515,Expeditors International,Industrials,Air Freight & Logistics,184.07,2026-08-14,5,ok,,2026-08-05,2026-07-31,11273140000.0,1116222000.0,854100000.0,810153000.0,1031448000.0,,2118702000.0,129990622.0,23927373791.54,,,0.0356955179219035,0.0338588349502211,28.0147216854467,29.5343889259683,,0.0990160682826613,-0.0953044472704142,5,5,,11.2934116225595,953400000,5,812048000,partial,missing_total_debt,https://data.sec.gov/api/xbrl/companyfacts/CIK0000746515.json,https://hfdatalibrary.com/pages/data
EXPE,0001324424,Expedia Group,Consumer Discretionary,"Hotels, Resorts & Cruise Lines",326.54,2026-08-14,5,ok,,2026-08-06,2026-06-30,14018000000.0,1393000000.0,1110000000.0,1997000000.0,6682000000.0,5459000000.0,1209000000.0,,,-1223000000,,,,,,,0.0993722356969611,0.144121735823958,5,5,-0.612418627941913,,2778000000,5,688000000,partial,missing_shares_outstanding,https://data.sec.gov/api/xbrl/companyfacts/CIK0001324424.json,https://hfdatalibrary.com/pages/data
EXR,0001289490,Extra Space Storage,Real Estate,Self-Storage REITs,146.74,2026-08-14,5,ok,,2026-07-31,2026-07-24,123796000.0,1445471000.0,1028387000.0,1206751000.0,695171000.0,560613000.0,13257895000.0,211269558.0,31001694940.92,-134558000,30867136940.92,0.0331719604995727,0.038925323350859,30.1459420830096,25.6902169054925,21.3543799501477,11.6762334808879,0.182296524734833,4,4,-0.111504361711737,2.3383572536153,1277683500,5,900232000,ok,,https://data.sec.gov/api/xbrl/companyfacts/CIK0001289490.json,https://hfdatalibrary.com/pages/data
F,0000037996,Ford Motor Company,Consumer Discretionary,Automobile Manufacturers,13.98,2026-08-14,5,ok,,2026-04-30,2026-03-31,182874000000.0,4313000000.0,4768000000.0,9309000000.0,17649000000.0,291000000.0,37453000000.0,3727332952.0,52108114668.96,-17358000000,34750114668.96,0.0915020631679124,0.178647799083493,10.9287153248658,5.59760604457622,8.05706345211222,0.0235845445497993,0.0825749832950811,4,5,-1.86464711569449,1.39129347899928,6739000000,5,4329000000,ok,,https://data.sec.gov/api/xbrl/companyfacts/CIK0000037996.json,https://hfdatalibrary.com/pages/data
FANG,0001539838,Diamondback Energy,Energy,Oil & Gas Exploration & Production,200.85,2026-08-14,5,ok,,2026-08-05,2026-07-31,9049000000.0,4934000000.0,4228000000.0,,462000000.0,12614000000.0,37900000000.0,280024353.0,56242891300.05,12152000000,68394891300.05,0.0751739446936335,,13.3024813860099,,13.8619560802696,0.54525361918444,0.219353867335078,,0,,1.48398130079288,,5,3336000000,partial,missing_free_cash_flow_ttm;insufficient_fcf_history,https://data.sec.gov/api/xbrl/companyfacts/CIK0001539838.json,https://hfdatalibrary.com/pages/data
FAST,0000815556,Fastenal,Industrials,Trading Companies & Distributors,52.175,2026-08-14,5,ok,,2026-07-16,2026-07-10,7774400000.0,1562900000.0,1189100000.0,875900000.0,204700000.0,120000000.0,4068800000.0,1147497573.0,59870685871.275,-84700000,59785985871.275,0.0198611387642464,0.0146298641355676,50.3495802466361,68.353334708614,38.2532381286551,0.201031590862317,0.0807481853573639,5,5,-0.096700536590935,14.7145806801207,946800000,5,1150600000,ok,,https://data.sec.gov/api/xbrl/companyfacts/CIK0000815556.json,https://hfdatalibrary.com/pages/data
FCX,0000831259,Freeport-McMoRan,Materials,Copper,68.87,2026-08-14,5,ok,,2026-08-06,2026-07-31,25660000000.0,6916000000.0,4297000000.0,1835000000.0,4080000000.0,8170000000.0,20109000000.0,1436017523.0,98898526809.01,4090000000,102988526809.01,0.0434485743988709,0.0185543714270254,23.0157148729369,53.8956549367902,14.8913428006087,0.269524551831645,0.0294872054367215,5,5,2.22888283378747,4.91812257243075,1670000000,5,4399000000,ok,,https://data.sec.gov/api/xbrl/companyfacts/CIK0000831259.json,https://hfdatalibrary.com/pages/data
FDS,0001013237,FactSet,Financials,Financial Exchanges & Data,283.535,2026-08-14,5,ok,,2026-07-01,2026-06-25,2287034000.0,698840000.0,532920000.0,616535000.0,288114000.0,1389701000.0,2032290000.0,35565543.0,10084076234.505,1101587000,11185663234.505,0.0528476766346223,0.0611394624219899,18.9223077281862,16.3560482932924,16.0060432066067,0.305566073788147,0.0990185416118812,5,5,1.78673879017412,4.96192779303397,584787000,5,468173000,ok,,https://data.sec.gov/api/xbrl/companyfacts/CIK0001013237.json,https://hfdatalibrary.com/pages/data
FDX,0001048911,FedEx,Industrials,Air Freight & Logistics,326.71,2026-08-14,5,ok,,2026-07-20,2026-07-16,94720000000.0,5463000000.0,4395000000.0,5116000000.0,13311000000.0,23455000000.0,31647000000.0,236581188.0,77293439931.48,10144000000,87437439931.48,0.0568612291534202,0.0661893170304659,17.5866757523276,15.1081782508757,16.0053889678711,0.0576752533783784,0.00321393797665914,5,5,1.98279906176701,2.44236230705849,3069000000,5,4092000000,ok,,https://data.sec.gov/api/xbrl/companyfacts/CIK0001048911.json,https://hfdatalibrary.com/pages/data
FDXF,0002082247,FedEx Freight,Industrials,Cargo Ground Transportation,,,,excluded,ticker_unavailable,2026-08-05,2026-08-03,8795000000.0,540000000.0,655000000.0,-212000000.0,,4264000000.0,-497000000.0,149518133.0,,,,,,,,,,,,,,,,,,excluded,ticker_unavailable,https://data.sec.gov/api/xbrl/companyfacts/CIK0002082247.json,
FE,0001031296,FirstEnergy,Utilities,Electric Utilities,46.85,2026-08-14,5,ok,,2026-04-28,2026-03-31,11112000000.0,2517000000.0,1213000000.0,-677000000.0,52000000.0,723000000.0,12654000000.0,578431175.0,27099500548.75,671000000,27770500548.75,0.0447609725433095,-0.0249820102323335,22.3408908068838,,11.0331746320024,0.226511879049676,0.079017112383104,1,5,,2.14157582967836,-1005000000,5,1176000000,partial,nonpositive_free_cash_flow_ttm,https://data.sec.gov/api/xbrl/companyfacts/CIK0001031296.json,https://hfdatalibrary.com/pages/data
FERG,0002011641,Ferguson Enterprises,Industrials,Building Products,,,,excluded,ticker_unavailable,2026-08-10,2026-08-03,30830000000.0,2785000000.0,1873000000.0,,437000000.0,4904000000.0,6201000000.0,193452717.0,,,,,,,,,,,,,,,,,,excluded,ticker_unavailable,https://data.sec.gov/api/xbrl/companyfacts/CIK0002011641.json,
FFIV,0001048695,"F5, Inc.",Information Technology,Communications Equipment,414.805,2026-08-14,5,ok,,2026-08-06,2026-08-03,3024656000.0,751321000.0,667183000.0,954924000.0,1605782000.0,0.0,3855729000.0,56627182.0,23489238229.51,-1605782000,21883456229.51,0.0284037733995905,0.0406536810887426,35.2065898404336,24.5980185119549,29.1266399175719,0.248398826180564,0.0436036307936689,5,5,-1.68158094256716,6.09203557343112,614545000,5,394948000,ok,,https://data.sec.gov/api/xbrl/companyfacts/CIK0001048695.json,https://hfdatalibrary.com/pages/data
FICO,0000814547,Fair Isaac,Information Technology,Application Software,,,,excluded,ticker_unavailable,2026-07-29,2026-07-17,1928927000.0,884872000.0,632623000.0,775111000.0,248444000.0,5297389000.0,-4097135000.0,21597635.0,,,,,,,,,,,,,,,,,,excluded,ticker_unavailable,https://data.sec.gov/api/xbrl/companyfacts/CIK0000814547.json,
FIS,0001136893,Fidelity National Information Services,Financials,Transaction & Payment Processing Services,42.83,2026-08-14,5,ok,,2026-08-04,2026-07-31,10317000000.0,1739000000.0,115000000.0,4205000000.0,744000000.0,16948000000.0,16038000000.0,515705917.0,22087684425.11,16204000000,38291684425.11,0.00520652132594145,0.190377584135511,192.066821087913,5.25271924497265,22.019369997188,0.168556750993506,0.0340389984038429,5,5,3.85350772889417,1.37720940423432,2078000000,5,385000000,ok,,https://data.sec.gov/api/xbrl/companyfacts/CIK0001136893.json,https://hfdatalibrary.com/pages/data
FISV,0000798354,Fiserv,Financials,Transaction & Payment Processing Services,52.76,2026-08-14,5,ok,,2026-08-07,2026-07-31,18284000000.0,6361000000.0,3397000000.0,5157000000.0,627000000.0,5254000000.0,26904000000.0,531766721.0,28056012199.96,4627000000,32683012199.96,0.121079217380895,0.183810869600611,8.25905569619076,5.440374675191,5.13803052978463,0.347899803106541,0.0690417005344728,5,5,0.897227070001939,1.04281936514868,3774000000,5,3129000000,ok,,https://data.sec.gov/api/xbrl/companyfacts/CIK0000798354.json,https://hfdatalibrary.com/pages/data
FITB,0000035527,Fifth Third Bancorp,Financials,Regional Banks,57.96,2026-08-14,5,ok,,2026-08-04,2026-07-31,,,2512000000.0,3780000000.0,4374000000.0,17636000000.0,34482000000.0,906892564.0,52563493009.44,13262000000,65825493009.44,0.0477898224828564,0.0719130290546167,20.9249574082166,13.9056859813333,,,,5,5,3.50846560846561,1.5243748335201,3930000000,5,2446000000,partial,missing_revenue_ttm;missing_operating_income_ttm;insufficient_revenue_history,https://data.sec.gov/api/xbrl/companyfacts/CIK0000035527.json,https://hfdatalibrary.com/pages/data
FIX,0001035983,Comfort Systems USA,Industrials,Construction & Engineering,,,,excluded,ticker_unavailable,2026-07-23,2026-07-17,2776935000.0,938210000.0,692242000.0,560971000.0,1854794000.0,54209000.0,3217269000.0,35194329.0,,,,,,,,,,,,,,,,,,excluded,ticker_unavailable,https://data.sec.gov/api/xbrl/companyfacts/CIK0001035983.json,
FLEX,0000866374,Flex Ltd.,Information Technology,Electronic Manufacturing Services,,,,excluded,ticker_unavailable,2026-07-31,2026-07-24,26074000000.0,1247000000.0,891000000.0,1104000000.0,2840000000.0,5280534000.0,5500000000.0,369402978.0,,,,,,,,,,,,,,,,,,excluded,ticker_unavailable,https://data.sec.gov/api/xbrl/companyfacts/CIK0000866374.json,
FOX,0001754301,Fox Corporation (Class B),Communication Services,Broadcasting,56.325,2026-08-14,5,ok,,2026-08-06,2026-06-30,17126000000.0,,1727000000.0,1468000000.0,2818000000.0,6606000000.0,11628000000.0,1.0,56.325,3788000000,3788000056.325,30661340.4349756,26063027.0750111,0.0000000326143601621309,0.0000000383685286103542,,,0.052163778280234,5,5,2.58038147138965,0.00000000484391124871001,1495000000,5,1554000000,partial,missing_operating_income_ttm,https://data.sec.gov/api/xbrl/companyfacts/CIK0001754301.json,https://hfdatalibrary.com/pages/data
FOXA,0001754301,Fox Corporation (Class A),Communication Services,Broadcasting,63.445,2026-08-14,5,ok,,2026-08-06,2026-06-30,17126000000.0,,1727000000.0,1468000000.0,2818000000.0,6606000000.0,11628000000.0,1.0,63.445,3788000000,3788000063.445,27220427.1416187,23138151.1545433,0.0000000367371163867979,0.0000000432186648501362,,,0.052163778280234,5,5,2.58038147138965,0.0000000054562263501892,1495000000,5,1554000000,partial,missing_operating_income_ttm,https://data.sec.gov/api/xbrl/companyfacts/CIK0001754301.json,https://hfdatalibrary.com/pages/data
FRT,0000034903,Federal Realty Investment Trust,Real Estate,Retail REITs,117.23,2026-08-14,5,ok,,2026-05-01,2026-04-28,1220283000.0,480295000.0,312896000.0,,115633000.0,4963602000.0,3311137000.0,86389197.0,10127405564.31,4847969000,14975374564.31,0.0308959681739889,,32.366682745417,,31.1795345866811,0.393593125529078,0.0768225806067349,,0,,3.05858850428418,,5,304334000,partial,missing_free_cash_flow_ttm;insufficient_fcf_history,https://data.sec.gov/api/xbrl/companyfacts/CIK0000034903.json,https://hfdatalibrary.com/pages/data
FSLR,0001274494,First Solar,Information Technology,Semiconductors,226.66,2026-08-14,5,ok,,2026-07-30,2026-07-24,4343437000.0,1361619000.0,1257475000.0,-942701000.0,1688279000.0,37635000.0,10320338000.0,107469788.0,24359102148.08,-1650644000,22708458148.08,0.0516223870796123,-0.0387001538180382,19.3714405042486,,16.677542064322,0.313488833842876,0.155931629362098,1,5,,2.36030081069825,-302732000,5,830777000,partial,nonpositive_free_cash_flow_ttm,https://data.sec.gov/api/xbrl/companyfacts/CIK0001274494.json,https://hfdatalibrary.com/pages/data
FTNT,0001262039,Fortinet,Information Technology,Systems Software,161.91,2026-08-14,5,ok,,2026-07-30,2026-07-28,6337900000.0,1956800000.0,1745200000.0,2011600000.0,2934900000.0,496900000.0,1551100000.0,733713653.0,118795577557.23,-2438000000,116357577557.23,0.0146907825685619,0.0169332902904648,68.0698931682501,59.0552682229221,59.4631937639156,0.308745799081715,0.194293721430751,5,5,-1.21197057069,76.5879553589259,1731400000,5,1147800000,ok,,https://data.sec.gov/api/xbrl/companyfacts/CIK0001262039.json,https://hfdatalibrary.com/pages/data
FTV,0001659166,Fortive,Industrials,Industrial Machinery & Supplies & Components,61.6,2026-08-14,5,ok,,2026-04-30,2026-04-24,4235400000.0,746600000.0,789900000.0,965700000.0,356100000.0,3489100000.0,6083100000.0,304861021.0,18779438893.6,3133000000,21912438893.6,0.0420619595971633,0.0514232616571472,23.7744510616534,19.4464522042042,29.3496368786499,0.176276148651839,-0.0567791760704381,5,5,3.24427876152014,3.08714946221499,1207400000,5,755200000,ok,,https://data.sec.gov/api/xbrl/companyfacts/CIK0001659166.json,https://hfdatalibrary.com/pages/data
GD,0000040533,General Dynamics,Industrials,Aerospace & Defense,394.105,2026-08-14,5,ok,,2026-04-29,2026-04-05,53808000000.0,5508000000.0,4341000000.0,6201000000.0,3654000000.0,8014000000.0,26079000000.0,270430187.0,106577888847.635,4360000000,110937888847.635,0.0407307749002792,0.0581828000821542,24.5514602275132,17.1872099415635,20.1412289120615,0.102363960749331,0.0810972445877121,5,5,0.703112401225609,4.08673219247805,3465000000,5,3390000000,ok,,https://data.sec.gov/api/xbrl/companyfacts/CIK0000040533.json,https://hfdatalibrary.com/pages/data
GDDY,0001609711,GoDaddy,Information Technology,Internet Services & Infrastructure,92.11,2026-08-14,5,ok,,2026-07-31,2026-07-24,4752100000.0,1023000000.0,875000000.0,1453200000.0,966700000.0,3774400000.0,6700000.0,126647704.0,11665520015.44,2807700000,14473220015.44,0.0750073720538721,0.124572243507071,13.3320228747886,8.0274704207542,14.1478201519453,0.215273247616843,0.0672871688469663,5,5,1.93208092485549,1741.12239036418,1005600000,5,875000000,ok,,https://data.sec.gov/api/xbrl/companyfacts/CIK0001609711.json,https://hfdatalibrary.com/pages/data
GE,0000040545,GE Aerospace,Industrials,Aerospace & Defense,366.685,2026-08-14,5,ok,,2026-07-16,2026-06-30,,22460000000.0,7726000000.0,5403000000.0,43299000000.0,20469000000.0,17640000000.0,1037562513.0,380458610079.405,-22830000000,357628610079.405,0.0203070709804347,0.0142012819709149,49.2439308930113,70.4161780639284,15.9229122920483,,-0.0507193805477417,5,5,-4.22543031649084,21.5679484171998,4327000000,5,6566000000,partial,missing_revenue_ttm,https://data.sec.gov/api/xbrl/companyfacts/CIK0000040545.json,https://hfdatalibrary.com/pages/data
GEHC,0001932393,GE HealthCare,Health Care,Health Care Equipment,,,,excluded,ticker_unavailable,2026-04-29,2026-04-22,19799000000.0,2714000000.0,2250000000.0,,2261000000.0,10129000000.0,10668000000.0,454891786.0,,,,,,,,,,,,,,,,,,excluded,ticker_unavailable,https://data.sec.gov/api/xbrl/companyfacts/CIK0001932393.json,
GEN,0000849399,Gen Digital,Information Technology,Systems Software,,,,excluded,ticker_unavailable,2026-08-07,2026-08-04,4227000000.0,1639000000.0,977000000.0,1349000000.0,1006000000.0,8156000000.0,2656000000.0,598587032.0,,,,,,,,,,,,,,,,,,excluded,ticker_unavailable,https://data.sec.gov/api/xbrl/companyfacts/CIK0000849399.json,
GEV,0001996810,GE Vernova,Industrials,Heavy Electrical Equipment,,,,excluded,ticker_unavailable,2026-07-22,2026-06-30,36615000000.0,654000000.0,1141000000.0,2708000000.0,13120000000.0,,11957000000.0,266333581.0,,,,,,,,,,,,,,,,,,excluded,ticker_unavailable,https://data.sec.gov/api/xbrl/companyfacts/CIK0001996810.json,
GILD,0000882095,Gilead Sciences,Health Care,Biotechnology,135.88,2026-08-14,5,ok,,2026-08-06,2026-07-31,28863000000.0,8051000000.0,8510000000.0,9369000000.0,5412000000.0,26246000000.0,11829000000.0,1239955155.0,168485106461.4,20834000000,189319106461.4,0.050508915468737,0.0556072889572969,19.7984848955817,17.9832539717579,23.5149803082102,0.278938433288293,0.0190249123839585,5,5,2.22371651190095,14.243393901547,9456000000,5,5613000000,ok,,https://data.sec.gov/api/xbrl/companyfacts/CIK0000882095.json,https://hfdatalibrary.com/pages/data
GIS,0000040704,General Mills,Consumer Staples,Packaged Foods & Meats,38.175,2026-08-14,5,ok,,2026-07-01,2026-06-15,18424600000.0,885800000.0,-85300000.0,1626300000.0,453800000.0,13469600000.0,7368400000.0,533708396.0,20374318017.3,13015800000,33390118017.3,-0.00418664320089492,0.0798210766426192,,12.528019441247,37.6948724512305,0.0480770274524277,-0.00755409508919758,5,5,8.00332042058661,2.76509391690191,2292900000,5,2518600000,partial,nonpositive_net_income_ttm,https://data.sec.gov/api/xbrl/companyfacts/CIK0000040704.json,https://hfdatalibrary.com/pages/data
GL,0000320335,Globe Life,Financials,Life & Health Insurance,181.05,2026-08-14,5,ok,,2026-08-05,2026-07-31,5883393000.0,1376509000.0,1065502000.0,1348336000.0,38792000.0,2665296000.0,6155815000.0,76849447.0,13913592379.35,2626504000,16540096379.35,0.0765799349980509,0.0969078267666621,13.0582508332692,10.3190839518859,12.0159740178597,0.233965162619597,0.0406053906414057,5,5,1.94795955904166,2.2602356275083,1394265000,5,1031114000,ok,,https://data.sec.gov/api/xbrl/companyfacts/CIK0000320335.json,https://hfdatalibrary.com/pages/data
GLW,0000024741,Corning Inc.,Information Technology,Electronic Components,159.16,2026-08-14,5,ok,,2026-05-01,2026-04-24,10859000000.0,1326000000.0,343000000.0,,1755000000.0,3458000000.0,11812000000.0,860637825.0,136979116227,1703000000,138682116227,0.00250403134030727,,399.356023985423,,104.58681465083,0.122110691592228,0.0263996149008481,,0,,11.5966065210803,,5,1386000000,partial,missing_free_cash_flow_ttm;insufficient_fcf_history,https://data.sec.gov/api/xbrl/companyfacts/CIK0000024741.json,https://hfdatalibrary.com/pages/data
GM,0001467858,General Motors,Consumer Discretionary,Automobile Manufacturers,86.76,2026-08-14,5,ok,,2026-07-21,2026-07-10,171063000000.0,10652000000.0,4880000000.0,14539000000.0,20134000000.0,,62000000000.0,877451541.0,76127695697.16,,,0.0641028203377244,0.190981742805364,15.5999376428607,5.23610259970837,,0.0622694562821884,0.102738861848655,5,5,,1.22786605963161,9299000000,5,9708000000,partial,missing_total_debt,https://data.sec.gov/api/xbrl/companyfacts/CIK0001467858.json,https://hfdatalibrary.com/pages/data
GNRC,0001474735,Generac,Industrials,Heavy Electrical Equipment,216.655,2026-08-14,5,ok,,2026-08-04,2026-07-31,4411654000.0,562065000.0,350155000.0,511466000.0,264921000.0,1212527000.0,2877623000.0,59006361.0,12784023142.455,947606000,13731629142.455,0.0273900474129428,0.040008219188954,36.5096118646171,24.9948640622348,24.4306781999502,0.127404597006021,0.0301776843193158,4,5,1.85272530334372,4.44256358197547,301164000,5,316978000,ok,,https://data.sec.gov/api/xbrl/companyfacts/CIK0001474735.json,https://hfdatalibrary.com/pages/data
GOOG,0001652044,Alphabet Inc. (Class C),Communication Services,Interactive Media & Services,343.31,2026-08-14,5,ok,,2026-07-23,2026-06-30,318146000000.0,121370000000.0,115573000000.0,66728000000.0,55911000000.0,99494000000.0,640480000000.0,,,43583000000,,,,,,,0.381491516473569,0.118224527186747,5,5,0.653144107421173,,69495000000,5,76033000000,partial,missing_shares_outstanding,https://data.sec.gov/api/xbrl/companyfacts/CIK0001652044.json,https://hfdatalibrary.com/pages/data
GOOGL,0001652044,Alphabet Inc. (Class A),Communication Services,Interactive Media & Services,345.73,2026-08-14,5,ok,,2026-07-23,2026-06-30,318146000000.0,121370000000.0,115573000000.0,66728000000.0,55911000000.0,99494000000.0,640480000000.0,,,43583000000,,,,,,,0.381491516473569,0.118224527186747,5,5,0.653144107421173,,69495000000,5,76033000000,partial,missing_shares_outstanding,https://data.sec.gov/api/xbrl/companyfacts/CIK0001652044.json,https://hfdatalibrary.com/pages/data
GPC,0000040987,Genuine Parts Company,Consumer Discretionary,Distributors,134.97,2026-08-14,5,ok,,2026-07-21,2026-07-17,23770865000.0,1430505000.0,679424000.0,251535000.0,900123000.0,4226648000.0,4526012000.0,137859758.0,18606931537.26,3326525000,21933456537.26,0.036514564405177,0.0135183493041992,27.386332448162,73.9735286829268,15.3326668115526,0.0601789207081863,0.0652602585456239,5,5,13.2248991194068,4.11110963410172,922935000,5,904076000,ok,,https://data.sec.gov/api/xbrl/companyfacts/CIK0000040987.json,https://hfdatalibrary.com/pages/data
GPN,0001123360,Global Payments,Financials,Transaction & Payment Processing Services,88.54,2026-08-14,5,ok,,2026-08-05,2026-07-31,7720456000.0,1904788000.0,1490686000.0,2993281000.0,5408962000.0,9268462000.0,23110707000.0,264618390.0,23429312250.6,3859500000,27288812250.6,0.0636248296175158,0.127757954138126,15.7171344271027,7.82730129600261,14.3264301594718,0.246719623814966,-0.0249027572173317,5,5,1.28938779887354,1.01378604516945,2038823000,5,1028823000,ok,,https://data.sec.gov/api/xbrl/companyfacts/CIK0001123360.json,https://hfdatalibrary.com/pages/data
GRMN,0001121788,Garmin,Consumer Discretionary,Consumer Electronics,310.93,2026-08-14,5,ok,,2026-04-29,2026-04-24,6450353000.0,1628408000.0,1468244000.0,1217489000.0,2289916000.0,,9271024000.0,192856206.0,59964780131.58,,,0.0244851060368811,0.0203034013854212,40.8411545571308,49.2528311398132,,0.252452540194312,0.0979756703133017,5,5,,6.46797809298951,1182741000,5,1289636000,partial,missing_total_debt,https://data.sec.gov/api/xbrl/companyfacts/CIK0001121788.json,https://hfdatalibrary.com/pages/data
GS,0000886982,Goldman Sachs,Financials,Investment Banking & Brokerage,1035.47,2026-08-14,5,ok,,2026-08-03,2026-07-17,,,23367000000.0,-24879000000.0,187266000000.0,228723000000.0,122742000000.0,291171408.0,301499257841.76,41457000000,342956257841.76,0.0775026783391421,-0.0825176160568116,12.9027798965105,,,,,2,5,,2.45636585554871,-14903000000,5,14276000000,partial,missing_revenue_ttm;missing_operating_income_ttm;nonpositive_free_cash_flow_ttm;insufficient_revenue_history,https://data.sec.gov/api/xbrl/companyfacts/CIK0000886982.json,https://hfdatalibrary.com/pages/data
GWW,0000277135,W. W. Grainger,Industrials,Industrial Machinery & Supplies & Components,1306.48,2026-08-14,5,ok,,2026-08-04,2026-07-28,17481000000.0,2669000000.0,2010000000.0,1416000000.0,589000000.0,2408000000.0,4131000000.0,47100942.0,61536438704.16,1819000000,63355438704.16,0.0326635736862055,0.023010756387894,30.6151436339104,43.4579369379661,23.7375191847733,0.152680052628568,0.0834218145227095,5,5,1.28460451977401,14.8962572510675,1331000000,5,1808000000,ok,,https://data.sec.gov/api/xbrl/companyfacts/CIK0000277135.json,https://hfdatalibrary.com/pages/data
HAL,0000045012,Halliburton,Energy,Oil & Gas Equipment & Services,33.64,2026-08-14,5,ok,,2026-07-24,2026-07-17,15422000000.0,2961000000.0,1877000000.0,2149000000.0,2048000000.0,7539000000.0,11010000000.0,833130367.0,28026505545.88,5491000000,33517505545.88,0.0669723165068621,0.0766774151162741,14.9315426456473,13.041649858483,11.3196573947585,0.191998443781611,,5,5,2.55514192647743,2.54555000416712,1672000000,5,1595000000,partial,insufficient_revenue_history,https://data.sec.gov/api/xbrl/companyfacts/CIK0000045012.json,https://hfdatalibrary.com/pages/data
HAS,0000046080,Hasbro,Consumer Discretionary,Leisure Products,96.71,2026-08-14,5,ok,,2026-07-30,2026-07-20,4250800000.0,-265800000.0,-558400000.0,624100000.0,1181200000.0,3538200000.0,2995530000.0,141044467.0,13640410403.57,2357000000,15997410403.57,-0.0409371846945202,0.0457537553149177,,21.8561294721519,,-0.0625294062294156,-0.0748526283486781,5,5,3.7766383592373,4.55358831444519,685200000,5,203000000,partial,nonpositive_operating_income_ttm;nonpositive_net_income_ttm,https://data.sec.gov/api/xbrl/companyfacts/CIK0000046080.json,https://hfdatalibrary.com/pages/data
HBAN,0000049196,Huntington Bancshares,Financials,Regional Banks,17.785,2026-08-14,5,ok,,2026-04-30,2026-03-31,1483000000.0,,2067000000.0,1702000000.0,1636000000.0,21594000000.0,32535000000.0,2027130587.0,36052517489.795,19958000000,56010517489.795,0.0573330281466498,0.0472089085174639,17.4419533090445,21.1824427084577,,,0.0884179882225695,5,5,11.7262044653349,1.10811487597341,2215000000,5,1971000000,partial,missing_operating_income_ttm,https://data.sec.gov/api/xbrl/companyfacts/CIK0000049196.json,https://hfdatalibrary.com/pages/data
HCA,0000860730,HCA Healthcare,Health Care,Health Care Facilities,411.785,2026-08-14,5,ok,,2026-04-29,2026-04-27,71585000000.0,,6680000000.0,4948000000.0,940000000.0,48023000000.0,-6303000000.0,221839800.0,91350302043,47083000000,138433302043,0.073125100307338,0.0541651192096869,13.6751949166168,18.4620658938965,,,0.0650603643962835,5,5,9.51556184316896,,5382000000,5,6834000000,partial,missing_operating_income_ttm;nonpositive_stockholders_equity,https://data.sec.gov/api/xbrl/companyfacts/CIK0000860730.json,https://hfdatalibrary.com/pages/data
HD,0000354950,Home Depot (The),Consumer Discretionary,Home Improvement Retail,343.98,2026-08-14,5,ok,,2026-05-27,2026-05-19,162952000000.0,21580000000.0,14639000000.0,15194000000.0,1601000000.0,9749000000.0,13874000000.0,997116682.0,342988196274.36,8148000000,351136196274.36,0.0426807690731436,0.0442989005599661,23.4297558763823,22.5739236721311,16.2713714677646,0.132431636310079,0.0216266540466845,5,5,0.536264314861129,24.7216517424218,14005000000,5,15143000000,ok,,https://data.sec.gov/api/xbrl/companyfacts/CIK0000354950.json,https://hfdatalibrary.com/pages/data
HIG,0000874766,Hartford (The),Financials,Property & Casualty Insurance,137.99,2026-08-14,5,ok,,2026-07-23,2026-07-22,958000000.0,-3607000000.0,1341000000.0,5716000000.0,203000000.0,10915000000.0,19633000000.0,270872002.0,37377627555.98,10712000000,48089627555.98,0.035877076414002,0.152925703790034,27.8729511975988,6.53912308537089,,-3.7651356993737,-0.0101928231840425,5,5,1.8740377886634,1.90381640890236,4005000000,5,2504000000,partial,nonpositive_operating_income_ttm,https://data.sec.gov/api/xbrl/companyfacts/CIK0000874766.json,https://hfdatalibrary.com/pages/data
HII,0001501585,Huntington Ingalls Industries,Industrials,Aerospace & Defense,327.69,2026-08-14,5,ok,,2026-07-30,2026-07-24,11569000000.0,516000000.0,525000000.0,667000000.0,10000000.0,3205000000.0,5073000000.0,39404598.0,12912492718.62,3195000000,16107492718.62,0.0406582997907865,0.0516554018294373,24.5952242259429,19.3590595481559,31.2160711601163,0.0446019534964128,0.0699980592210494,5,5,4.79010494752624,2.54533662894145,482000000,5,579000000,ok,,https://data.sec.gov/api/xbrl/companyfacts/CIK0001501585.json,https://hfdatalibrary.com/pages/data
HLT,0001585689,Hilton Worldwide,Consumer Discretionary,"Hotels, Resorts & Cruise Lines",320.61,2026-08-14,5,ok,,2026-07-28,2026-07-23,11482000000.0,2426000000.0,1591000000.0,2249000000.0,1009000000.0,11000000.0,-6303000000.0,225064910.0,72158060795.1,-998000000,71160060795.1,0.0220488186970241,0.0311676890318084,45.3539037052797,32.0845090240551,29.332259190066,0.211287232189514,0.200919343700205,5,5,-0.443752779012895,,1795000000,5,1257000000,partial,nonpositive_stockholders_equity,https://data.sec.gov/api/xbrl/companyfacts/CIK0001585689.json,https://hfdatalibrary.com/pages/data
HON,0000773840,Honeywell Technologies,Industrials,Industrial Conglomerates,234,2026-08-14,5,ok,,2026-07-24,2026-06-30,34282000000.0,7531000000.0,5741000000.0,5399000000.0,8751000000.0,31510000000.0,18537000000.0,316940010.0,74163962340,22759000000,96922962340,0.0774095641449246,0.0727981600450179,12.9183003553388,13.7366109168365,12.86986619838,0.219677965112887,0.0214690500262742,5,5,4.21541026115947,4.00086110697524,5143000000,5,5610000000,ok,,https://data.sec.gov/api/xbrl/companyfacts/CIK0000773840.json,https://hfdatalibrary.com/pages/data
HONA,0002089271,Honeywell Aerospace,Industrials,Aerospace & Defense,,,,excluded,ticker_unavailable,2026-08-05,2026-07-25,,,,,1057000000.0,15853000000.0,-5697000000.0,316952725.0,,,,,,,,,,,,,,,,,,excluded,ticker_unavailable,https://data.sec.gov/api/xbrl/companyfacts/CIK0002089271.json,
HOOD,0001783879,Robinhood Markets,Financials,Investment Banking & Brokerage,94.9,2026-08-14,5,ok,,2026-07-30,2026-06-30,,,1788000000.0,4521000000.0,5362000000.0,,8567000000.0,,,,,,,,,,,0.252935043674794,0,2,,,,5,-541000000,partial,missing_shares_outstanding;missing_revenue_ttm;missing_operating_income_ttm;missing_total_debt;insufficient_fcf_history,https://data.sec.gov/api/xbrl/companyfacts/CIK0001783879.json,https://hfdatalibrary.com/pages/data
HPE,0001645590,Hewlett Packard Enterprise,Information Technology,"Technology Hardware, Storage & Peripherals",58.495,2026-08-14,5,ok,,2026-06-02,2026-05-26,31649000000.0,564000000.0,2595000000.0,107000000.0,5292000000.0,21246000000.0,25292000000.0,1324203521.0,77459284960.895,15954000000,93413284960.895,0.0335014711446158,0.00138137087185892,29.8494354377245,723.918551036402,165.626391774637,0.0178204682612405,0.0540511965504533,5,5,149.102803738318,3.06260022777538,1600000000,5,2025000000,ok,,https://data.sec.gov/api/xbrl/companyfacts/CIK0001645590.json,https://hfdatalibrary.com/pages/data
HPQ,0000047217,HP Inc.,Information Technology,"Technology Hardware, Storage & Peripherals",29.87,2026-08-14,5,ok,,2026-05-28,2026-05-20,54298000000.0,3430000000.0,4554000000.0,,3703000000.0,9666000000.0,-144000000.0,914522690.0,27316792750.3,5963000000,33279792750.3,0.166710639921298,,5.99841738039087,,9.70256348405248,0.0631699141773178,-0.0338451113331921,5,5,,,3157000000,5,3132000000,partial,missing_free_cash_flow_ttm;nonpositive_stockholders_equity,https://data.sec.gov/api/xbrl/companyfacts/CIK0000047217.json,https://hfdatalibrary.com/pages/data
HRL,0000048465,Hormel Foods,Consumer Staples,Packaged Foods & Meats,24.48,2026-08-14,5,ok,,2026-05-28,2026-04-26,9302852000.0,1007856000.0,746967000.0,695741000.0,826750000.0,2856339000.0,7949320000.0,,,2029589000,,,,,,,0.108338389130559,,5,5,2.91716170241512,,777636000,5,804631000,partial,missing_shares_outstanding;insufficient_revenue_history,https://data.sec.gov/api/xbrl/companyfacts/CIK0000048465.json,https://hfdatalibrary.com/pages/data
HSIC,0001000228,Henry Schein,Health Care,Health Care Distributors,89.74,2026-08-14,5,ok,,2026-08-04,2026-07-27,12773000000.0,638000000.0,402000000.0,379000000.0,88115000.0,451546000.0,3157000000.0,111446542.0,10001212679.08,363431000,10364643679.08,0.0401951256212041,0.037895404503573,24.8786385051741,26.3884239553562,16.2455230079624,0.0499491114068739,0.0154028960756123,5,5,0.958920844327177,3.167948267051,573000000,5,436000000,ok,,https://data.sec.gov/api/xbrl/companyfacts/CIK0001000228.json,https://hfdatalibrary.com/pages/data
HST,0001070750,Host Hotels & Resorts,Real Estate,Hotel & Resort REITs,22.73,2026-08-14,5,ok,,2026-08-07,2026-08-05,5927000000.0,854000000.0,669000000.0,1429000000.0,1953000000.0,1274000000.0,6388000000.0,685124399.0,15572877589.27,-679000000,14893877589.27,0.0429593051229628,0.0917621031699759,23.2778439301495,10.8977449889923,17.4401376923536,0.144086384342838,0.206021992086808,,0,-0.475157452764171,2.43783306031152,,5,707000000,partial,insufficient_fcf_history,https://data.sec.gov/api/xbrl/companyfacts/CIK0001070750.json,https://hfdatalibrary.com/pages/data
HSY,0000047111,Hershey Company (The),Consumer Staples,Packaged Foods & Meats,184.24,2026-08-14,5,ok,,2026-07-30,2026-06-28,11295171000.0,2114343000.0,1861787000.0,1652654000.0,365963000.0,5189135000.0,4636750000.0,223805223.0,41233874285.52,4823172000,46057046285.52,0.0451518813659913,0.0400800077275387,22.1474713732129,24.9500949899495,21.7831479024548,0.187189994733147,0.0684708223875168,5,5,2.91844027848539,8.89283965827789,1808356000,5,1644817000,ok,,https://data.sec.gov/api/xbrl/companyfacts/CIK0000047111.json,https://hfdatalibrary.com/pages/data
HUBB,0000048898,Hubbell Incorporated,Industrials,Industrial Machinery & Supplies & Components,,,,excluded,ticker_unavailable,2026-05-01,2026-04-27,5594600000.0,1095000000.0,800100000.0,770300000.0,501600000.0,2573000000.0,3768600000.0,52841777.0,,,,,,,,,,,,,,,,,,excluded,ticker_unavailable,https://data.sec.gov/api/xbrl/companyfacts/CIK0000048898.json,
HUM,0000049071,Humana,Health Care,Managed Health Care,385.76,2026-08-14,5,ok,,2026-04-29,2026-03-31,120262000000.0,3340000000.0,1717000000.0,2381000000.0,4951000000.0,13993000000.0,18580000000.0,120061500.0,46314924240,9042000000,55356924240,0.0370722834631587,0.0514089149247413,26.9743297845079,19.4518791432171,16.5739294131737,0.0277726962797891,0.117765370621094,5,5,3.79756404871903,2.4927300452099,2391000000,5,2484000000,ok,,https://data.sec.gov/api/xbrl/companyfacts/CIK0000049071.json,https://hfdatalibrary.com/pages/data
HWM,0000004281,Howmet Aerospace,Industrials,Aerospace & Defense,,,,excluded,ticker_unavailable,2026-08-06,2026-08-03,7721000000.0,1881000000.0,469000000.0,1018000000.0,563000000.0,4501000000.0,5732000000.0,398801399.0,,,,,,,,,,,,,,,,,,excluded,ticker_unavailable,https://data.sec.gov/api/xbrl/companyfacts/CIK0000004281.json,
IBKR,0001381197,Interactive Brokers,Financials,Investment Banking & Brokerage,91.55,2026-08-14,5,ok,,2026-08-06,2026-06-30,2235000000.0,,3773000000.0,,7711000000.0,,5904000000.0,42231651.0,3866307649.05,,,0.975866470669263,,1.02473036020408,,,,0.116888852024141,,0,,0.654862406681911,,5,2812000000,partial,missing_operating_income_ttm;missing_free_cash_flow_ttm;missing_total_debt;insufficient_fcf_history,https://data.sec.gov/api/xbrl/companyfacts/CIK0001381197.json,https://hfdatalibrary.com/pages/data
IBM,0000051143,IBM,Information Technology,IT Consulting & Other Services,236.14,2026-08-14,5,ok,,2026-07-23,2026-06-30,64041000000.0,,5521000000.0,12239000000.0,7172000000.0,66462000000.0,34452000000.0,942134390.0,222475614854.6,59290000000,281765614854.6,0.0248162029065895,0.0550127707614107,40.2962533697881,18.1775974225509,,,0.0417140124348967,5,5,4.84435002859711,6.45755296803088,12102000000,5,6023000000,partial,missing_operating_income_ttm,https://data.sec.gov/api/xbrl/companyfacts/CIK0000051143.json,https://hfdatalibrary.com/pages/data
ICE,0001571949,Intercontinental Exchange,Financials,Financial Exchanges & Data,151.35,2026-08-14,5,ok,,2026-07-30,2026-07-27,12554000000.0,4698000000.0,3057000000.0,4458000000.0,1067000000.0,19846000000.0,29551000000.0,561394487.0,84967055607.45,18779000000,103746055607.45,0.0359786505268986,0.0524673941932986,27.7942609118253,19.0594561703567,22.0830258849404,0.374223355105942,0.0835960203324824,5,5,4.21242709735307,2.87526837018883,3352000000,5,2802000000,ok,,https://data.sec.gov/api/xbrl/companyfacts/CIK0001571949.json,https://hfdatalibrary.com/pages/data
IDXX,0000874716,Idexx Laboratories,Health Care,Health Care Equipment,570.76,2026-08-14,5,ok,,2026-08-04,2026-07-31,4037715000.0,1255158000.0,845042000.0,784337000.0,196933000.0,449864000.0,1612575000.0,78781116.0,44965109768.16,252931000,45218040768.16,0.0187932822661178,0.0174432355229208,53.2105028722359,57.3288137218568,36.025775853048,0.310858492984275,0.0756042185076229,5,5,0.322477455481509,27.8840424588996,772879000,5,845042000,ok,,https://data.sec.gov/api/xbrl/companyfacts/CIK0000874716.json,https://hfdatalibrary.com/pages/data
IEX,0000832101,IDEX Corporation,Industrials,Industrial Machinery & Supplies & Components,238.77,2026-08-14,5,ok,,2026-07-29,2026-07-24,3340800000.0,663200000.0,468600000.0,587000000.0,621300000.0,1859000000.0,4008000000.0,73719896.0,17602099567.92,1237700000,18839799567.92,0.0266218241859072,0.0333482944881083,37.5631659580026,29.9865410015673,28.4074179250905,0.198515325670498,0.0574847631904298,5,5,2.10851788756388,4.39174140916168,603000000,5,504600000,ok,,https://data.sec.gov/api/xbrl/companyfacts/CIK0000832101.json,https://hfdatalibrary.com/pages/data
IFF,0000051253,International Flavors & Fragrances,Materials,Specialty Chemicals,84.09,2026-08-14,5,ok,,2026-08-04,2026-07-31,9665000000.0,696000000.0,-384000000.0,565000000.0,569000000.0,5699000000.0,13976000000.0,255149963.0,21455560388.67,5130000000,26585560388.67,-0.0178974584230752,0.0263335000235351,,37.9744431657876,38.1976442365948,0.0720124159337817,-0.0168501058429622,4,5,9.07964601769912,1.53517175076345,607000000,5,-359000000,partial,nonpositive_net_income_ttm,https://data.sec.gov/api/xbrl/companyfacts/CIK0000051253.json,https://hfdatalibrary.com/pages/data
INCY,0000879169,Incyte,Health Care,Biotechnology,120.77,2026-08-14,5,ok,,2026-04-28,2026-04-21,4413226000.0,174636000.0,21270000.0,,3461114000.0,230513000.0,5622847000.0,199782155.0,24127690859.35,-3230601000,20897089859.35,0.000881559703495514,,1134.35311985661,,119.660836593543,0.0395710530120143,0.145469795000962,2,2,,4.29100967167522,,5,597599000,partial,missing_free_cash_flow_ttm;insufficient_fcf_history,https://data.sec.gov/api/xbrl/companyfacts/CIK0000879169.json,https://hfdatalibrary.com/pages/data
INTC,0000050863,Intel,Information Technology,Semiconductors,101.01,2026-08-14,5,ok,,2026-07-24,2026-07-17,53070000000.0,-12122000000.0,-21053000000.0,-10943000000.0,12874000000.0,50537000000.0,87542000000.0,5044000000.0,509494440000,37663000000,547157440000,-0.0413213537717899,-0.0214781539127296,,,,-0.228415300546448,-0.09554230790363,1,5,,5.82,-9411000000,5,1675000000,partial,nonpositive_operating_income_ttm;nonpositive_net_income_ttm;nonpositive_free_cash_flow_ttm,https://data.sec.gov/api/xbrl/companyfacts/CIK0000050863.json,https://hfdatalibrary.com/pages/data
INTU,0000896878,Intuit,Information Technology,Application Software,336.45,2026-08-14,5,ok,,2026-05-20,2026-05-14,18184000000.0,4433000000.0,3468000000.0,6161000000.0,4681000000.0,5412000000.0,20629000000.0,273537000.0,92031523650,731000000,92762523650,0.0376827402444075,0.0669444528967113,26.5373482266436,14.9377574500893,20.9254508572073,0.243785745710515,0.182432781111106,5,5,0.11864956987502,4.46126926414271,4693000000,5,2384000000,ok,,https://data.sec.gov/api/xbrl/companyfacts/CIK0000896878.json,https://hfdatalibrary.com/pages/data
INVH,0001687229,Invitation Homes,Real Estate,Single-Family Residential REITs,,,,excluded,ticker_unavailable,2026-07-30,2026-07-29,-11859000.0,140952000.0,546797000.0,1125374000.0,75786000.0,8526691000.0,9054417000.0,590623226.0,,,,,,,,,,,,,,,,,,excluded,ticker_unavailable,https://data.sec.gov/api/xbrl/companyfacts/CIK0001687229.json,
IP,0000051434,International Paper,Materials,Paper & Plastic Packaging Products & Materials,41.15,2026-08-14,5,ok,,2026-08-05,2026-07-31,17888000000.0,2097000000.0,172000000.0,572000000.0,726000000.0,9841000000.0,14455000000.0,529569895.0,21791801179.25,9115000000,30906801179.25,0.0078928767101536,0.0262484039430689,126.696518484012,38.0975545091783,14.7385794846209,0.117229427549195,0.0510919308534705,4,5,15.9353146853147,1.5075614790211,757000000,5,557000000,ok,,https://data.sec.gov/api/xbrl/companyfacts/CIK0000051434.json,https://hfdatalibrary.com/pages/data
IQV,0001478242,IQVIA,Health Care,Life Sciences Tools & Services,242.47,2026-08-14,5,ok,,2026-05-05,2026-04-30,15497000000.0,2192000000.0,1333000000.0,2163000000.0,1947000000.0,15833000000.0,6221000000.0,166900000.0,40468243000,13886000000,54354243000,0.0329394088100143,0.0534493182716136,30.3587719429857,18.7093125288951,24.7966437043796,0.141446731625476,0.0412684438443722,5,5,6.41978733240869,6.50510255585919,2051000000,5,1358000000,ok,,https://data.sec.gov/api/xbrl/companyfacts/CIK0001478242.json,https://hfdatalibrary.com/pages/data
IR,0001699150,Ingersoll Rand,Industrials,Industrial Machinery & Supplies & Components,84.785,2026-08-14,5,ok,,2026-07-31,2026-07-24,7364300000.0,1114000000.0,529900000.0,1298300000.0,1173500000.0,2778100000.0,10177300000.0,387999429.0,32896531587.765,1604600000,34501131587.765,0.0161080811387752,0.0394661667153649,62.0806408525477,25.3381588136525,30.9704951416203,0.151270317613351,0.10388760547491,5,5,1.23592390048525,3.23234370488882,1220100000,5,608500000,ok,,https://data.sec.gov/api/xbrl/companyfacts/CIK0001699150.json,https://hfdatalibrary.com/pages/data
IRM,0001020569,Iron Mountain,Real Estate,Other Specialized REITs,124.44,2026-08-14,5,ok,,2026-08-05,2026-07-24,6443114000.0,1047792000.0,44913000.0,-988268000.0,250710000.0,17349649000.0,-1280920000.0,297702812.0,37046137925.28,17098939000,54145076925.28,0.00121235309576904,-0.0266766808997278,824.842204379133,,51.6754059252982,0.1626219868219,0.113371354663051,2,5,,,-225656000,5,187263000,partial,nonpositive_free_cash_flow_ttm;nonpositive_stockholders_equity,https://data.sec.gov/api/xbrl/companyfacts/CIK0001020569.json,https://hfdatalibrary.com/pages/data
ISRG,0001035267,Intuitive Surgical,Health Care,Health Care Equipment,401.22,2026-08-14,5,ok,,2026-07-21,2026-07-16,9145000000.0,2633700000.0,2626500000.0,,2760400000.0,,18168400000.0,353278038.0,141742214406.36,,,0.0185301182925653,,53.9661962331468,,,0.287993439037726,0.152226916834818,5,5,,7.80157935791594,1303800000,5,1817300000,partial,missing_free_cash_flow_ttm;missing_total_debt,https://data.sec.gov/api/xbrl/companyfacts/CIK0001035267.json,https://hfdatalibrary.com/pages/data
IT,0000749251,Gartner,Information Technology,IT Consulting & Other Services,183.4,2026-08-14,5,ok,,2026-08-04,2026-07-31,6420009000.0,1168747000.0,1265344000.0,,1488706000.0,3184281000.0,-167345000.0,63148976.0,11581522198.4,1695575000,13277097198.4,0.109255413780998,,9.15286451621061,,11.360112324053,0.182047564107776,0.0823683780836351,,0,,,,5,807799000,partial,missing_free_cash_flow_ttm;nonpositive_stockholders_equity;insufficient_fcf_history,https://data.sec.gov/api/xbrl/companyfacts/CIK0000749251.json,https://hfdatalibrary.com/pages/data
ITW,0000049826,Illinois Tool Works,Industrials,Industrial Machinery & Supplies & Components,292.51,2026-08-14,5,ok,,2026-08-06,2026-06-30,15790000000.0,4102000000.0,3365000000.0,2724000000.0,839000000.0,9694000000.0,8242293000.0,284800000.0,83306848000,8855000000,92161848000,0.0403928378132852,0.0326983923338451,24.7568641901932,30.582543318649,22.4675397367138,0.259784673844205,0.0264159846596637,5,5,3.2507342143906,10.107241759059,2707000000,5,3034000000,ok,,https://data.sec.gov/api/xbrl/companyfacts/CIK0000049826.json,https://hfdatalibrary.com/pages/data
IVZ,0000914208,Invesco,Financials,Asset Management & Custody Banks,31.77,2026-08-14,5,ok,,2026-08-04,2026-06-30,6153100000.0,903700000.0,807000000.0,1156300000.0,915400000.0,1445600000.0,12471900000.0,441499780.0,14026448010.6,530200000,14556648010.6,0.0575341668389701,0.0824371215810422,17.380976469145,12.1304575028972,16.1078322569437,0.146869057873267,-0.0193132971083582,5,5,0.458531522961169,1.12464404065138,1120900000,5,752400000,ok,,https://data.sec.gov/api/xbrl/companyfacts/CIK0000914208.json,https://hfdatalibrary.com/pages/data
J,0000052988,Jacobs Solutions,Industrials,Construction & Engineering,145.31,2026-08-14,5,ok,,2026-08-04,2026-07-24,14984646000.0,848284000.0,523173000.0,412154000.0,1172914000.0,3579376000.0,3264489000.0,117038611.0,17006880564.41,2406462000,19413342564.41,0.0307624315945885,0.0242345442739515,32.5071832155138,41.2634126186086,22.8854281872698,0.0566102128805712,,5,5,5.8387447410434,5.20966085791988,633462000,5,715412000,partial,insufficient_revenue_history,https://data.sec.gov/api/xbrl/companyfacts/CIK0000052988.json,https://hfdatalibrary.com/pages/data
JBHT,0000728535,J.B. Hunt,Industrials,Cargo Ground Transportation,276.63,2026-08-14,5,ok,,2026-07-24,2026-06-30,7189568000.0,807101000.0,553884000.0,600416000.0,4162000.0,1395337000.0,3657115000.0,93914939.0,25979689575.57,1391175000,27370864575.57,0.0213198852276066,0.0231109766825159,46.9045676993197,43.2694824514503,33.9125643204134,0.112260013397189,,4,5,2.31701853381655,7.10387547987143,276335000,5,728287000,partial,insufficient_revenue_history,https://data.sec.gov/api/xbrl/companyfacts/CIK0000728535.json,https://hfdatalibrary.com/pages/data
JBL,0000898293,Jabil,Information Technology,Electronic Manufacturing Services,,,,excluded,ticker_unavailable,2026-06-30,2026-06-24,28514000000.0,1163000000.0,577000000.0,1164000000.0,1360000000.0,3306019000.0,1323000000.0,104787089.0,,,,,,,,,,,,,,,,,,excluded,ticker_unavailable,https://data.sec.gov/api/xbrl/companyfacts/CIK0000898293.json,
JCI,0000833444,Johnson Controls,Industrials,Building Products,152.8,2026-08-14,5,ok,,2026-05-06,2026-03-31,23248000000.0,474000000.0,2707000000.0,1798000000.0,698000000.0,9195000000.0,13518000000.0,610115603.0,93225664138.4,8497000000,101722664138.4,0.0290370685477903,0.0192865346320381,34.4387381375693,51.8496463506118,214.604776663291,0.0203888506538197,-0.000761374035749496,5,5,4.7258064516129,6.89640953827489,1410000000,5,1900000000,ok,,https://data.sec.gov/api/xbrl/companyfacts/CIK0000833444.json,https://hfdatalibrary.com/pages/data
JKHY,0000779152,Jack Henry & Associates,Financials,Transaction & Payment Processing Services,153.66,2026-08-14,5,ok,,2026-05-07,2026-04-24,2319828000.0,538643000.0,429217000.0,481234000.0,20573000.0,125000000.0,2134811000.0,71050780.0,10917662854.8,104427000,11022089854.8,0.0393140002314042,0.0440784814845627,25.4362312182416,22.6868069479713,20.4626995148921,0.232190921051043,0.07810183512783,5,5,0.216998383322874,5.11411214144952,469972000,5,366646000,ok,,https://data.sec.gov/api/xbrl/companyfacts/CIK0000779152.json,https://hfdatalibrary.com/pages/data
JNJ,0000200406,Johnson & Johnson,Health Care,Pharmaceuticals,260.71,2026-08-14,5,ok,,2026-07-23,2026-07-17,90627000000.0,17581000000.0,16323000000.0,18549000000.0,20422000000.0,45844000000.0,84971000000.0,2409898597.0,628284663223.87,25422000000,653706663223.87,0.0259802617435272,0.0295232417497204,38.4907592491497,33.8716191290026,37.1825643151055,0.193992960155362,0.0459771960296798,5,5,1.37053210415656,7.39410696854068,19698000000,5,20878000000,ok,,https://data.sec.gov/api/xbrl/companyfacts/CIK0000200406.json,https://hfdatalibrary.com/pages/data
JPM,0000019617,JPMorgan Chase,Financials,Diversified Banks,362.82,2026-08-14,5,ok,,2026-08-06,2026-06-30,182447000000.0,,17923000000.0,,278793000000.0,269929000000.0,374598000000.0,2658186195.0,964443115269.9,-8864000000,955579115269.9,0.018583781372097,,53.8103618406461,,,,0.10663943502362,,0,,2.57460828747057,,5,49552000000,partial,missing_operating_income_ttm;missing_free_cash_flow_ttm;insufficient_fcf_history,https://data.sec.gov/api/xbrl/companyfacts/CIK0000019617.json,https://hfdatalibrary.com/pages/data
KDP,0001418135,Keurig Dr Pepper,Consumer Staples,Soft Drinks & Non-alcoholic Beverages,29.56,2026-08-14,5,ok,,2026-08-10,2026-08-10,15759000000.0,2664000000.0,1535000000.0,1601000000.0,1517000000.0,29980000000.0,25032000000.0,1360826038.0,40226017683.28,28463000000,68689017683.28,0.0381593826186286,0.0398001117735663,26.2058747122345,25.1255575785634,25.784165797027,0.169046259280411,0.0696471624887045,5,5,17.7782635852592,1.60698376810802,1656000000,5,2079000000,ok,,https://data.sec.gov/api/xbrl/companyfacts/CIK0001418135.json,https://hfdatalibrary.com/pages/data
KEY,0000091576,KeyCorp,Financials,Regional Banks,22.895,2026-08-14,5,ok,,2026-08-04,2026-07-31,1705000000.0,,861000000.0,1459000000.0,1711000000.0,10967000000.0,19798000000.0,1067128554.0,24431908243.83,9256000000,33687908243.83,0.0352408003258377,0.0597169891700315,28.3762000509059,16.7456533542358,,,-0.300175777346149,5,5,6.34407128169979,1.23405941225528,2101000000,5,1829000000,partial,missing_operating_income_ttm,https://data.sec.gov/api/xbrl/companyfacts/CIK0000091576.json,https://hfdatalibrary.com/pages/data
KEYS,0001601046,Keysight Technologies,Information Technology,Electronic Equipment & Instruments,353.76,2026-08-14,5,ok,,2026-06-04,2026-05-29,5921000000.0,860000000.0,742000000.0,1346000000.0,2412000000.0,1832000000.0,6331000000.0,170895368.0,60455945383.68,-580000000,59875945383.68,0.0122733999988081,0.0222641460894821,81.4770153418868,44.9152640294799,69.6231923066047,0.145245735517649,0.0212703324262415,5,5,-0.430906389301634,9.54919371089559,1148000000,5,894000000,ok,,https://data.sec.gov/api/xbrl/companyfacts/CIK0001601046.json,https://hfdatalibrary.com/pages/data
KHC,0001637459,Kraft Heinz,Consumer Staples,Packaged Foods & Meats,24.82,2026-08-14,5,ok,,2026-08-05,2026-08-01,,-6919000000.0,-5267000000.0,3494000000.0,2419000000.0,13636000000.0,36006000000.0,1185823758.0,29432145673.56,11217000000,40649145673.56,-0.178953993311182,0.118713736971572,,8.4236249781225,,,,5,5,3.21036061820263,0.817423364815864,3160000000,5,2368000000,partial,missing_revenue_ttm;nonpositive_operating_income_ttm;nonpositive_net_income_ttm;insufficient_revenue_history,https://data.sec.gov/api/xbrl/companyfacts/CIK0001637459.json,https://hfdatalibrary.com/pages/data
KIM,0000879101,Kimco Realty,Real Estate,Retail REITs,24.18,2026-08-14,5,ok,,2026-08-04,2026-07-28,2094828000.0,723979000.0,605870000.0,,699242000.0,7718700000.0,10265601000.0,670789373.0,16219687039.14,7019458000,23239145039.14,0.0373539883068006,,26.7709030635945,,32.0991976827228,0.345603075765648,0.119072379904529,1,1,,1.58000364899629,,5,592810000,partial,missing_free_cash_flow_ttm;insufficient_fcf_history,https://data.sec.gov/api/xbrl/companyfacts/CIK0000879101.json,https://hfdatalibrary.com/pages/data
KKR,0001404912,KKR & Co.,Financials,Asset Management & Custody Banks,,,,excluded,ticker_unavailable,2026-08-06,2026-08-05,2006791000.0,,4857913000.0,4558516000.0,5363009000.0,36914472000.0,31047399000.0,897635601.0,,,,,,,,,,,,,,,,,,excluded,ticker_unavailable,https://data.sec.gov/api/xbrl/companyfacts/CIK0001404912.json,
KLAC,0000319201,KLA Corporation,Information Technology,Semiconductor Materials & Equipment,203.95,2026-08-14,5,ok,,2026-08-06,2026-08-03,13579476000.0,786691000.0,4061643000.0,3767134000.0,1649842000.0,3422097000.0,6349820000.0,1306546783.0,266470216392.85,1772255000,268242471392.85,0.0152423901439402,0.0141371671888697,65.6065085958687,70.7355290236158,340.975645320526,0.0579323532071488,0.101876153942366,5,5,0.470451807660678,41.965003164318,3328214000,5,3387351000,ok,,https://data.sec.gov/api/xbrl/companyfacts/CIK0000319201.json,https://hfdatalibrary.com/pages/data
KMB,0000055785,Kimberly-Clark,Consumer Staples,Household Products,108.94,2026-08-14,5,ok,,2026-08-04,2026-07-28,16465000000.0,2669000000.0,2452000000.0,2102000000.0,956000000.0,6482000000.0,1750000000.0,332579038.0,36231160399.72,5526000000,41757160399.72,0.0676765517015831,0.0580163587588612,14.7761665577977,17.2365177924453,15.64524556003,0.162101427269967,-0.0409351357994709,5,5,2.62892483349191,20.7035202284114,1857000000,5,1961000000,ok,,https://data.sec.gov/api/xbrl/companyfacts/CIK0000055785.json,https://hfdatalibrary.com/pages/data
KMI,0001506307,Kinder Morgan,Energy,Oil & Gas Storage & Transportation,31.72,2026-08-14,5,ok,,2026-07-24,2026-07-23,14328000000.0,4420000000.0,2830000000.0,2728000000.0,89000000.0,32248000000.0,31631000000.0,2226802089.0,70634162263.08,32159000000,102793162263.08,0.040065598703635,0.0386215382556594,24.9590679374841,25.8922882196041,23.256371552733,0.308486878838638,-0.0150701542235695,5,5,11.7884897360704,2.23306763185103,3346000000,5,2625000000,ok,,https://data.sec.gov/api/xbrl/companyfacts/CIK0001506307.json,https://hfdatalibrary.com/pages/data
KO,0000021344,Coca-Cola Company (The),Consumer Staples,Soft Drinks & Non-alcoholic Beverages,86.875,2026-08-14,5,ok,,2026-04-30,2026-04-28,49284000000.0,14462000000.0,13768000000.0,12562000000.0,10574000000.0,36496000000.0,33633000000.0,4302482418.0,373778160063.75,25922000000,399700160063.75,0.0368346828976091,0.0336081701452473,27.1483265589592,29.7546696436674,27.6379587929574,0.293442090739388,0.0552974113003635,5,5,2.06352491641458,11.1134350210731,9534000000,5,10649000000,ok,,https://data.sec.gov/api/xbrl/companyfacts/CIK0000021344.json,https://hfdatalibrary.com/pages/data
KR,0000056873,Kroger,Consumer Staples,Food Retail,56.445,2026-08-14,5,ok,,2026-06-26,2026-06-24,146972000000.0,3877000000.0,1060000000.0,1844000000.0,2873000000.0,15378000000.0,6472000000.0,612647282.0,34580875832.49,12505000000,47085875832.49,0.030652780604362,0.0533242711645694,32.6234677665,18.7531864601356,12.1449254146221,0.0263791742644858,0.0172098686628319,5,5,6.78145336225597,5.34315139562577,2884000000,5,2169000000,ok,,https://data.sec.gov/api/xbrl/companyfacts/CIK0000056873.json,https://hfdatalibrary.com/pages/data
KVUE,0001944048,Kenvue,Consumer Staples,Personal Care Products,,,,excluded,ticker_unavailable,2026-08-06,2026-07-31,15141000000.0,2387000000.0,1418000000.0,1633000000.0,1110000000.0,7687000000.0,10553000000.0,1920773467.0,,,,,,,,,,,,,,,,,,excluded,ticker_unavailable,https://data.sec.gov/api/xbrl/companyfacts/CIK0001944048.json,
L,0000060086,Loews Corporation,Financials,Multi-line Insurance,113.125,2026-08-14,5,ok,,2026-08-03,2026-07-31,3087000000.0,,1422000000.0,3071000000.0,508000000.0,10072000000.0,19115000000.0,204427720.0,23125885825,9564000000,32689885825,0.0614895364770314,0.132794913165234,16.2629295534459,7.53040893031586,,,0.121688099516218,5,5,3.11429501790948,1.20982923489406,2654000000,5,1545000000,partial,missing_operating_income_ttm,https://data.sec.gov/api/xbrl/companyfacts/CIK0000060086.json,https://hfdatalibrary.com/pages/data
LDOS,0001336920,Leidos,Industrials,Diversified Support Services,140.835,2026-08-14,5,ok,,2026-08-04,2026-07-28,16979000000.0,2038000000.0,1402000000.0,1364000000.0,748000000.0,1164000000.0,5284000000.0,125492209.0,17673695254.515,416000000,18089695254.515,0.0793269307753758,0.0771768427800376,12.6060593826783,12.9572545854216,8.87619983047841,0.120030626067495,0.0586166743540899,5,5,0.304985337243402,3.34475686118755,980000000,5,759000000,ok,,https://data.sec.gov/api/xbrl/companyfacts/CIK0001336920.json,https://hfdatalibrary.com/pages/data
LEN,0000920760,Lennar,Consumer Discretionary,Homebuilding,86.8,2026-08-14,5,ok,,2026-06-29,2026-05-31,35371977000.0,4421666000.0,3297681000.0,278660000.0,3756305000.0,5874995000.0,21620638000.0,,,2118690000,,,,,,,0.125004774259578,0.0594961166651569,5,5,7.60313643867078,,2467602000,5,3967655000,partial,missing_shares_outstanding,https://data.sec.gov/api/xbrl/companyfacts/CIK0000920760.json,https://hfdatalibrary.com/pages/data
LH,0000920148,Labcorp,Health Care,Health Care Services,322.65,2026-08-14,5,ok,,2026-08-05,2026-08-04,13483800000.0,1191100000.0,764500000.0,1261800000.0,141800000.0,6857900000.0,8606800000.0,81100000.0,26166915000,6716100000,32883015000,0.0292162832339999,0.0482211984102826,34.2274885546109,20.7377674750357,27.6072663924104,0.0883356323884958,0.0151729485081602,5,5,5.3226343319068,3.04026060789143,1206000000,5,877700000,ok,,https://data.sec.gov/api/xbrl/companyfacts/CIK0000920148.json,https://hfdatalibrary.com/pages/data
LHX,0000202058,L3Harris,Industrials,Aerospace & Defense,289.96,2026-08-14,5,ok,,2026-07-30,2026-07-24,22392000000.0,2320000000.0,1732000000.0,2808000000.0,1521000000.0,9738000000.0,19882000000.0,186214616.0,53994790055.36,8217000000,62211790055.36,0.0320771688939657,0.052005017467815,31.1748210481293,19.2289138373789,26.815426748,0.103608431582708,,5,5,2.92628205128205,2.71576250152701,2151000000,5,1512000000,partial,insufficient_revenue_history,https://data.sec.gov/api/xbrl/companyfacts/CIK0000202058.json,https://hfdatalibrary.com/pages/data
LII,0001069202,Lennox International,Industrials,Building Products,,,,excluded,ticker_unavailable,2026-04-29,2026-04-22,5366800000.0,1041600000.0,816400000.0,773100000.0,48200000.0,18300000.0,1213900000.0,34799968.0,,,,,,,,,,,,,,,,,,excluded,ticker_unavailable,https://data.sec.gov/api/xbrl/companyfacts/CIK0001069202.json,
LIN,0001707925,Linde plc,Materials,Industrial Gases,482.705,2026-08-14,5,ok,,2026-07-31,2026-06-30,33245000000.0,8894000000.0,6885000000.0,5069000000.0,4898000000.0,23152000000.0,39081000000.0,460980163.0,222517429580.915,18254000000,240771429580.915,0.0309413964243928,0.0227802379775232,32.3191618853907,43.8976976880874,27.071219876424,0.267528951722063,0.0249715072998289,5,5,3.60110475438943,5.69374963744313,5518000000,5,6341000000,ok,,https://data.sec.gov/api/xbrl/companyfacts/CIK0001707925.json,https://hfdatalibrary.com/pages/data
LITE,0001633978,Lumentum,Information Technology,Communications Equipment,,,,excluded,ticker_unavailable,2026-05-06,2026-04-30,1645000000.0,-305100000.0,-439900000.0,-103900000.0,2617800000.0,3281800000.0,2973400000.0,77800000.0,,,,,,,,,,,,,,,,,,excluded,ticker_unavailable,https://data.sec.gov/api/xbrl/companyfacts/CIK0001633978.json,
LLY,0000059478,Lilly (Eli),Health Care,Pharmaceuticals,1214.63,2026-08-14,5,ok,,2026-08-05,2026-08-03,53258200000.0,,,9811100000.0,8950000000.0,54908000000.0,33879000000.0,941357065.0,1143400531860.95,45958000000,1189358531860.95,,0.00858063270622401,,116.541522547008,,,0.231708353318786,,0,4.6842861656695,33.7495360506789,,5,6244800000,partial,missing_operating_income_ttm;missing_net_income_ttm;insufficient_fcf_history,https://data.sec.gov/api/xbrl/companyfacts/CIK0000059478.json,https://hfdatalibrary.com/pages/data
LMT,0000936468,Lockheed Martin,Industrials,Aerospace & Defense,601.7,2026-08-14,5,ok,,2026-07-23,2026-07-20,59812000000.0,5956000000.0,4204000000.0,4139000000.0,3791000000.0,21038000000.0,8768000000.0,230790753.0,138866796080.1,17247000000,156113796080.1,0.030273615570241,0.029805541114469,33.0320637678639,33.5508084271805,26.2111813432001,0.0995786798635725,0.0285953341106748,5,5,4.16694853829427,15.8379101368727,6229000000,5,5732000000,ok,,https://data.sec.gov/api/xbrl/companyfacts/CIK0000936468.json,https://hfdatalibrary.com/pages/data
LNT,0000352541,Alliant Energy,Utilities,Electric Utilities,70.22,2026-08-14,5,ok,,2026-05-01,2026-03-31,4078000000.0,921000000.0,1013000000.0,-451000000.0,115000000.0,11007000000.0,7422000000.0,258277037.0,18136213538.14,10892000000,29028213538.14,0.0558550988534452,-0.0248673737244855,17.9034684483119,,31.5181471641042,0.225846002942619,0.0442009924684636,0,2,,2.44357498492859,,5,690000000,partial,nonpositive_free_cash_flow_ttm;insufficient_fcf_history,https://data.sec.gov/api/xbrl/companyfacts/CIK0000352541.json,https://hfdatalibrary.com/pages/data
LOW,0000060667,Lowe's,Consumer Discretionary,Home Improvement Retail,218.185,2026-08-14,5,ok,,2026-05-28,2026-05-26,83240000000.0,10307000000.0,6437000000.0,6679000000.0,786000000.0,5077000000.0,-9270000000.0,560707041.0,122337865740.585,4291000000,126628865740.585,0.0526165791844819,0.0545947075303953,19.0054164580682,18.3167937925715,12.2857151198782,0.123822681403172,-0.0269136889015432,5,5,0.6424614463243,,7651000000,5,6957000000,partial,nonpositive_stockholders_equity,https://data.sec.gov/api/xbrl/companyfacts/CIK0000060667.json,https://hfdatalibrary.com/pages/data
LRCX,0000707549,Lam Research,Information Technology,Semiconductor Materials & Equipment,326.04,2026-08-14,5,ok,,2026-08-07,2026-08-04,23232690000.0,8199795000.0,7265396000.0,4891252000.0,5579171000.0,4561791000.0,12470921000.0,1251321000.0,407980698840,-1017380000,406963318840,0.0178081855849002,0.011988929902584,56.1539520818962,83.4102799937521,49.6309138021133,0.35294212594409,0.0775245108932428,5,5,-0.207999914950201,32.7145604434508,4677370000,5,4605286000,ok,,https://data.sec.gov/api/xbrl/companyfacts/CIK0000707549.json,https://hfdatalibrary.com/pages/data
LULU,0001397187,Lululemon Athletica,Consumer Discretionary,"Apparel, Accessories & Luxury Goods",120.84,2026-08-14,5,ok,,2026-06-04,2026-05-29,10749895000.0,2511680000.0,239033000.0,1315421000.0,881320000.0,,4825601000.0,108437957.0,13103642723.88,,,0.0182417214080774,0.100385902433282,54.8193877995089,9.96155810488049,,0.233646933295628,0.153944378095159,5,5,,2.71544264100575,994606000,5,1550190000,partial,missing_total_debt,https://data.sec.gov/api/xbrl/companyfacts/CIK0001397187.json,https://hfdatalibrary.com/pages/data
LUV,0000092380,Southwest Airlines,Industrials,Passenger Airlines,44.905,2026-08-14,5,ok,,2026-07-23,2026-07-22,27472000000.0,317000000.0,392000000.0,404000000.0,3791000000.0,2875000000.0,7082000000.0,489208201.0,21967894265.905,-916000000,21051894265.905,0.0178442228123976,0.0183904745311444,56.0405465966964,54.3759759057054,66.409761091183,0.0115390215492137,0.154613708458002,1,5,-2.26732673267327,3.1019336721131,-356000000,5,465000000,ok,,https://data.sec.gov/api/xbrl/companyfacts/CIK0000092380.json,https://hfdatalibrary.com/pages/data
LVS,0001300514,Las Vegas Sands,Consumer Discretionary,Casinos & Gaming,45.705,2026-08-14,5,ok,,2026-07-24,2026-07-22,11615000000.0,2486000000.0,1672000000.0,629000000.0,3376000000.0,9496002000.0,581000000.0,647701184.0,29603182614.72,6120002000,35723184614.72,0.0564804136690563,0.021247715429328,17.70525276,47.0638833302385,14.3697444146098,0.214033577270771,0.32415098794495,3,5,9.72973290937997,50.9521215399656,1637000000,5,1431000000,ok,,https://data.sec.gov/api/xbrl/companyfacts/CIK0001300514.json,https://hfdatalibrary.com/pages/data
LYB,0001489393,LyondellBasell,Materials,Specialty Chemicals,62.81,2026-08-14,5,ok,,2026-07-31,2026-07-29,31747000000.0,667000000.0,262000000.0,463000000.0,2630000000.0,4305000000.0,10671000000.0,323037952.0,20290013765.12,1675000000,21965013765.12,0.0129127561485639,0.0228191072396378,77.442800630229,43.8229238987473,32.9310551201199,0.0210098591992944,-0.101047884679985,5,5,3.61771058315335,1.90141634009184,3411000000,5,2121000000,ok,,https://data.sec.gov/api/xbrl/companyfacts/CIK0001489393.json,https://hfdatalibrary.com/pages/data
LYV,0001335258,Live Nation Entertainment,Communication Services,Movies & Entertainment,185.35,2026-08-14,5,ok,,2026-07-30,2026-07-23,23721438000.0,1001503000.0,1146644000.0,1121791000.0,9071949000.0,1715688000.0,82330000.0,235633860.0,43674735951,-7356261000,36318474951,0.0262541713196951,0.0256851238038066,38.0891854411657,38.933041850933,36.2639702037837,0.0422193207679905,0.415999503943867,5,5,-6.55760386738706,530.483857050893,1078541000,5,690740000,ok,,https://data.sec.gov/api/xbrl/companyfacts/CIK0001335258.json,https://hfdatalibrary.com/pages/data
MA,0001141391,Mastercard,Financials,Transaction & Payment Processing Services,562.19,2026-08-14,5,ok,,2026-07-30,2026-06-30,27899000000.0,16868000000.0,13586000000.0,16552000000.0,11291000000.0,24643000000.0,5611000000.0,122530193.0,68885249202.67,13352000000,82237249202.67,0.197226549330294,0.240283662926176,5.07031129123141,4.16174777686503,4.87534083487491,0.604609484210904,0.147926117620665,5,5,0.806669888835186,12.2768221712119,11609000000,5,11195000000,ok,,https://data.sec.gov/api/xbrl/companyfacts/CIK0001141391.json,https://hfdatalibrary.com/pages/data
MAA,0000912595,Mid-America Apartment Communities,Real Estate,Multi-Family Residential REITs,132.37,2026-08-14,5,ok,,2026-04-30,2026-04-27,2196688000.0,114965000.0,580372000.0,,71529000.0,,5540638000.0,116384802.0,15405856240.74,,,0.0376721677088766,,26.5447958218867,,,0.0523356070593548,0.055763616751547,,0,,2.78052026512831,,5,550702000,partial,missing_free_cash_flow_ttm;missing_total_debt;insufficient_fcf_history,https://data.sec.gov/api/xbrl/companyfacts/CIK0000912595.json,https://hfdatalibrary.com/pages/data
MAR,0001048286,Marriott International,Consumer Discretionary,"Hotels, Resorts & Cruise Lines",352.54,2026-08-14,5,ok,,2026-08-03,2026-07-27,25691000000.0,3880000000.0,198000000.0,1682000000.0,462000000.0,2527000000.0,-4525000000.0,260766288.0,91930547171.52,2065000000,93995547171.52,0.00215379986404933,0.0182964210673281,464.295692785455,54.6554977238526,24.2256564875052,0.151025651006189,0.172461437949734,5,5,1.22770511296076,,2031000000,5,2375000000,partial,nonpositive_stockholders_equity,https://data.sec.gov/api/xbrl/companyfacts/CIK0001048286.json,https://hfdatalibrary.com/pages/data
MAS,0000062996,Masco,Industrials,Building Products,74.64,2026-08-14,5,ok,,2026-04-22,2026-03-31,7703000000.0,1331000000.0,843000000.0,892000000.0,388000000.0,3151000000.0,-242000000.0,201734437.0,15057458377.68,2763000000,17820458377.68,0.0559855440975083,0.0592397453558451,17.8617537101779,16.8805587193722,13.3887741380015,0.172789822147215,-0.0252052264963702,5,5,3.097533632287,,866000000,5,874000000,partial,nonpositive_stockholders_equity,https://data.sec.gov/api/xbrl/companyfacts/CIK0000062996.json,https://hfdatalibrary.com/pages/data
MCD,0000063908,McDonald's,Consumer Discretionary,Restaurants,273.01,2026-08-14,5,ok,,2026-08-07,2026-06-30,26060000000.0,11937000000.0,8393000000.0,6898000000.0,822000000.0,39863000000.0,-1023000000.0,707641531.0,193193214378.31,39041000000,232234214378.31,0.0434435548215729,0.0357051877944966,23.018374166366,28.0071345865918,19.454989895142,0.458058326937836,0.0372849356256844,5,5,5.65975645114526,,7101500000,5,8223000000,partial,nonpositive_stockholders_equity,https://data.sec.gov/api/xbrl/companyfacts/CIK0000063908.json,https://hfdatalibrary.com/pages/data
MCHP,0000827054,Microchip Technology,Information Technology,Semiconductors,79.41,2026-08-14,5,ok,,2026-08-06,2026-07-28,4235800000.0,109300000.0,255400000.0,725600000.0,272300000.0,5361300000.0,6451000000.0,543008691.0,43120320152.31,5089000000,48209320152.31,0.00592296158975336,0.0168273333184222,168.834456352036,59.4271225913864,441.073377422781,0.0258038623164455,-0.0882682746836713,5,5,7.01350606394708,6.68428463064796,2472600000,5,1285500000,ok,,https://data.sec.gov/api/xbrl/companyfacts/CIK0000827054.json,https://hfdatalibrary.com/pages/data
MCK,0000927653,McKesson Corporation,Health Care,Health Care Distributors,877.9,2026-08-14,5,ok,,2026-08-05,2026-07-31,377595000000.0,4429000000.0,3352000000.0,6005000000.0,5164000000.0,7278000000.0,-4240000000.0,116590363.0,102354679677.7,2114000000,104468679677.7,0.0327488690361297,0.0586685437237347,30.5354056317721,17.0449091886261,23.5874192092346,0.0117294985367921,0.111870234454428,5,5,0.352039966694421,,4769000000,5,3481000000,partial,nonpositive_stockholders_equity,https://data.sec.gov/api/xbrl/companyfacts/CIK0000927653.json,https://hfdatalibrary.com/pages/data
MCO,0001059556,Moody's Corporation,Financials,Financial Exchanges & Data,478.985,2026-08-14,5,ok,,2026-07-23,2026-06-30,7307000000.0,2963000000.0,2133000000.0,2371000000.0,1467000000.0,6504900000.0,3025000000.0,173200000.0,82960202000,5037900000,87998102000,0.0257111235095594,0.0285799689831999,38.8936718237225,34.9895411218895,29.6989881876477,0.405501573833311,0.055511652979463,5,5,2.12479966258962,27.4248601652893,1880000000,5,2059000000,ok,,https://data.sec.gov/api/xbrl/companyfacts/CIK0001059556.json,https://hfdatalibrary.com/pages/data
MDLZ,0001103982,Mondelez International,Consumer Staples,Packaged Foods & Meats,62.175,2026-08-14,5,ok,,2026-04-28,2026-04-24,36464000000.0,4298000000.0,3614000000.0,3313000000.0,2476000000.0,23228000000.0,25750000000.0,1283649766.0,79810924201.05,20752000000,100562924201.05,0.045282021680341,0.041510608142493,22.0838196461123,24.0902276489737,23.3976091672987,0.117869679684072,0.0762736589411075,5,5,6.26380923634168,3.09945336703107,3235000000,5,4314000000,ok,,https://data.sec.gov/api/xbrl/companyfacts/CIK0001103982.json,https://hfdatalibrary.com/pages/data
MDT,0001613103,Medtronic,Health Care,Health Care Equipment,90.67,2026-08-14,5,ok,,2026-06-18,2026-06-12,36364000000.0,6467000000.0,4837000000.0,5426000000.0,1949000000.0,23928000000.0,49463000000.0,1280045190.0,116061697377.3,21979000000,138040697377.3,0.0416761094254516,0.0467509964321894,23.9945622032872,21.389918425599,21.3453993161126,0.177840721592784,0.0351471545667752,5,5,4.05068190195356,2.34643465574874,5200000000,5,4691000000,ok,,https://data.sec.gov/api/xbrl/companyfacts/CIK0001613103.json,https://hfdatalibrary.com/pages/data
MET,0001099219,MetLife,Financials,Life & Health Insurance,97.07,2026-08-14,5,ok,,2026-08-06,2026-07-31,2325000000.0,5741000000.0,4339000000.0,,19301000000.0,23692000000.0,27441000000.0,635476927.0,61685745303.89,4391000000,66076745303.89,0.0703404000166368,,14.2165810794861,,11.5096229409319,2.46924731182796,0.0410384599490867,,0,,2.24794086599942,,5,4444000000,partial,missing_free_cash_flow_ttm;insufficient_fcf_history,https://data.sec.gov/api/xbrl/companyfacts/CIK0001099219.json,https://hfdatalibrary.com/pages/data
META,0001326801,Meta Platforms,Communication Services,Interactive Media & Services,,,,excluded,ticker_unavailable,2026-07-30,2026-06-30,178804000000.0,78712000000.0,71507000000.0,50137000000.0,15462000000.0,83664000000.0,261221000000.0,,,,,,,,,,,,,,,,,,,excluded,ticker_unavailable,https://data.sec.gov/api/xbrl/companyfacts/CIK0001326801.json,
MGM,0000789570,MGM Resorts,Consumer Discretionary,Casinos & Gaming,43.975,2026-08-14,5,ok,,2026-07-29,2026-07-27,17211652000.0,1396044000.0,826905000.0,1295185000.0,2547380000.0,6743442000.0,2513775000.0,251592756.0,11063791445.1,4196062000,15259853445.1,0.0747397493981346,0.117065203770957,13.3797612121102,8.54224797623506,10.9307825864371,0.0811104012560793,0.160169167277036,5,5,3.23973949667422,4.40126560455888,1211906000,5,1064608000,ok,,https://data.sec.gov/api/xbrl/companyfacts/CIK0000789570.json,https://hfdatalibrary.com/pages/data
MKC,0000063754,McCormick & Company,Consumer Staples,Packaged Foods & Meats,52.94,2026-08-14,5,ok,,2026-06-25,2026-05-31,6742800000.0,1063700000.0,1521900000.0,564700000.0,331200000.0,3606900000.0,6995600000.0,,,3275700000,,,,,,,0.157753455537759,0.0200593084429561,5,5,5.80077917478307,,647000000,5,755300000,partial,missing_shares_outstanding,https://data.sec.gov/api/xbrl/companyfacts/CIK0000063754.json,https://hfdatalibrary.com/pages/data
MLM,0000916076,Martin Marietta Materials,Materials,Construction Materials,548.25,2026-08-14,5,ok,,2026-07-30,2026-07-27,5418000000.0,1251000000.0,1100000000.0,963000000.0,112000000.0,5381048000.0,11546000000.0,60065839.0,32931096231.75,5269048000,38200144231.75,0.0334030787271349,0.0292428771038463,29.9373602106818,34.1963616113707,30.5356868359313,0.230897009966777,0.032378453481589,5,5,5.47149325025961,2.8521649256669,714600000,5,1137000000,ok,,https://data.sec.gov/api/xbrl/companyfacts/CIK0000916076.json,https://hfdatalibrary.com/pages/data
MMM,0000066740,3M,Industrials,Industrial Conglomerates,182.775,2026-08-14,5,ok,,2026-07-21,2026-06-30,24602000000.0,4787000000.0,3951000000.0,-1983000000.0,2398000000.0,12551000000.0,2952000000.0,515722417.0,94261164767.175,10153000000,104414164767.175,0.0419154591369518,-0.0210372957399583,23.8575461319096,,21.8120252281544,0.194577676611658,-0.083469333517007,5,5,,31.9312888777693,3842000000,5,4188000000,partial,nonpositive_free_cash_flow_ttm,https://data.sec.gov/api/xbrl/companyfacts/CIK0000066740.json,https://hfdatalibrary.com/pages/data
MNST,0000865752,Monster Beverage,Consumer Staples,Soft Drinks & Non-alcoholic Beverages,46.685,2026-08-14,5,ok,,2026-08-07,2026-07-31,7659164000.0,2062507000.0,1573417000.0,1854994000.0,2192424000.0,373951000.0,9364148000.0,979525882.0,45729165801.17,-1818473000,43910692801.17,0.0344072972343559,0.0405647898338119,29.0636022117277,24.6519211389201,21.2899606164585,0.269286177969293,0.10609050420477,5,5,-0.980312065699404,4.88343048413694,1496325000,5,1509048000,ok,,https://data.sec.gov/api/xbrl/companyfacts/CIK0000865752.json,https://hfdatalibrary.com/pages/data
MO,0000764180,Altria,Consumer Staples,Tobacco,65.095,2026-08-14,5,ok,,2026-07-30,2026-07-22,23594000000.0,11052000000.0,8787000000.0,8728000000.0,2367000000.0,24577000000.0,-2668000000.0,1669743926.0,108691980862.97,22210000000,130901980862.97,0.0808431305624831,0.0803003122282181,12.3696347858165,12.4532517029067,11.8441893650896,0.468424175637874,-0.0273788316703278,5,5,2.54468377635197,,8611000000,5,6947000000,partial,nonpositive_stockholders_equity,https://data.sec.gov/api/xbrl/companyfacts/CIK0000764180.json,https://hfdatalibrary.com/pages/data
MOS,0001285785,Mosaic Company (The),Materials,Fertilizers & Agricultural Chemicals,22.61,2026-08-14,5,ok,,2026-08-05,2026-07-31,11253400000.0,798200000.0,966100000.0,4300000.0,294000000.0,3834100000.0,11463900000.0,317895646.0,7187620556.06,3540100000,10727720556.06,0.134411658554438,0.000598250835093764,7.43983082088811,1671.5396642,13.4398904485843,0.0709296745872359,-0.00622821141057628,4,5,823.279069767442,0.626978650900653,898400000,5,1209200000,ok,,https://data.sec.gov/api/xbrl/companyfacts/CIK0001285785.json,https://hfdatalibrary.com/pages/data
MPC,0001510295,Marathon Petroleum,Energy,Oil & Gas Refining & Marketing,346.53,2026-08-14,5,ok,,2026-08-04,2026-07-30,133560000000.0,5374000000.0,3756000000.0,3647000000.0,7768000000.0,5424000000.0,19077000000.0,280824763.0,97314205122.39,-2344000000,94970205122.39,0.0385966262096696,0.037476543074192,25.9090002988259,26.6833575877132,17.6721632159267,0.0402365977837676,0.0255025834601452,5,5,-0.642720043871675,5.10112728009593,6132000000,5,11001000000,ok,,https://data.sec.gov/api/xbrl/companyfacts/CIK0001510295.json,https://hfdatalibrary.com/pages/data
MPWR,0001280452,Monolithic Power Systems,Information Technology,Semiconductors,1401.26,2026-08-14,5,ok,,2026-08-05,2026-07-29,2543912000.0,660852000.0,14403000.0,706303000.0,1005587000.0,,3895424000.0,49143000.0,68862120180,,,0.000209157080298308,0.0102567710397789,4781.09561757967,97.4965704237417,,0.259777853950923,0.232873358753378,5,5,,17.6776957219548,580635000,5,437672000,partial,missing_total_debt,https://data.sec.gov/api/xbrl/companyfacts/CIK0001280452.json,https://hfdatalibrary.com/pages/data
MRK,0000310158,Merck & Co.,Health Care,Pharmaceuticals,132.93,2026-08-14,5,ok,,2026-08-07,2026-07-31,63616000000.0,,16419000000.0,14722000000.0,6849000000.0,53906000000.0,41933000000.0,2467171638.0,327961125839.34,47057000000,375018125839.34,0.0500638603370427,0.0448894665863903,19.9744884487082,22.2769410297066,,,0.0748674466174439,5,5,3.19637277543812,7.82107471059404,12360000000,5,14526000000,partial,missing_operating_income_ttm,https://data.sec.gov/api/xbrl/companyfacts/CIK0000310158.json,https://hfdatalibrary.com/pages/data
MRNA,0001682852,Moderna,Health Care,Biotechnology,63.285,2026-08-14,5,ok,,2026-07-31,2026-07-24,3078000000.0,-3273000000.0,-2903000000.0,-3490000000.0,1723000000.0,591000000.0,6761000000.0,399235889.0,25265643235.365,-1132000000,24133643235.365,-0.114899113114072,-0.138132244150228,,,,-1.06335282651072,-0.4304177031675,2,5,,3.73696838268969,-2065000000,5,-2822000000,partial,nonpositive_operating_income_ttm;nonpositive_net_income_ttm;nonpositive_free_cash_flow_ttm,https://data.sec.gov/api/xbrl/companyfacts/CIK0001682852.json,https://hfdatalibrary.com/pages/data
MRSH,0000062709,Marsh McLennan,Financials,Insurance Brokers,,,,excluded,ticker_unavailable,2026-07-21,2026-07-16,25799000000.0,6084000000.0,4196000000.0,4654000000.0,1700000000.0,20561000000.0,-3923000000.0,477211268.0,,,,,,,,,,,,,,,,,,excluded,ticker_unavailable,https://data.sec.gov/api/xbrl/companyfacts/CIK0000062709.json,
MRVL,0001835632,Marvell Technology,Information Technology,Semiconductors,218.99,2026-08-14,5,ok,,2026-05-28,2026-05-21,6501700000.0,-297400000.0,2308500000.0,1377700000.0,3843600000.0,4961300000.0,18215800000.0,874800000.0,191572452000,1117700000,192690152000,0.0120502711945244,0.00719153503343999,82.9856842105263,139.052371343544,,-0.0457418828921667,0.163853322691412,5,5,0.811279669013573,10.5168289067732,1082600000,5,-421000000,partial,nonpositive_operating_income_ttm,https://data.sec.gov/api/xbrl/companyfacts/CIK0001835632.json,https://hfdatalibrary.com/pages/data
MS,0000895421,Morgan Stanley,Financials,Investment Banking & Brokerage,217.36,2026-08-14,5,ok,,2026-08-04,2026-07-31,,,14896000000.0,,160135000000.0,383156000000.0,116329000000.0,1570566292.0,341378289229.12,223021000000,564399289229.12,0.0436348779930828,,22.9174469138776,,,,,,0,,2.93459317306192,,5,13529000000,partial,missing_revenue_ttm;missing_operating_income_ttm;missing_free_cash_flow_ttm;insufficient_revenue_history;insufficient_fcf_history,https://data.sec.gov/api/xbrl/companyfacts/CIK0000895421.json,https://hfdatalibrary.com/pages/data
MSCI,0001408198,MSCI,Financials,Financial Exchanges & Data,563.1,2026-08-14,5,ok,,2026-07-21,2026-07-14,2986714000.0,1608828000.0,1178716000.0,1446369000.0,356400000.0,6380400000.0,-2689500000.0,72700000.0,40937370000,6024000000,46961370000,0.0287931540301685,0.0353312633420271,34.7304779098612,28.3035449459993,29.1898015201128,0.538661552462003,0.112868107009294,5,5,4.164912273424,,1213272000,5,1109128000,partial,nonpositive_stockholders_equity,https://data.sec.gov/api/xbrl/companyfacts/CIK0001408198.json,https://hfdatalibrary.com/pages/data
MSFT,0000789019,Microsoft,Information Technology,Systems Software,496.81,2026-08-14,5,ok,,2026-07-29,2026-07-23,331839000000.0,155237000000.0,133749000000.0,66987000000.0,20935000000.0,40294000000.0,442387000000.0,7425545491.0,3689085255383.71,19359000000,3708444255383.71,0.0362553290967759,0.0181581599130141,27.5821520563422,55.0716595068254,23.8889198798206,0.467808184089272,0.137408466399358,5,5,0.288996372430472,8.33904535030123,66987000000,5,88136000000,ok,,https://data.sec.gov/api/xbrl/companyfacts/CIK0000789019.json,https://hfdatalibrary.com/pages/data
MSI,0000068505,Motorola Solutions,Information Technology,Communications Equipment,465.64,2026-08-14,5,ok,,2026-08-05,2026-07-31,12237000000.0,3048000000.0,2139000000.0,2677000000.0,710000000.0,8487000000.0,2672000000.0,165493788.0,77060527444.32,7777000000,84837527444.32,0.0277574014990428,0.0347389265137624,36.0264270426928,28.7861514547329,27.8338344633596,0.24908065702378,0.0934771216711947,5,5,2.9051176690325,28.8400177561078,1791000000,5,1582000000,ok,,https://data.sec.gov/api/xbrl/companyfacts/CIK0000068505.json,https://hfdatalibrary.com/pages/data
MTB,0000036270,M&T Bank,Financials,Regional Banks,253.23,2026-08-14,5,ok,,2026-08-04,2026-07-31,1600000000.0,,770691000.0,2871000000.0,1420888000.0,13568000000.0,27946000000.0,144416262.0,36570530026.26,12147112000,48717642026.26,0.0210740998133359,0.0785058351065308,47.4516116397622,12.7379066618809,,,-0.274828810313858,3,3,4.23096900034831,1.30861411387175,3649000000,5,2588000000,partial,missing_operating_income_ttm,https://data.sec.gov/api/xbrl/companyfacts/CIK0000036270.json,https://hfdatalibrary.com/pages/data
MTD,0001037646,Mettler Toledo,Health Care,Life Sciences Tools & Services,1431.06,2026-08-14,5,ok,,2026-07-31,2026-06-30,3866627000.0,,829752000.0,847839000.0,51383000.0,2111963000.0,12823000.0,20036559.0,28673518122.54,2060580000,30734098122.54,0.0289379209225023,0.0295687120211984,34.556732761765,33.8195319188431,,,0.0201257789764411,5,5,2.43039067558817,2236.10061003977,848648000,5,863140000,partial,missing_operating_income_ttm,https://data.sec.gov/api/xbrl/companyfacts/CIK0001037646.json,https://hfdatalibrary.com/pages/data
MU,0000723125,Micron Technology,Information Technology,Semiconductors,911.3,2026-08-14,5,ok,,2026-06-25,2026-06-17,33813000000.0,7638000000.0,8687000000.0,1881000000.0,24995000000.0,3849000000.0,100724000000.0,1129393151.0,1029215978506.3,-21146000000,1008069978506.3,0.00844040530016589,0.00182760473922091,118.477722862473,547.164262895428,131.980882234394,0.225889450802946,0.0780166366433892,4,5,-11.2418926103137,10.2181801606995,1668000000,5,5861000000,ok,,https://data.sec.gov/api/xbrl/companyfacts/CIK0000723125.json,https://hfdatalibrary.com/pages/data
NCLH,0001513761,Norwegian Cruise Line Holdings,Consumer Discretionary,"Hotels, Resorts & Cruise Lines",18.92,2026-08-14,5,ok,,2026-08-03,2026-07-23,4947489000.0,1530729000.0,801117000.0,-504477000.0,218100000.0,1552480000.0,2572866000.0,459187846.0,8687834046.32,1334380000,10022214046.32,0.0922113608212093,-0.0580670622056468,10.8446507143401,,6.54734707862724,0.309395129529343,,1,5,,3.3767145456934,-1169860000,5,166178000,partial,nonpositive_free_cash_flow_ttm;insufficient_revenue_history,https://data.sec.gov/api/xbrl/companyfacts/CIK0001513761.json,https://hfdatalibrary.com/pages/data
NDAQ,0001120193,"Nasdaq, Inc.",Financials,Financial Exchanges & Data,95.88,2026-08-14,5,ok,,2026-07-23,2026-07-16,8127000000.0,2080000000.0,1506000000.0,2134000000.0,520000000.0,8761000000.0,11988000000.0,558977372.0,53594750427.36,8241000000,61835750427.36,0.0280997670105987,0.0398173325369307,35.587483683506,25.1146909219119,29.728726167,0.255937000123047,0.0884675276880991,5,5,3.86176194939082,4.47069990218218,1554000000,5,1123000000,ok,,https://data.sec.gov/api/xbrl/companyfacts/CIK0001120193.json,https://hfdatalibrary.com/pages/data
NDSN,0000072331,Nordson Corporation,Industrials,Industrial Machinery & Supplies & Components,309.915,2026-08-14,5,ok,,2026-05-21,2026-05-19,2704444000.0,655647000.0,484474000.0,459579000.0,102017000.0,1886356000.0,3202235000.0,55717948.0,17267827854.42,1784339000,19052166854.42,0.0280564529646959,0.0266147545524878,35.6424242671846,37.5731437999125,29.0585739802363,0.242433195141035,0.0426456332113612,5,5,3.88255120447192,5.39242992922756,507624000,5,484474000,ok,,https://data.sec.gov/api/xbrl/companyfacts/CIK0000072331.json,https://hfdatalibrary.com/pages/data
NEE,0000753308,NextEra Energy,Utilities,Multi-Utilities,85.765,2026-08-14,5,ok,,2026-04-23,2026-03-31,14746000000.0,7722000000.0,4225000000.0,,1998000000.0,98988000000.0,55222000000.0,2085341456.0,178849309973.84,96990000000,275839309973.84,0.0236232390307683,,42.3311976269444,,35.7212263628386,0.523667435236674,,,0,,3.23873293205317,,5,5332000000,partial,missing_free_cash_flow_ttm;insufficient_revenue_history;insufficient_fcf_history,https://data.sec.gov/api/xbrl/companyfacts/CIK0000753308.json,https://hfdatalibrary.com/pages/data
NEM,0001164727,Newmont,Materials,Gold,117.24,2026-08-14,5,ok,,2026-07-23,2026-07-16,20584000000.0,,6322000000.0,5322000000.0,9009000000.0,5083000000.0,35243000000.0,1053692271.0,123534881852.04,-3926000000,119608881852.04,0.0511758290874635,0.0430809494469283,19.5404748263271,23.2121160939572,,,0.167000772458096,5,5,-0.737692596768132,3.50523172976307,2626000000,5,233000000,partial,missing_operating_income_ttm,https://data.sec.gov/api/xbrl/companyfacts/CIK0001164727.json,https://hfdatalibrary.com/pages/data
NFLX,0001065280,Netflix,Communication Services,Movies & Entertainment,75.84,2026-08-14,5,ok,,2026-07-17,2026-06-30,41693183000.0,12303936000.0,10247880000.0,8500749000.0,9099232000.0,20535734000.0,30152052000.0,4163939676.0,315793185027.84,11436502000,327229687027.84,0.0324512386139573,0.0269187221353449,30.8154647622572,37.1488659443821,26.5955290264709,0.295106660482122,0.11061027303865,4,5,1.34535227425254,10.473356341646,6921826000,5,5407990000,ok,,https://data.sec.gov/api/xbrl/companyfacts/CIK0001065280.json,https://hfdatalibrary.com/pages/data
NI,0001111711,NiSource,Utilities,Multi-Utilities,42.01,2026-08-14,5,ok,,2026-08-05,2026-07-29,5981800000.0,1657400000.0,968500000.0,-628600000.0,70000000.0,6427700000.0,9574600000.0,479560100.0,20146319801,6357700000,26504019801,0.0480732962430154,-0.0312017284650072,20.8015692318018,,15.9913236400386,0.277073790497843,0.0835842356322274,0,5,,2.10414218881207,-710700000,5,791800000,partial,nonpositive_free_cash_flow_ttm,https://data.sec.gov/api/xbrl/companyfacts/CIK0001111711.json,https://hfdatalibrary.com/pages/data
NKE,0000320187,"Nike, Inc.",Consumer Discretionary,"Apparel, Accessories & Luxury Goods",41.215,2026-08-14,5,ok,,2026-07-15,2026-05-31,46398000000.0,,3108000000.0,2184000000.0,7563000000.0,7942000000.0,14865000000.0,855351589.0,35253315740.635,379000000,35632315740.635,0.0881619199415487,0.0619516194183855,11.342765682315,16.1416280863713,,,-0.00167404273536509,5,5,0.173534798534799,2.37156513559603,4430000000,5,5070000000,partial,missing_operating_income_ttm,https://data.sec.gov/api/xbrl/companyfacts/CIK0000320187.json,https://hfdatalibrary.com/pages/data
NOC,0001133421,Northrop Grumman,Industrials,Aerospace & Defense,577.04,2026-08-14,5,ok,,2026-07-21,2026-07-16,40501000000.0,4207000000.0,3945000000.0,1308000000.0,2307000000.0,15191000000.0,17884000000.0,142063026.0,81976048523.04,12884000000,94860048523.04,0.0481238126388981,0.0159558800840757,20.7797334659163,62.6728199717431,22.5481455961588,0.103873978420286,0.0414210124911572,5,5,9.85015290519878,4.58376473512861,2152000000,5,4182000000,ok,,https://data.sec.gov/api/xbrl/companyfacts/CIK0001133421.json,https://hfdatalibrary.com/pages/data
NOW,0001373715,ServiceNow,Information Technology,Systems Software,127.21,2026-08-14,5,ok,,2026-07-23,2026-06-30,12057000000.0,1601000000.0,1661000000.0,3849000000.0,2503000000.0,1484000000.0,12516000000.0,1034000000.0,131535140000,-1019000000,130516140000,0.012627804250636,0.029262142420649,79.1903311258278,34.173847752663,81.5216364772017,0.132785933482624,0.225016638465037,5,5,-0.264744089373863,10.5093592201981,2704000000,5,1425000000,ok,,https://data.sec.gov/api/xbrl/companyfacts/CIK0001373715.json,https://hfdatalibrary.com/pages/data
NRG,0001013871,NRG Energy,Utilities,Independent Power Producers & Energy Traders,120.37,2026-08-14,5,ok,,2026-08-04,2026-07-31,29050000000.0,1276000000.0,522000000.0,1394000000.0,162000000.0,21291000000.0,4855000000.0,210210483.0,25303035838.71,21129000000,46432035838.71,0.0206299356064388,0.0550922035160453,48.4732487331609,18.1513886934792,36.3887428203056,0.0439242685025818,0.0317825592514318,3,5,15.1571018651363,5.21174785555304,224000000,5,1125000000,ok,,https://data.sec.gov/api/xbrl/companyfacts/CIK0001013871.json,https://hfdatalibrary.com/pages/data
NSC,0000702165,Norfolk Southern,Industrials,Rail Transportation,334.98,2026-08-14,5,ok,,2026-07-23,2026-06-30,12178000000.0,5048000000.0,5523000000.0,2024000000.0,1069000000.0,10237000000.0,16253000000.0,224608373.0,75239312787.54,9168000000,84407312787.54,0.0734057741276265,0.0269008304968886,13.6229065340467,37.1735735116304,16.7209415189263,0.414517983248481,0.0225177011412574,5,5,4.5296442687747,4.62925692410878,2157000000,5,2873000000,ok,,https://data.sec.gov/api/xbrl/companyfacts/CIK0000702165.json,https://hfdatalibrary.com/pages/data
NTAP,0001002047,NetApp,Information Technology,"Technology Hardware, Storage & Peripherals",202.005,2026-08-14,5,ok,,2026-06-05,2026-05-28,6925000000.0,1674000000.0,1276000000.0,1869000000.0,2070000000.0,2487000000.0,1351000000.0,195919927.0,39576804853.635,417000000,39993804853.635,0.0322411069998948,0.0472246308642659,31.0163047442281,21.1753905048876,23.8911618002599,0.24173285198556,0.023278942836011,5,5,0.223113964686998,29.2944521492487,1338000000,5,1186000000,ok,,https://data.sec.gov/api/xbrl/companyfacts/CIK0001002047.json,https://hfdatalibrary.com/pages/data
NTRS,0000073124,Northern Trust,Financials,Asset Management & Custody Banks,190.49,2026-08-14,5,ok,,2026-07-30,2026-06-30,4863700000.0,,1733600000.0,2504400000.0,5736900000.0,1421600000.0,13401600000.0,182955653.0,34851222339.97,-4315300000,30535922339.97,0.0497428751017372,0.0718597464263905,20.1033815989675,13.9159967816523,,,0.0356881632680022,4,5,-1.72308736623543,2.6005269773736,2263800000,5,1545300000,partial,missing_operating_income_ttm,https://data.sec.gov/api/xbrl/companyfacts/CIK0000073124.json,https://hfdatalibrary.com/pages/data
NUE,0000073309,Nucor,Materials,Steel,272.25,2026-08-14,5,ok,,2026-08-12,2026-07-04,30806000000.0,,1580000000.0,-385000000.0,2478000000.0,4300308000.0,22109000000.0,226875676.0,61766902791,1822308000,63589210791,0.0255800425244929,-0.00623311162780365,39.09297645,,,,-0.0285384367873809,4,5,,2.79374475512235,4608787000,5,4913000000,partial,missing_operating_income_ttm;nonpositive_free_cash_flow_ttm,https://data.sec.gov/api/xbrl/companyfacts/CIK0000073309.json,https://hfdatalibrary.com/pages/data
NVDA,0001045810,Nvidia,Information Technology,Semiconductors,223.35,2026-08-14,5,ok,,2026-05-20,2026-05-15,26914000000.0,86182000000.0,76774000000.0,76025265000.0,13237000000.0,8470000000.0,195474000000.0,24200000000.0,5405070000000,-4767000000,5400303000000,0.0142040713626281,0.0140655467921785,70.4023497538229,71.0957074598819,62.6616114733935,3.20212528795422,0.686007290894747,5,5,-0.0627028396415323,27.6510942631757,27021000000,5,29760000000,ok,,https://data.sec.gov/api/xbrl/companyfacts/CIK0001045810.json,https://hfdatalibrary.com/pages/data
NVR,0000906163,"NVR, Inc.",Consumer Discretionary,Homebuilding,6310.02,2026-08-14,5,ok,,2026-08-05,2026-07-31,10580405000.0,,1520068000.0,1209035000.0,2809782000.0,600115000.0,3391196000.0,2664860.0,16815319897.2,-2209667000,14605652897.2,0.0903978044600337,0.0719008028031225,11.0622155700929,13.9080505503976,,,0.0363180371265757,5,5,-1.82762864598626,4.95852197785088,1345250000,5,1591611000,partial,missing_operating_income_ttm,https://data.sec.gov/api/xbrl/companyfacts/CIK0000906163.json,https://hfdatalibrary.com/pages/data
NWS,0001564708,News Corp (Class B),Communication Services,Publishing,32.69,2026-08-14,5,ok,,2026-08-07,2026-06-30,9028000000.0,,743000000.0,642000000.0,2095000000.0,1989000000.0,8526000000.0,,,-106000000,,,,,,,,-0.0344015174839538,5,5,-0.165109034267913,,571000000,5,743000000,partial,missing_shares_outstanding;missing_operating_income_ttm,https://data.sec.gov/api/xbrl/companyfacts/CIK0001564708.json,https://hfdatalibrary.com/pages/data
NWSA,0001564708,News Corp (Class A),Communication Services,Publishing,28.66,2026-08-14,5,ok,,2026-08-07,2026-06-30,9028000000.0,,743000000.0,642000000.0,2095000000.0,1989000000.0,8526000000.0,,,-106000000,,,,,,,,-0.0344015174839538,5,5,-0.165109034267913,,571000000,5,743000000,partial,missing_shares_outstanding;missing_operating_income_ttm,https://data.sec.gov/api/xbrl/companyfacts/CIK0001564708.json,https://hfdatalibrary.com/pages/data
NXPI,0001413447,NXP Semiconductors,Information Technology,Semiconductors,234.24,2026-08-14,5,ok,,2026-04-28,2026-04-24,12323000000.0,3284000000.0,2733000000.0,1856000000.0,3708000000.0,11722000000.0,10927000000.0,252471079.0,59138825544.96,8014000000,67152825544.96,0.0462132951545047,0.031383781853919,21.6387945645664,31.8635913496552,20.4484852451157,0.266493548648868,0.0262043064629727,5,5,4.31788793103448,5.4121740226009,2423000000,5,2542000000,ok,,https://data.sec.gov/api/xbrl/companyfacts/CIK0001413447.json,https://hfdatalibrary.com/pages/data
O,0000726728,Realty Income,Real Estate,Retail REITs,62.445,2026-08-14,5,ok,,2026-08-06,2026-07-30,1327838000.0,,922947000.0,,552648000.0,4675000000.0,39549557000.0,946218033.0,59086585070.685,4122352000,63208937070.685,0.0156202460997853,,64.0194779014234,,,,0.289326566805314,,0,,1.49398854380809,,5,872416000,partial,missing_operating_income_ttm;missing_free_cash_flow_ttm;insufficient_fcf_history,https://data.sec.gov/api/xbrl/companyfacts/CIK0000726728.json,https://hfdatalibrary.com/pages/data
ODFL,0000878927,Old Dominion,Industrials,Cargo Ground Transportation,212.66,2026-08-14,5,ok,,2026-08-05,2026-07-31,3037880000.0,1431831000.0,1095010000.0,780908000.0,283939000.0,19997000.0,4547352000.0,207356622.0,44096459234.52,-263942000,43832517234.52,0.0248321524904384,0.0177090862521833,40.2703712610113,56.4681873338729,30.6129125815267,0.47132572715183,,5,5,-0.337993720130925,9.69717304367905,887965000,5,1186073000,partial,insufficient_revenue_history,https://data.sec.gov/api/xbrl/companyfacts/CIK0000878927.json,https://hfdatalibrary.com/pages/data
OKE,0001039684,Oneok,Energy,Oil & Gas Storage & Transportation,92.335,2026-08-14,5,ok,,2026-08-04,2026-07-27,27953000000.0,5347000000.0,3237000000.0,2883000000.0,161000000.0,31523000000.0,22937000000.0,630369667.0,58205183202.445,31362000000,89567183202.445,0.0556136038390482,0.0495316712598011,17.9812119871625,20.1891027410493,16.7509226112671,0.191285371874217,0.194106410884183,5,5,10.8782518210198,2.53761098672211,2447000000,5,2659000000,ok,,https://data.sec.gov/api/xbrl/companyfacts/CIK0001039684.json,https://hfdatalibrary.com/pages/data
OMC,0000029989,Omnicom Group,Communication Services,Advertising,85.96,2026-08-14,5,ok,,2026-04-29,2026-04-22,15749000000.0,2248300000.0,1540400000.0,1418200000.0,5316800000.0,9272900000.0,9437100000.0,285006196.0,24499132608.16,3956100000,28455232608.16,0.0628756954230671,0.0578877637295467,15.904396655518,17.2748079312932,12.6563326104879,0.142758270366372,0.0485305961797944,5,5,2.78952192920604,2.596044612027,1343500000,5,1473200000,ok,,https://data.sec.gov/api/xbrl/companyfacts/CIK0000029989.json,https://hfdatalibrary.com/pages/data
ON,0001097864,ON Semiconductor,Information Technology,Semiconductors,81.56,2026-08-14,5,ok,,2026-08-03,2026-07-29,6398800000.0,473700000.0,469000000.0,1287300000.0,3514500000.0,4317700000.0,7218700000.0,389311721.0,31752263964.76,803200000,32555463964.76,0.0147706003112256,0.0405419910034982,67.7020553619616,24.6657841721122,68.7259108396876,0.0740295055322873,-0.0288349393657888,5,5,0.623941583158549,4.3986124876723,1337400000,5,1574600000,ok,,https://data.sec.gov/api/xbrl/companyfacts/CIK0001097864.json,https://hfdatalibrary.com/pages/data
ORCL,0001341439,Oracle Corporation,Information Technology,Application Software,151.26,2026-08-14,5,ok,,2026-06-22,2026-06-12,67357000000.0,20606000000.0,17309000000.0,-23686000000.0,31289000000.0,0.0,42508000000.0,2880471000.0,435700043460,-31289000000,404411043460,0.0397268723283684,-0.0543630884493463,25.1718784135421,,19.625887773464,0.305922175868878,0.122408147036384,3,5,,10.2498363475111,5028000000,5,10653000000,partial,nonpositive_free_cash_flow_ttm,https://data.sec.gov/api/xbrl/companyfacts/CIK0001341439.json,https://hfdatalibrary.com/pages/data
ORLY,0000898173,O'Reilly Automotive,Consumer Discretionary,Automotive Retail,92.19,2026-08-14,5,ok,,2026-08-07,2026-08-03,17122020000.0,3291314000.0,2423674000.0,1772003000.0,262181000.0,7314423000.0,-1835725000.0,808960792.0,74578095414.48,7052242000,81630337414.48,0.032498470047137,0.0237603681101241,30.770679313505,42.0868900416534,24.8017470877832,0.192226968546935,0.0747483170696688,5,5,3.97981380392697,,2027820000,5,2346581000,partial,nonpositive_stockholders_equity,https://data.sec.gov/api/xbrl/companyfacts/CIK0000898173.json,https://hfdatalibrary.com/pages/data
OTIS,0001781335,Otis Worldwide,Industrials,Industrial Machinery & Supplies & Components,73.06,2026-08-14,5,ok,,2026-07-23,2026-07-15,14168000000.0,1852000000.0,1589000000.0,1348000000.0,813000000.0,8436000000.0,-5748000000.0,380669339.0,27811701907.34,7623000000,35434701907.34,0.0571342237628627,0.0484688065653486,17.502644372146,20.6318263407567,19.1332083732937,0.130717108977979,0.0023173842402322,5,5,5.65504451038576,,1445000000,5,1455000000,partial,nonpositive_stockholders_equity,https://data.sec.gov/api/xbrl/companyfacts/CIK0001781335.json,https://hfdatalibrary.com/pages/data
OXY,0000797468,Occidental Petroleum,Energy,Oil & Gas Exploration & Production,58.55,2026-08-14,5,ok,,2026-08-05,2026-07-31,20153000000.0,,2433000000.0,6050000000.0,4150000000.0,14140000000.0,41746000000.0,999637371.0,58528768072.05,9990000000,68518768072.05,0.0415693013904706,0.103367970987401,24.0562137575216,9.67417654083471,,,-0.0452582241843104,5,5,1.65123966942149,1.40202098577229,6612000000,5,3078000000,partial,missing_operating_income_ttm,https://data.sec.gov/api/xbrl/companyfacts/CIK0000797468.json,https://hfdatalibrary.com/pages/data
PANW,0001327567,Palo Alto Networks,Information Technology,Systems Software,385.07,2026-08-14,5,ok,,2026-06-03,2026-05-26,8874500000.0,984400000.0,-225900000.0,,2364000000.0,1991500000.0,27668000000.0,815000000.0,313832050000,-372500000,313459550000,-0.000719811759187757,,,,318.427011377489,0.110924559130092,0.213237185856543,5,5,,11.3427804684112,2631200000,5,439700000,partial,nonpositive_net_income_ttm;missing_free_cash_flow_ttm,https://data.sec.gov/api/xbrl/companyfacts/CIK0001327567.json,https://hfdatalibrary.com/pages/data
PAYX,0000723531,Paychex,Industrials,Human Resource & Employment Services,121.3,2026-08-14,5,ok,,2026-07-17,2026-06-30,6301100000.0,2510500000.0,1760100000.0,2321800000.0,1088200000.0,4556100000.0,3735100000.0,355682860.0,43144330918,3467900000,46612230918,0.0407956262746371,0.0538147179617365,24.5124316334299,18.5822770772676,18.5669113395738,0.398422497659139,0.0845638195036422,5,5,1.49362563528297,11.5510510877888,1709100000,5,1657300000,ok,,https://data.sec.gov/api/xbrl/companyfacts/CIK0000723531.json,https://hfdatalibrary.com/pages/data
PCAR,0000075362,Paccar,Industrials,Construction Machinery & Heavy Transportation Equipment,131.05,2026-08-14,5,ok,,2026-07-29,2026-07-24,31099600000.0,,3073000000.0,3661300000.0,3219400000.0,,20321300000.0,526364953.0,68980127090.65,,,0.0445490626011986,0.0530776058905852,22.4471614352912,18.8403373366427,,,0.0486494933314967,5,5,,3.39447412767146,3495000000,5,3011600000,partial,missing_operating_income_ttm;missing_total_debt,https://data.sec.gov/api/xbrl/companyfacts/CIK0000075362.json,https://hfdatalibrary.com/pages/data
PCG,0001004980,PG&E Corporation,Utilities,Multi-Utilities,17.38,2026-08-14,5,ok,,2026-07-23,2026-07-15,18094000000.0,4365000000.0,2436000000.0,-2165000000.0,972000000.0,62843000000.0,33901000000.0,2680110496.0,46580320420.48,61871000000,108451320420.48,0.0522967634831675,-0.0464788558871337,19.1216422087356,,24.8456633265704,0.241240190118271,0.0483685364731696,0,5,,1.37401021859178,-4967000000,5,2256000000,partial,nonpositive_free_cash_flow_ttm,https://data.sec.gov/api/xbrl/companyfacts/CIK0001004980.json,https://hfdatalibrary.com/pages/data
PEG,0000788784,Public Service Enterprise Group,Utilities,Electric Utilities,75.86,2026-08-14,5,ok,,2026-08-04,2026-07-20,11134000000.0,2700000000.0,0.0,-644000000.0,192000000.0,23591000000.0,13130000000.0,498420030.0,37810143475.8,23399000000,61209143475.8,0,-0.0170324664441484,,,22.6700531391852,0.242500449074906,0.057707041859439,2,5,,2.87967581689261,-983000000,5,1772000000,partial,nonpositive_net_income_ttm;nonpositive_free_cash_flow_ttm,https://data.sec.gov/api/xbrl/companyfacts/CIK0000788784.json,https://hfdatalibrary.com/pages/data
PEP,0000077476,PepsiCo,Consumer Staples,Soft Drinks & Non-alcoholic Beverages,138.695,2026-08-14,5,ok,,2026-07-09,2026-07-02,91748000000.0,10494000000.0,7601000000.0,7064000000.0,10251000000.0,49182000000.0,22098000000.0,1364891558.0,189303634636.81,38931000000,228234634636.81,0.0401524250423557,0.037315712471938,24.9050959922129,26.7983627741804,21.7490599044035,0.114378515062999,0.0425907414703206,5,5,5.51118346545866,8.56655057637841,7189000000,5,8978000000,ok,,https://data.sec.gov/api/xbrl/companyfacts/CIK0000077476.json,https://hfdatalibrary.com/pages/data
PFE,0000078003,Pfizer,Health Care,Pharmaceuticals,26.765,2026-08-14,5,ok,,2026-08-04,2026-07-29,50914000000.0,,10792000000.0,12438000000.0,976000000.0,63194000000.0,85190000000.0,5699673589.0,152551763609.585,62218000000,214769763609.585,0.0707432005022191,0.0815329807122499,14.1356341372855,12.2649753665851,,,-0.0398590998176549,5,5,5.00225116578228,1.79072383624351,9835000000,5,8062000000,partial,missing_operating_income_ttm,https://data.sec.gov/api/xbrl/companyfacts/CIK0000078003.json,https://hfdatalibrary.com/pages/data
PFG,0001126328,Principal Financial Group,Financials,Life & Health Insurance,113.79,2026-08-14,5,ok,,2026-04-29,2026-04-22,15770300000.0,,1128800000.0,,4054000000.0,3927700000.0,11815300000.0,216012384.0,24580049175.36,-126300000,24453749175.36,0.0459234231773447,,21.775380204961,,,,0.020136471714385,,0,,2.08035760203804,,5,1597900000,partial,missing_operating_income_ttm;missing_free_cash_flow_ttm;insufficient_fcf_history,https://data.sec.gov/api/xbrl/companyfacts/CIK0001126328.json,https://hfdatalibrary.com/pages/data
PG,0000080424,Procter & Gamble,Consumer Staples,Personal Care Products,144.81,2026-08-14,5,ok,,2026-08-04,2026-07-31,87032000000.0,19748000000.0,16144000000.0,15147000000.0,9304000000.0,34138000000.0,54311000000.0,2324433060.0,336601151418.6,24834000000,361435151418.6,0.0479618086033318,0.0449998460675586,20.849922659725,22.2222982385027,18.3023674001722,0.226905046419708,0.0206893113920112,5,5,1.63953258070905,6.19766072100679,14044000000,5,14974000000,ok,,https://data.sec.gov/api/xbrl/companyfacts/CIK0000080424.json,https://hfdatalibrary.com/pages/data
PGR,0000080661,Progressive Corporation,Financials,Property & Casualty Insurance,209.585,2026-08-14,5,ok,,2026-08-03,2026-07-02,82408000000.0,,5485200000.0,16472000000.0,193000000.0,2664100000.0,34333000000.0,581371770.0,121846802415.45,2471100000,124317902415.45,0.0450171846225198,0.135186149110724,22.2137392283691,7.39720752886413,,,0.164336430550469,5,5,0.150018212724624,3.54897044870678,10391000000,5,3903000000,partial,missing_operating_income_ttm,https://data.sec.gov/api/xbrl/companyfacts/CIK0000080661.json,https://hfdatalibrary.com/pages/data
PH,0000076334,Parker Hannifin,Industrials,Industrial Machinery & Supplies & Components,1061.05,2026-08-14,5,ok,,2026-05-01,2026-03-31,19794209000.0,4251330000.0,3394137000.0,3125251000.0,476000000.0,8803284000.0,14609000000.0,126086389.0,133783963048.45,8327284000,142111247048.45,0.0253702829745805,0.0233604307182034,39.41619417497,42.8074298827358,33.427479647181,0.214776453052506,0.0845367834924364,5,5,2.66451686600532,9.15764001974468,2599000000,5,2084000000,ok,,https://data.sec.gov/api/xbrl/companyfacts/CIK0000076334.json,https://hfdatalibrary.com/pages/data
PHM,0000822416,PulteGroup,Consumer Discretionary,Homebuilding,130.175,2026-08-14,5,ok,,2026-07-22,2026-07-15,17694541000.0,,2742435000.0,1317897000.0,1335709000.0,43900000.0,13013731000.0,187452540.0,24401634394.5,-1291809000,23109825394.5,0.112387348964548,0.0540085544555592,8.89779863314901,18.5155853564429,,,0.0595295299827325,5,5,-0.980204826325578,1.8750682947496,1562249000,5,2602372000,partial,missing_operating_income_ttm,https://data.sec.gov/api/xbrl/companyfacts/CIK0000822416.json,https://hfdatalibrary.com/pages/data
PKG,0000075677,Packaging Corporation of America,Materials,Paper & Plastic Packaging Products & Materials,256.98,2026-08-14,5,ok,,2026-08-07,2026-07-31,8640800000.0,1243300000.0,904500000.0,625400000.0,442800000.0,3968900000.0,4661900000.0,89098299.0,22896480877.02,3526100000,26422580877.02,0.0395038872942173,0.0273142411429558,25.3139644853731,36.6109384026543,21.2519752891659,0.143887140079622,0.0384415221127483,5,5,5.63815158298689,4.91140540917223,670800000,5,805100000,ok,,https://data.sec.gov/api/xbrl/companyfacts/CIK0000075677.json,https://hfdatalibrary.com/pages/data
PLD,0001045609,Prologis,Real Estate,Industrial REITs,140.645,2026-08-14,5,ok,,2026-04-30,2026-04-28,8384654000.0,4573978000.0,3956648000.0,,861144000.0,34669592000.0,53503401000.0,932338000.0,131128678010,33808448000,164937126010,0.0301737809001496,,33.1413555135559,,36.0598861669208,0.545517799541877,0.165758137319605,,0,,2.4508475266834,,5,3555398000,partial,missing_free_cash_flow_ttm;insufficient_fcf_history,https://data.sec.gov/api/xbrl/companyfacts/CIK0001045609.json,https://hfdatalibrary.com/pages/data
PLTR,0001321655,Palantir Technologies,Information Technology,Application Software,175.08,2026-08-14,5,ok,,2026-08-04,2026-06-30,3440587000.0,569548000.0,772566000.0,1708704000.0,2030047000.0,0.0,9774194000.0,,,-2030047000,,,,,,,0.165538031737026,0.305249174220764,5,5,-1.18806241455512,,697069000,5,217375000,partial,missing_shares_outstanding,https://data.sec.gov/api/xbrl/companyfacts/CIK0001321655.json,https://hfdatalibrary.com/pages/data
PM,0001413329,Philip Morris International,Consumer Staples,Tobacco,186.275,2026-08-14,5,ok,,2026-07-24,2026-07-17,39058000000.0,14169000000.0,8714000000.0,8989000000.0,5999000000.0,16756000000.0,-8583000000.0,1558613439.0,290330718349.725,10757000000,301087718349.725,0.0300140475989982,0.0309612432714477,33.3177321952863,32.2984445822366,21.2497507480927,0.362768190895591,0.0666195040966735,5,5,1.19668483702303,,10664000000,5,9527000000,partial,nonpositive_stockholders_equity,https://data.sec.gov/api/xbrl/companyfacts/CIK0001413329.json,https://hfdatalibrary.com/pages/data
PNC,0000713676,PNC Financial Services,Financials,Diversified Banks,255.28,2026-08-14,5,ok,,2026-08-05,2026-07-20,18753000000.0,,6274000000.0,,28745000000.0,85723000000.0,64008000000.0,398943667.0,101842339311.76,56978000000,158820339311.76,0.0616050263809634,,16.232441713701,,,,0.0471536016702601,,0,,1.59108766578803,,5,5953000000,partial,missing_operating_income_ttm;missing_free_cash_flow_ttm;insufficient_fcf_history,https://data.sec.gov/api/xbrl/companyfacts/CIK0000713676.json,https://hfdatalibrary.com/pages/data
PNR,0000077360,Pentair,Industrials,Industrial Machinery & Supplies & Components,66.74,2026-08-14,5,ok,,2026-04-28,2026-03-31,4076000000.0,826100000.0,692500000.0,763500000.0,67700000.0,1944500000.0,4535900000.0,161605541.0,10785553806.34,1876800000,12662353806.34,0.0642062533305367,0.0707891327333787,15.5748069405632,14.1264620908186,15.3278704834039,0.202674190382728,0.0262529391656134,5,5,2.45815324165029,2.37782001506647,553000000,5,622700000,ok,,https://data.sec.gov/api/xbrl/companyfacts/CIK0000077360.json,https://hfdatalibrary.com/pages/data
PNW,0000764622,Pinnacle West Capital,Utilities,Multi-Utilities,100.36,2026-08-14,5,ok,,2026-08-04,2026-07-28,5255240000.0,996298000.0,593283000.0,-793527000.0,9124000.0,10550808000.0,7034754000.0,121197234.0,12163354404.24,10541684000,22705038404.24,0.04877626518826,-0.0652391580174122,20.501774708259,,22.7894047807383,0.189581826900389,0.0884986636994223,0,5,,1.72903763290657,-638673000,5,626030000,partial,nonpositive_free_cash_flow_ttm,https://data.sec.gov/api/xbrl/companyfacts/CIK0000764622.json,https://hfdatalibrary.com/pages/data
PODD,0001145197,Insulet Corporation,Health Care,Health Care Equipment,,,,excluded,ticker_unavailable,2026-08-05,2026-07-29,1038100000.0,407300000.0,236100000.0,404900000.0,856600000.0,1387500000.0,1422200000.0,69354199.0,,,,,,,,,,,,,,,,,,excluded,ticker_unavailable,https://data.sec.gov/api/xbrl/companyfacts/CIK0001145197.json,
PPG,0000079879,PPG Industries,Materials,Specialty Chemicals,114.75,2026-08-14,5,ok,,2026-04-29,2026-03-31,15680000000.0,2616000000.0,1185000000.0,784000000.0,1573000000.0,7143000000.0,8104000000.0,222900000.0,25577775000,5570000000,31147775000,0.0463292839193401,0.0306516106268039,21.5846202531646,32.6247130102041,11.9066418195719,0.166836734693878,-0.0140876316128631,5,5,7.10459183673469,3.1561913869694,1163000000,5,1309000000,ok,,https://data.sec.gov/api/xbrl/companyfacts/CIK0000079879.json,https://hfdatalibrary.com/pages/data
PPL,0000922224,PPL Corporation,Utilities,Electric Utilities,35.375,2026-08-14,5,ok,,2026-05-08,2026-04-30,8686000000.0,1873000000.0,1128000000.0,-431000000.0,1241000000.0,20018000000.0,13933000000.0,752350362.0,26614394055.75,18777000000,45391394055.75,0.0423830802849444,-0.0161942443287332,23.5943209714096,,24.2345937297117,0.215634354133088,0.119503110410831,1,5,,1.91016967313213,-465000000,5,756000000,partial,nonpositive_free_cash_flow_ttm,https://data.sec.gov/api/xbrl/companyfacts/CIK0000922224.json,https://hfdatalibrary.com/pages/data
PRU,0001137774,Prudential Financial,Financials,Life & Health Insurance,122.75,2026-08-14,5,ok,,2026-08-05,2026-07-31,4025000000.0,,1832000000.0,,15162000000.0,20618000000.0,31577000000.0,345000000.0,42348750000,5456000000,47804750000,0.0432598364768736,,23.1161299126638,,,,-0.0389673019770895,,0,,1.34112645279792,,5,2846000000,partial,missing_operating_income_ttm;missing_free_cash_flow_ttm;insufficient_fcf_history,https://data.sec.gov/api/xbrl/companyfacts/CIK0001137774.json,https://hfdatalibrary.com/pages/data
PSA,0001393311,Public Storage,Real Estate,Self-Storage REITs,325.34,2026-08-14,5,ok,,2026-07-29,2026-07-21,4749463000.0,1716104000.0,1823706000.0,,259936000.0,10180215000.0,9190280000.0,175621134.0,57136579735.56,9920279000,67056858735.56,0.0319183613797062,,31.3299291308796,,39.0750553204002,0.361325901475598,0.0901336034696949,,0,,6.21706626300396,,5,2084410000,partial,missing_free_cash_flow_ttm;insufficient_fcf_history,https://data.sec.gov/api/xbrl/companyfacts/CIK0001393311.json,https://hfdatalibrary.com/pages/data
PSKY,0002041610,Paramount Skydance Corporation,Communication Services,Movies & Entertainment,,,,excluded,ticker_unavailable,2026-08-04,2026-06-30,28301000000.0,2040000000.0,438000000.0,,1627000000.0,,11771000000.0,1071666977.0,,,,,,,,,,,,,,,,,,excluded,ticker_unavailable,https://data.sec.gov/api/xbrl/companyfacts/CIK0002041610.json,
PSX,0001534701,Phillips 66,Energy,Oil & Gas Refining & Marketing,225.6,2026-08-14,5,ok,,2026-08-05,2026-06-30,132966000000.0,,1828000000.0,,4099000000.0,1100000000.0,31506000000.0,399020916.0,90019118649.6,-2999000000,87020118649.6,0.020306797349522,,49.2445944472648,,,,0.0438944440880777,,0,,2.85720556876785,,5,4528000000,partial,missing_operating_income_ttm;missing_free_cash_flow_ttm;insufficient_fcf_history,https://data.sec.gov/api/xbrl/companyfacts/CIK0001534701.json,https://hfdatalibrary.com/pages/data
PTC,0000857005,PTC Inc.,Information Technology,Application Software,150.39,2026-08-14,5,ok,,2026-07-31,2026-07-29,2471978000.0,742789000.0,512727000.0,849781000.0,351454000.0,1398241000.0,3469743000.0,108506261.0,16318256591.79,1046787000,17365043591.79,0.0314204521246444,0.0520754772557958,31.8264038987414,19.2028965013221,23.37816471675,0.300483661262358,0.109575727583693,5,5,1.23183149540882,4.70301592705569,587047000,5,376333000,ok,,https://data.sec.gov/api/xbrl/companyfacts/CIK0000857005.json,https://hfdatalibrary.com/pages/data
PWR,0001050915,Quanta Services,Industrials,Construction & Engineering,672.6,2026-08-14,5,ok,,2026-07-30,2026-07-27,26052930000.0,1493247000.0,991800000.0,1358244000.0,506431000.0,2493502000.0,9637942000.0,150343393.0,101120966131.8,1987071000,103108037131.8,0.00980805502498165,0.0134318732500012,101.957013643678,74.4497793708641,69.0495525065846,0.0573158949876271,0.217059006338669,5,5,1.46297057082527,10.4919666596666,1141149000,5,750689000,ok,,https://data.sec.gov/api/xbrl/companyfacts/CIK0001050915.json,https://hfdatalibrary.com/pages/data
PYPL,0001633917,PayPal,Financials,Transaction & Payment Processing Services,59.2,2026-08-14,5,ok,,2026-05-05,2026-04-29,18262000000.0,5687000000.0,5050000000.0,5968000000.0,6977000000.0,9409000000.0,20024000000.0,882105493.0,52220645185.6,2432000000,54652645185.6,0.0967050480140861,0.114284302286746,10.3407218189307,8.7501081075067,9.61010114042553,0.311411674515387,0.0693205673488688,5,5,0.407506702412869,2.60790277594886,5107000000,5,4169000000,ok,,https://data.sec.gov/api/xbrl/companyfacts/CIK0001633917.json,https://hfdatalibrary.com/pages/data
Q,0002058873,Qnity Electronics,Information Technology,Semiconductor Materials & Equipment,,,,excluded,ticker_unavailable,2026-08-04,2026-07-31,5032000000.0,,695000000.0,,961000000.0,4100000000.0,7261000000.0,209208543.0,,,,,,,,,,,,,,,,,,excluded,ticker_unavailable,https://data.sec.gov/api/xbrl/companyfacts/CIK0002058873.json,
QCOM,0000804328,Qualcomm,Information Technology,Semiconductors,163.04,2026-08-14,5,ok,,2026-07-29,2026-07-27,43257000000.0,12019000000.0,9205000000.0,11622000000.0,4533000000.0,17300000000.0,4909000000.0,1050000000.0,171192000000,12767000000,183959000000,0.0537700359829899,0.0678886863872144,18.5977186311787,14.7299948373774,15.3056826691072,0.277850983655824,0.0716305000328585,5,5,1.09852004818448,34.8730902424119,9849000000,5,9043000000,ok,,https://data.sec.gov/api/xbrl/companyfacts/CIK0000804328.json,https://hfdatalibrary.com/pages/data
RCL,0000884887,Royal Caribbean Group,Consumer Discretionary,"Hotels, Resorts & Cruise Lines",308.11,2026-08-14,5,ok,,2026-07-28,2026-07-24,17183000000.0,4533000000.0,3624000000.0,3587000000.0,875000000.0,9471822000.0,10236000000.0,267452084.0,82404661601.24,8596822000,91001483601.24,0.043978094558979,0.0435290908341771,22.7385931570751,22.9731423477112,20.0753328041562,0.263807251353082,0.849716493621129,3,5,2.39666071926401,8.05047495127394,580000000,5,1704000000,ok,,https://data.sec.gov/api/xbrl/companyfacts/CIK0000884887.json,https://hfdatalibrary.com/pages/data
REG,0000910606,Regency Centers,Real Estate,Retail REITs,76.14,2026-08-14,5,ok,,2026-05-04,2026-04-30,1470964000.0,1057968000.0,409035000.0,,36855000.0,5003934000.0,6892835000.0,183096790.0,13940989590.6,4967079000,18908068590.6,0.0293404565968402,,34.082632514577,,17.872060960823,0.719234461210472,0.0743337618479134,,0,,2.02253348449513,,5,409840000,partial,missing_free_cash_flow_ttm;insufficient_fcf_history,https://data.sec.gov/api/xbrl/companyfacts/CIK0000910606.json,https://hfdatalibrary.com/pages/data
REGN,0000872589,Regeneron Pharmaceuticals,Health Care,Biotechnology,803.465,2026-08-14,5,ok,,2026-07-30,2026-06-30,14214200000.0,3840900000.0,4458600000.0,3853700000.0,2455800000.0,1986600000.0,31711400000.0,93955110.0,75489642456.15,-469200000,75020442456.15,0.0590624071718168,0.0510493873677904,16.9312435419526,19.5888736684615,19.5319957447864,0.270215699793165,-0.0280497360030703,5,5,-0.121753120377819,2.38052064734291,4080500000,5,4412600000,ok,,https://data.sec.gov/api/xbrl/companyfacts/CIK0000872589.json,https://hfdatalibrary.com/pages/data
RF,0001281761,Regions Financial Corporation,Financials,Regional Banks,31.62,2026-08-14,5,ok,,2026-08-06,2026-08-05,,53000000.0,2077000000.0,,27507000000.0,4628000000.0,18840000000.0,851929506.0,26938010979.72,-22879000000,4059010979.72,0.0771029457803565,,12.9696730764179,,76.5851128249057,,,,0,,1.42983073140764,,5,2156000000,partial,missing_revenue_ttm;missing_free_cash_flow_ttm;insufficient_revenue_history;insufficient_fcf_history,https://data.sec.gov/api/xbrl/companyfacts/CIK0001281761.json,https://hfdatalibrary.com/pages/data
RJF,0000720005,Raymond James Financial,Financials,Investment Banking & Brokerage,180.82,2026-08-14,5,ok,,2026-08-05,2026-08-03,15725000000.0,,791268000.0,1954000000.0,9977000000.0,0.0,12699000000.0,192361711.0,34782844583.02,-9977000000,24805844583.02,0.0227488007230517,0.0561771190201588,43.9583612417285,17.8008416494473,,,0.125671636179779,3,5,-5.10593654042989,2.73902233113001,1950000000,5,1739000000,partial,missing_operating_income_ttm,https://data.sec.gov/api/xbrl/companyfacts/CIK0000720005.json,https://hfdatalibrary.com/pages/data
RL,0001037038,Ralph Lauren Corporation,Consumer Discretionary,"Apparel, Accessories & Luxury Goods",396.15,2026-08-14,5,ok,,2026-08-06,2026-06-27,7285900000.0,997200000.0,794700000.0,763800000.0,1719000000.0,1239400000.0,2721600000.0,,,-479600000,,,,,,,0.136867099466092,0.069036811666707,4,4,-0.627913066247709,,726950000,5,646300000,partial,missing_shares_outstanding,https://data.sec.gov/api/xbrl/companyfacts/CIK0001037038.json,https://hfdatalibrary.com/pages/data
RMD,0000943819,ResMed|,Health Care,Health Care Equipment,224.805,2026-08-14,5,ok,,2026-08-13,2026-08-10,5653443000.0,1886715000.0,1523293000.0,1649544000.0,1469234000.0,1018889000.0,6585393000.0,144252306.0,32428639650.33,-450345000,31978294650.33,0.0469736941304135,0.0508668885832593,21.2885109104617,19.6591540755081,16.9491919290036,0.333728490762178,0.121148904435342,5,5,-0.273011814174099,4.92432868476187,1301800000,5,1020951000,ok,,https://data.sec.gov/api/xbrl/companyfacts/CIK0000943819.json,https://hfdatalibrary.com/pages/data
ROK,0001024478,Rockwell Automation,Industrials,Electrical Components & Equipment,447.01,2026-08-14,5,ok,,2026-08-04,2026-06-30,8061000000.0,1942000000.0,958000000.0,1384500000.0,479000000.0,2572000000.0,3494000000.0,111048676.0,49639868658.76,2093000000,51732868658.76,0.0192990035204483,0.0278908876555957,51.816146825428,35.8540040872228,26.6389642939032,0.240913038084605,0.0449198498747796,5,5,1.51173708920188,14.2071747735432,1140700000,5,948000000,ok,,https://data.sec.gov/api/xbrl/companyfacts/CIK0001024478.json,https://hfdatalibrary.com/pages/data
ROL,0000084839,"Rollins, Inc.",Industrials,Environmental & Facilities Services,36.525,2026-08-14,5,ok,,2026-07-23,2026-07-13,3570470000.0,683404000.0,368599000.0,631557000.0,109085000.0,487107000.0,1429597000.0,481145404.0,17573835881.1,378022000,17951857881.1,0.0209743053533585,0.0359373448274441,47.6773835010404,27.8262071057719,26.2682950071993,0.191404492965912,0.116039863509592,5,5,0.598555633141585,12.2928600725239,495901000,5,434957000,ok,,https://data.sec.gov/api/xbrl/companyfacts/CIK0000084839.json,https://hfdatalibrary.com/pages/data
ROP,0000882835,Roper Technologies,Information Technology,Electronic Equipment & Instruments,399.25,2026-08-14,5,ok,,2026-07-31,2026-07-28,7468100000.0,2095400000.0,,2363300000.0,364900000.0,11319400000.0,18700300000.0,98900874.0,39486173944.5,10954500000,50440673944.5,,0.0598513293114129,,16.708066662929,24.0720979023098,0.280580067219239,0.130753292305066,,0,4.63525578640037,2.11152622923162,,5,1536300000,partial,missing_net_income_ttm;insufficient_fcf_history,https://data.sec.gov/api/xbrl/companyfacts/CIK0000882835.json,https://hfdatalibrary.com/pages/data
ROST,0000745732,Ross Stores,Consumer Discretionary,Apparel Retail,248.265,2026-08-14,5,ok,,2026-06-02,2026-05-15,21256123000.0,2600943000.0,2248961000.0,1606549000.0,4130980000.0,1018187000.0,6305003000.0,320781076.0,79638713833.14,-3112793000,76525920833.14,0.0282395444596462,0.0201729651657366,35.4113360939296,49.5712946403378,29.4223752051237,0.122362060099107,0.0471562410804462,5,5,-1.93756492954774,12.6310350420357,1636884000,5,1874520000,ok,,https://data.sec.gov/api/xbrl/companyfacts/CIK0000745732.json,https://hfdatalibrary.com/pages/data
RSG,0001060391,Republic Services,Industrials,Environmental & Facilities Services,215.07,2026-08-14,5,ok,,2026-08-07,2026-07-30,16366000000.0,3314000000.0,2123000000.0,2356000000.0,107000000.0,13710000000.0,12032000000.0,306212978.0,65857225178.46,13603000000,79460225178.46,0.0322364022208207,0.0357743587528279,31.0208314547621,27.9529818244737,23.9771349361678,0.202492973237199,0.100894557736993,5,5,5.77376910016978,5.47350608198637,1987000000,5,1731000000,ok,,https://data.sec.gov/api/xbrl/companyfacts/CIK0001060391.json,https://hfdatalibrary.com/pages/data
RTX,0000101829,RTX Corporation,Industrials,Aerospace & Defense,222.755,2026-08-14,5,ok,,2026-07-23,2026-06-30,83599000000.0,8320000000.0,6445000000.0,3183000000.0,8305000000.0,41078000000.0,66377000000.0,1347758144.0,300219865366.72,32773000000,332992865366.72,0.0214676000608001,0.0106022297895309,46.5818255029822,94.3197817677411,40.0231809335,0.0995227215636551,0.083079064447072,5,5,10.2962613886271,4.52295019911596,5008000000,5,5013000000,ok,,https://data.sec.gov/api/xbrl/companyfacts/CIK0000101829.json,https://hfdatalibrary.com/pages/data
RVTY,0000031791,Revvity,Health Care,Health Care Equipment,,,,excluded,ticker_unavailable,2026-08-11,2026-08-06,2911811000.0,358847000.0,237554000.0,558113000.0,1022943000.0,3014287000.0,7228758000.0,111586401.0,,,,,,,,,,,,,,,,,,excluded,ticker_unavailable,https://data.sec.gov/api/xbrl/companyfacts/CIK0000031791.json,
SBAC,0001034054,SBA Communications,Real Estate,Telecom Tower REITs,182.845,2026-08-14,5,ok,,2026-08-06,2026-07-28,204495000.0,1427625000.0,878281000.0,1061750000.0,327051000.0,12729222000.0,-4629854000.0,106088110.0,19397680472.95,12402171000,31799851472.95,0.0452776300354447,0.0547359258484852,22.0859616375055,18.2695365886037,22.27465298867,6.98122203476858,0.0453555886286339,5,5,11.6808768542501,,1071257000,5,497415000,partial,nonpositive_stockholders_equity,https://data.sec.gov/api/xbrl/companyfacts/CIK0001034054.json,https://hfdatalibrary.com/pages/data
SBUX,0000829224,Starbucks,Consumer Discretionary,Restaurants,107.7,2026-08-14,5,ok,,2026-07-29,2026-07-23,36689300000.0,3965300000.0,2633100000.0,2253600000.0,3177500000.0,13278600000.0,-7674300000.0,1140000000.0,122778000000,10101100000,132879100000,0.0214460245320823,0.0183550799003079,46.6286886179788,54.4808306709265,33.5104784001211,0.108077831956456,0.0637887873710266,5,5,4.48220624778133,,3318100000,5,3762300000,partial,nonpositive_stockholders_equity,https://data.sec.gov/api/xbrl/companyfacts/CIK0000829224.json,https://hfdatalibrary.com/pages/data
SCHW,0000316709,Charles Schwab Corporation,Financials,Investment Banking & Brokerage,109.34,2026-08-14,5,ok,,2026-08-07,2026-07-31,21626000000.0,,7283000000.0,17180000000.0,40580000000.0,18914000000.0,50147000000.0,1729335714.0,189085566968.76,-21666000000,167419566968.76,0.0385169535504699,0.0908583361248213,25.9625932951751,11.006144759532,,,0.0660658134877448,5,5,-1.26111757857974,3.77062569981774,2050000000,5,5942000000,partial,missing_operating_income_ttm,https://data.sec.gov/api/xbrl/companyfacts/CIK0000316709.json,https://hfdatalibrary.com/pages/data
SHW,0000089800,Sherwin-Williams,Materials,Specialty Chemicals,361.055,2026-08-14,5,ok,,2026-07-28,2026-06-30,23079900000.0,4409600000.0,865887000.0,2962815000.0,293500000.0,9825700000.0,3854700000.0,242758151.0,87649044209.305,9532200000,97181244209.305,0.00987902387083961,0.0338031638191608,101.22457573483,29.5830297231872,22.0385622753322,0.191058020182063,0.0426846883526142,5,5,3.21727816282826,22.7382271536838,2083200000,5,2388800000,ok,,https://data.sec.gov/api/xbrl/companyfacts/CIK0000089800.json,https://hfdatalibrary.com/pages/data
SJM,0000091419,J.M. Smucker Company (The),Consumer Staples,Packaged Foods & Meats,118.79,2026-08-14,5,ok,,2026-06-09,2026-06-02,7359600000.0,360200000.0,-138700000.0,1156200000.0,48800000.0,6542800000.0,5543800000.0,106662133.0,12670394779.07,6494000000,19164394779.07,-0.0109467780932222,0.0912520896278549,,10.9586531560889,53.2048716798168,0.0489428773302897,,5,5,5.61667531568933,2.28550719345395,718800000,5,-91300000,partial,nonpositive_net_income_ttm;insufficient_revenue_history,https://data.sec.gov/api/xbrl/companyfacts/CIK0000091419.json,https://hfdatalibrary.com/pages/data
SLB,0000087347,Schlumberger,Energy,Oil & Gas Equipment & Services,53.01,2026-08-14,5,ok,,2026-07-29,2026-06-30,35478000000.0,6781000000.0,4213000000.0,4803000000.0,3172000000.0,13115000000.0,26074000000.0,1484143231.0,78674432675.31,9943000000,88617432675.31,0.0535497982856398,0.0610490579553591,18.674206663971,16.3802691391443,13.0684902927754,0.191132532837251,0.117105307932752,5,5,2.070164480533,3.01735187064931,4671000000,5,3492000000,ok,,https://data.sec.gov/api/xbrl/companyfacts/CIK0000087347.json,https://hfdatalibrary.com/pages/data
SMCI,0001375365,Supermicro,Information Technology,"Technology Hardware, Storage & Peripherals",,,,excluded,ticker_unavailable,2026-05-11,2026-04-30,21569720000.0,1313089000.0,1174533000.0,29578000.0,1290324000.0,133818000.0,7575430000.0,601418482.0,,,,,,,,,,,,,,,,,,excluded,ticker_unavailable,https://data.sec.gov/api/xbrl/companyfacts/CIK0001375365.json,
SNA,0000091440,Snap-on,Industrials,Industrial Machinery & Supplies & Components,408.4,2026-08-14,5,ok,,2026-07-23,2026-07-17,4634600000.0,1296700000.0,1025200000.0,,1644700000.0,904400000.0,6041300000.0,51727124.0,21125357441.6,-740300000,20385057441.6,0.0485293563829211,,20.6060841217323,,15.7207198593352,0.279786820869115,0.00578703185955209,,0,,3.49682310787413,,5,1034600000,partial,missing_free_cash_flow_ttm;insufficient_fcf_history,https://data.sec.gov/api/xbrl/companyfacts/CIK0000091440.json,https://hfdatalibrary.com/pages/data
SNDK,0002023554,Sandisk,Information Technology,"Technology Hardware, Storage & Peripherals",,,,excluded,ticker_unavailable,2026-05-01,2026-04-24,13184000000.0,5370000000.0,4507000000.0,4460000000.0,3735000000.0,0.0,13777000000.0,148089758.0,,,,,,,,,,,,,,,,,,excluded,ticker_unavailable,https://data.sec.gov/api/xbrl/companyfacts/CIK0002023554.json,
SNPS,0000883241,Synopsys,Information Technology,Application Software,412.27,2026-08-14,5,ok,,2026-05-27,2026-05-22,6221316000.0,1299278000.0,2143035000.0,1069099000.0,2412472000.0,10013845000.0,30478131000.0,191479325.0,78941181317.75,7601373000,86542554317.75,0.0271472375283309,0.013542982029832,36.8361605469579,73.8389815328141,66.6081887923524,0.208842952198538,0.138124542396859,5,5,7.11007399688897,2.5900925918899,1398858000,5,1218125000,ok,,https://data.sec.gov/api/xbrl/companyfacts/CIK0000883241.json,https://hfdatalibrary.com/pages/data
SO,0000092122,Southern Company,Utilities,Electric Utilities,92.37,2026-08-14,5,ok,,2026-04-30,2026-03-31,27853000000.0,7375000000.0,4731000000.0,105000000.0,981000000.0,,36016000000.0,1127301098.0,104128802422.26,,,0.0454341151530293,0.00100836653795563,22.0098927123779,991.702880212,,0.264782967723405,0.0633733346146825,1,5,,2.89118176427865,-1542000000,5,3849000000,partial,missing_total_debt,https://data.sec.gov/api/xbrl/companyfacts/CIK0000092122.json,https://hfdatalibrary.com/pages/data
SOLV,0001964738,Solventum,Health Care,Health Care Technology,,,,excluded,ticker_unavailable,2026-08-05,2026-07-31,8388000000.0,778000000.0,380000000.0,147000000.0,403000000.0,5079000000.0,4800000000.0,170223729.0,,,,,,,,,,,,,,,,,,excluded,ticker_unavailable,https://data.sec.gov/api/xbrl/companyfacts/CIK0001964738.json,
SPG,0001063761,Simon Property Group,Real Estate,Retail REITs,220.55,2026-08-14,5,ok,,2026-08-10,2026-06-30,6034414000.0,3075329000.0,2439971000.0,3142484000.0,1019091000.0,28699607000.0,4434416000.0,0.0,,27680516000,,,,,,,0.509631755461259,0.0560665681774948,5,5,8.80848271622067,,3116580000,5,2617018000,partial,nonpositive_shares_outstanding,https://data.sec.gov/api/xbrl/companyfacts/CIK0001063761.json,https://hfdatalibrary.com/pages/data
SPGI,0000064040,S&P Global,Financials,Financial Exchanges & Data,410.32,2026-08-14,5,ok,,2026-04-28,2026-04-24,14494000000.0,5773000000.0,4270000000.0,5621856000.0,1810000000.0,13318000000.0,31173000000.0,296000000.0,121454720000,11508000000,132962720000,0.0351571351035184,0.0462876700057437,28.4437283372365,21.6040254321704,23.0318240083146,0.398302745963847,0.165994180566853,5,5,2.04701080924165,3.89615115644949,3567000000,5,3522000000,ok,,https://data.sec.gov/api/xbrl/companyfacts/CIK0000064040.json,https://hfdatalibrary.com/pages/data
SRE,0001032208,Sempra,Utilities,Multi-Utilities,85.785,2026-08-14,5,ok,,2026-05-07,2026-05-04,11802000000.0,,3538000000.0,-687000000.0,794000000.0,,32239000000.0,653690046.0,56076800596.11,,,0.0630920445244772,-0.0122510555648151,15.8498588457066,,,,0.0155218097907517,0,5,,1.73940880908558,-3308000000,5,2285000000,partial,missing_operating_income_ttm;nonpositive_free_cash_flow_ttm;missing_total_debt,https://data.sec.gov/api/xbrl/companyfacts/CIK0001032208.json,https://hfdatalibrary.com/pages/data
STE,0001757898,Steris,Health Care,Health Care Equipment,236.58,2026-08-14,5,ok,,2026-08-07,2026-08-04,5571100000.0,927100000.0,648600000.0,908800000.0,482300000.0,1650200000.0,7206700000.0,97500110.0,23066576023.8,1167900000,24234476023.8,0.0281186076048208,0.0393989987531008,35.5636386429232,25.3813556599912,26.1400884735196,0.166412378165892,0.0888179053226072,5,5,1.28510123239437,3.20071267345664,613000000,5,380100000,ok,,https://data.sec.gov/api/xbrl/companyfacts/CIK0001757898.json,https://hfdatalibrary.com/pages/data
STLD,0001022671,Steel Dynamics,Materials,Steel,,,,excluded,ticker_unavailable,2026-07-28,2026-07-23,17148071000.0,1290938000.0,1049636000.0,-107428000.0,567708000.0,4182142000.0,9419532000.0,143328088.0,,,,,,,,,,,,,,,,,,excluded,ticker_unavailable,https://data.sec.gov/api/xbrl/companyfacts/CIK0001022671.json,
STT,0000093751,State Street Corporation,Financials,Asset Management & Custody Banks,189.68,2026-08-14,5,ok,,2026-07-30,2026-07-28,13403000000.0,,2850000000.0,-11795000000.0,4290000000.0,11834000000.0,28268000000.0,274701765.0,52105430785.2,7544000000,59649430785.2,0.0546967937324781,-0.226367958622659,18.2826072930526,,,,0.0376650421648843,2,5,,1.84326555770483,-126000000,5,2693000000,partial,missing_operating_income_ttm;nonpositive_free_cash_flow_ttm,https://data.sec.gov/api/xbrl/companyfacts/CIK0000093751.json,https://hfdatalibrary.com/pages/data
STX,0001137789,Seagate Technology,Information Technology,"Technology Hardware, Storage & Peripherals",878.015,2026-08-14,5,ok,,2026-08-04,2026-07-31,12195000000.0,4094000000.0,248000000.0,3105000000.0,1704000000.0,3565000000.0,2167000000.0,226644518.0,198997286471.77,1861000000,200858286471.77,0.00124624814939465,0.015603227838187,802.408413192621,64.0893032115201,49.0616234664802,0.335711357113571,0.011241203190437,5,5,0.599355877616747,91.8307736371804,818000000,5,1469000000,ok,,https://data.sec.gov/api/xbrl/companyfacts/CIK0001137789.json,https://hfdatalibrary.com/pages/data
STZ,0000016918,Constellation Brands,Consumer Staples,Distillers & Vintners,133.945,2026-08-14,5,ok,,2026-07-01,2026-05-31,10061900000.0,127100000.0,,2067300000.0,96600000.0,10197500000.0,8255600000.0,,,10100900000,,,,,,,0.0126318091016607,0.00890163862940718,5,5,4.88603492478112,,1721500000,5,-40400000,partial,missing_shares_outstanding;missing_net_income_ttm,https://data.sec.gov/api/xbrl/companyfacts/CIK0000016918.json,https://hfdatalibrary.com/pages/data
SW,0002005951,Smurfit Westrock,Materials,Paper & Plastic Packaging Products & Materials,,,,excluded,ticker_unavailable,2026-07-31,2026-07-24,30806000000.0,1260000000.0,352000000.0,85000000.0,677000000.0,13223000000.0,18036000000.0,524522908.0,,,,,,,,,,,,,,,,,,excluded,ticker_unavailable,https://data.sec.gov/api/xbrl/companyfacts/CIK0002005951.json,
SWK,0000093556,Stanley Black & Decker,Industrials,Industrial Machinery & Supplies & Components,102.65,2026-08-14,5,ok,,2026-07-29,2026-07-24,15161600000.0,1635100000.0,294300000.0,413600000.0,592400000.0,4757900000.0,8958800000.0,151016641.0,15501858198.65,4165500000,19667358198.65,0.0189848208020397,0.0266806723877799,52.6736602060822,37.4803147936412,12.0282295875787,0.107844818488814,-0.00247446436962406,4,5,10.0713249516441,1.73034984581082,687900000,5,401900000,ok,,https://data.sec.gov/api/xbrl/companyfacts/CIK0000093556.json,https://hfdatalibrary.com/pages/data
SWKS,0000004127,Skyworks Solutions,Information Technology,Semiconductors,69.27,2026-08-14,5,ok,,2026-07-28,2026-07-23,4011700000.0,448400000.0,396200000.0,1355100000.0,790000000.0,496900000.0,5738300000.0,150472782.0,10423249609.14,-293100000,10130149609.14,0.0380111783615522,0.130007440176021,26.3080505026249,7.69186747040071,22.5917698687333,0.111773063788419,-0.0542071355325743,5,5,-0.216294000442772,1.81643511303696,1134200000,5,982800000,ok,,https://data.sec.gov/api/xbrl/companyfacts/CIK0000004127.json,https://hfdatalibrary.com/pages/data
SYF,0001601712,Synchrony Financial,Financials,Consumer Finance,79.64,2026-08-14,5,ok,,2026-07-23,2026-07-17,,,3287000000.0,,16193000000.0,16432000000.0,16897000000.0,325370840.0,25912533697.6,239000000,26151533697.6,0.126849810920051,,7.8833385146334,,,,,,0,,1.53355824688406,,5,3499000000,partial,missing_revenue_ttm;missing_operating_income_ttm;missing_free_cash_flow_ttm;insufficient_revenue_history;insufficient_fcf_history,https://data.sec.gov/api/xbrl/companyfacts/CIK0001601712.json,https://hfdatalibrary.com/pages/data
SYK,0000310764,Stryker Corporation,Health Care,Health Care Equipment,345.305,2026-08-14,5,ok,,2026-07-31,2026-06-30,23818000000.0,3616000000.0,2918000000.0,4024000000.0,3391000000.0,14942000000.0,11730000000.0,383573046.0,132449690649.03,11551000000,144000690649.03,0.0220310065331313,0.0303813469120358,45.3905725322241,32.9149330638743,39.82319984763,0.1518179528088,0.10074558492975,5,5,2.8705268389662,11.2915337296701,3136000000,5,2993000000,ok,,https://data.sec.gov/api/xbrl/companyfacts/CIK0000310764.json,https://hfdatalibrary.com/pages/data
SYY,0000096021,Sysco,Consumer Staples,Food Distributors,83.91,2026-08-14,5,ok,,2026-04-29,2026-04-10,80788000000.0,3176000000.0,1410750000.0,2099000000.0,1900000000.0,10588184000.0,2297000000.0,478182608.0,40124302637.28,8688184000,48812486637.28,0.0351594895680319,0.052312435657132,28.4418235954492,19.1159135956551,15.3691708555668,0.039312769223152,0.122696290573764,5,5,4.13920152453549,17.46813349468,1604000000,5,1770000000,ok,,https://data.sec.gov/api/xbrl/companyfacts/CIK0000096021.json,https://hfdatalibrary.com/pages/data
T,0000732717,AT&T,Communication Services,Integrated Telecommunication Services,24.455,2026-08-14,5,ok,,2026-07-22,2026-07-16,,19697000000.0,14106000000.0,19637000000.0,17570000000.0,69637000000.0,126434000000.0,6852385650.0,167575091070.75,52067000000,219642091070.75,0.084177188327139,0.117183287053738,11.8797030391855,8.53364012174721,11.1510428527568,,-0.0160295540446755,5,5,2.65147425777868,1.32539578808509,19442000000,5,15623000000,partial,missing_revenue_ttm,https://data.sec.gov/api/xbrl/companyfacts/CIK0000732717.json,https://hfdatalibrary.com/pages/data
TAP,0000024545,Molson Coors Beverage Company,Consumer Staples,Brewers,42.125,2026-08-14,5,ok,,2026-08-06,2026-06-30,13277100000.0,1609200000.0,1069900000.0,960800000.0,2128100000.0,7709600000.0,10119500000.0,0.0,,5581500000,,,,,,,0.121201165917256,0.0116500949108429,5,5,5.80922148209825,,1067800000,5,956400000,partial,nonpositive_shares_outstanding,https://data.sec.gov/api/xbrl/companyfacts/CIK0000024545.json,https://hfdatalibrary.com/pages/data
TDG,0001260221,TransDigm Group,Industrials,Aerospace & Defense,1242.54,2026-08-14,5,ok,,2026-08-04,2026-07-31,7940000000.0,3947000000.0,1932000000.0,1906000000.0,2773000000.0,19533000000.0,-9809000000.0,55276525.0,68683293373.5,16760000000,85443293373.5,0.0281291112453472,0.027750562129209,35.5503588889752,36.0353060721406,21.6476547690651,0.497103274559194,0.164758933702858,5,5,8.79328436516264,,1236000000,5,1299000000,partial,nonpositive_stockholders_equity,https://data.sec.gov/api/xbrl/companyfacts/CIK0001260221.json,https://hfdatalibrary.com/pages/data
TDY,0001094285,Teledyne Technologies,Information Technology,Electronic Equipment & Instruments,681.895,2026-08-14,5,ok,,2026-07-24,2026-07-15,5909400000.0,1045300000.0,860500000.0,953000000.0,340100000.0,2027000000.0,10918500000.0,46355673.0,31609701640.335,1686900000,33296601640.335,0.027222654923828,0.0301489716936759,36.7341099829576,33.1686271147272,31.8536321059361,0.176887670491082,0.0732085979627111,5,5,1.7700944386149,2.89505899531392,723000000,5,820700000,ok,,https://data.sec.gov/api/xbrl/companyfacts/CIK0001094285.json,https://hfdatalibrary.com/pages/data
TECH,0000842023,Bio-Techne,Health Care,Life Sciences Tools & Services,72.235,2026-08-14,5,ok,,2026-05-06,2026-04-29,1208770000.0,171938000.0,131666000.0,220755000.0,209819000.0,12500000.0,2085304000.0,156568751.0,11309743728.485,-197319000,11112424728.485,0.0116418199351753,0.0195190099174397,85.8972227339252,51.2321067630858,64.6304175254161,0.142242113884362,0.0698323243418293,5,5,-0.893837059183257,5.42354674833262,256550000,5,168105000,ok,,https://data.sec.gov/api/xbrl/companyfacts/CIK0000842023.json,https://hfdatalibrary.com/pages/data
TEL,0001385157,TE Connectivity,Information Technology,Electronic Manufacturing Services,215.29,2026-08-14,5,ok,,2026-07-24,2026-07-20,16581000000.0,2946000000.0,1455000000.0,2882000000.0,1239000000.0,5632000000.0,12449000000.0,289513228.0,62329302856.12,4393000000,66722302856.12,0.0233437553979819,0.0462382838879614,42.8380088358213,21.6271002276613,22.6484395302512,0.177673240455944,0.0370192250510666,5,5,1.52428868841083,5.00677185766889,2400000000,5,2261000000,ok,,https://data.sec.gov/api/xbrl/companyfacts/CIK0001385157.json,https://hfdatalibrary.com/pages/data
TER,0000097210,Teradyne,Information Technology,Semiconductor Materials & Equipment,402.63,2026-08-14,5,ok,,2026-07-31,2026-07-27,2294056000.0,517197000.0,469171000.0,568899000.0,349538000.0,357722000.0,3437162000.0,156340750.0,62947476172.5,8184000,62955660172.5,0.00745337269304163,0.00903767767338282,134.167448909886,110.647893866047,121.724720314503,0.225450904424304,-0.0365839411054208,5,5,0.0143856818169833,18.3137938137626,450406000,5,554047000,ok,,https://data.sec.gov/api/xbrl/companyfacts/CIK0000097210.json,https://hfdatalibrary.com/pages/data
TFC,0000092230,Truist Financial,Financials,Diversified Banks,52.67,2026-08-14,5,ok,,2026-07-31,2026-06-30,,,5219000000.0,3405000000.0,20295000000.0,42976000000.0,64095000000.0,1221626188.0,64343051321.96,22681000000,87024051321.96,0.0811120997959072,0.0529194672935551,12.3286168465147,18.8966376863319,,,,2,2,6.66108663729809,1.00387005728934,,5,5307000000,partial,missing_revenue_ttm;missing_operating_income_ttm;insufficient_revenue_history;insufficient_fcf_history,https://data.sec.gov/api/xbrl/companyfacts/CIK0000092230.json,https://hfdatalibrary.com/pages/data
TGT,0000027419,Target Corporation,Consumer Staples,Consumer Staples Merchandise Retail,153.78,2026-08-14,5,ok,,2026-05-29,2026-05-22,105881000000.0,5742000000.0,2983000000.0,3534000000.0,2680000000.0,14815000000.0,16395000000.0,454191112.0,69845509203.36,12135000000,81980509203.36,0.0427085439568461,0.0505973832864546,23.4145186736038,19.7638679126655,14.2773439922257,0.0542306929477432,-0.00289759901760467,4,5,3.43378607809847,4.26017134512717,3815000000,5,4091000000,ok,,https://data.sec.gov/api/xbrl/companyfacts/CIK0000027419.json,https://hfdatalibrary.com/pages/data
TJX,0000109198,TJX Companies,Consumer Discretionary,Apparel Retail,153.75,2026-08-14,5,ok,,2026-05-29,2026-05-22,28199051000.0,4763227000.0,2137396000.0,3777000000.0,5580000000.0,2870000000.0,10403000000.0,1104704446.0,169848308572.5,-2710000000,167138308572.5,0.0125841465126375,0.0222374896267382,79.4650633633169,44.9691047319301,35.0893015538625,0.168914443255555,,5,5,-0.71750066190098,16.3268584612612,4198000000,5,4474000000,partial,insufficient_revenue_history,https://data.sec.gov/api/xbrl/companyfacts/CIK0000109198.json,https://hfdatalibrary.com/pages/data
TKO,0001973266,TKO Group Holdings,Communication Services,Movies & Entertainment,,,,excluded,ticker_unavailable,2026-08-03,2026-06-30,5045844000.0,695339000.0,381246000.0,,592485000.0,4629225000.0,3395932000.0,,,,,,,,,,,,,,,,,,,excluded,ticker_unavailable,https://data.sec.gov/api/xbrl/companyfacts/CIK0001973266.json,
TMO,0000097745,Thermo Fisher Scientific,Health Care,Life Sciences Tools & Services,598.17,2026-08-14,5,ok,,2026-07-31,2026-06-27,43212000000.0,7405000000.0,6583000000.0,6170000000.0,4064000000.0,22141000000.0,52679000000.0,369747286.0,221171734066.62,18077000000,239248734066.62,0.0297642012338571,0.0278968740107699,33.59740757506,35.8463102214943,32.3090795498474,0.171364435804869,0.0324624945712737,5,5,2.92982171799028,4.19848011668065,6911000000,5,6721000000,ok,,https://data.sec.gov/api/xbrl/companyfacts/CIK0000097745.json,https://hfdatalibrary.com/pages/data
TMUS,0001283699,T-Mobile US,Communication Services,Wireless Telecommunication Services,178.54,2026-08-14,5,ok,,2026-07-23,2026-07-17,84052000000.0,19395000000.0,12215000000.0,16507000000.0,2825000000.0,81622000000.0,56265000000.0,1072671613.0,191514789785.02,78797000000,270311789785.02,0.0637809748986574,0.0861917767214193,15.6786565521916,11.6020348812637,13.9371894707409,0.230750011897397,0.0246333796680971,5,5,4.77355061489065,3.4037996940375,8758000000,5,8317000000,ok,,https://data.sec.gov/api/xbrl/companyfacts/CIK0001283699.json,https://hfdatalibrary.com/pages/data
TPL,0001811074,Texas Pacific Land Corporation,Energy,Oil & Gas Exploration & Production,,,,excluded,ticker_unavailable,2026-08-05,2026-07-31,742873000.0,563699000.0,461746000.0,505694000.0,248612000.0,,1672398000.0,68974683.0,,,,,,,,,,,,,,,,,,excluded,ticker_unavailable,https://data.sec.gov/api/xbrl/companyfacts/CIK0001811074.json,
TPR,0001116132,"Tapestry, Inc.",Consumer Discretionary,"Apparel, Accessories & Luxury Goods",154.04,2026-08-14,5,ok,,2026-08-13,2026-07-31,8004200000.0,1914400000.0,730351000.0,1812500000.0,974700000.0,2396600000.0,692100000.0,199391678.0,30714294079.12,1421900000,32136194079.12,0.0237788632914244,0.0590116118355513,42.0541548914426,16.9458174229628,16.7865618883828,0.239174433422453,0.0462344736575726,5,5,0.784496551724138,44.3784049691085,1093900000,5,856300000,ok,,https://data.sec.gov/api/xbrl/companyfacts/CIK0001116132.json,https://hfdatalibrary.com/pages/data
TRGP,0001389170,Targa Resources,Energy,Oil & Gas Storage & Transportation,,,,excluded,ticker_unavailable,2026-08-06,2026-07-31,14137200000.0,3005600000.0,1778900000.0,427500000.0,132300000.0,7429700000.0,3656500000.0,214431021.0,,,,,,,,,,,,,,,,,,excluded,ticker_unavailable,https://data.sec.gov/api/xbrl/companyfacts/CIK0001389170.json,
TRMB,0000864749,Trimble Inc.,Information Technology,Application Software,57.595,2026-08-14,5,ok,,2026-08-12,2026-08-07,3575500000.0,515200000.0,1504400000.0,287100000.0,214400000.0,1973300000.0,5110800000.0,233179848.0,13429993345.56,1758900000,15188893345.56,0.112017925943155,0.0213775236228927,8.92714261204467,46.7781029103448,29.4815476427795,0.144091735421619,-0.00493525325122057,5,5,6.1264367816092,2.62776734475229,497800000,5,449700000,ok,,https://data.sec.gov/api/xbrl/companyfacts/CIK0000864749.json,https://hfdatalibrary.com/pages/data
TROW,0001113169,T. Rowe Price,Financials,Asset Management & Custody Banks,111.415,2026-08-14,5,ok,,2026-07-31,2026-07-29,7097300000.0,2256600000.0,2118300000.0,1171600000.0,3234300000.0,,11002500000.0,213315850.0,23766585427.75,,,0.0891293369188264,0.0492961011821258,11.2196503931218,20.2855799144333,,0.317951897200344,-0.011845194551822,5,5,,2.16010774167235,1479200000,5,2135800000,partial,missing_total_debt,https://data.sec.gov/api/xbrl/companyfacts/CIK0001113169.json,https://hfdatalibrary.com/pages/data
TRV,0000086312,Travelers Companies (The),Financials,Property & Casualty Insurance,370.355,2026-08-14,5,ok,,2026-07-17,2026-07-10,47838000000.0,3599000000.0,3642000000.0,,621000000.0,6161000000.0,33121000000.0,208575022.0,77246802272.81,5540000000,82786802272.81,0.0471475827198344,,21.2099951325673,,23.0027236101167,0.0752330783059492,0.0882326742899875,,0,,2.33226056800248,,5,3662000000,partial,missing_free_cash_flow_ttm;insufficient_fcf_history,https://data.sec.gov/api/xbrl/companyfacts/CIK0000086312.json,https://hfdatalibrary.com/pages/data
TSCO,0000916365,Tractor Supply,Consumer Discretionary,Other Specialty Retail,35.84,2026-08-14,5,ok,,2026-08-06,2026-07-25,15148457000.0,1469897000.0,1087289000.0,820194000.0,231588000.0,150000000.0,2631565000.0,521040137.0,18674078510.08,-81588000,18592490510.08,0.0582245062005655,0.0439215246716067,17.1748987712375,22.7678799285047,12.6488390071413,0.0970327869036431,0.0507631276467202,5,5,-0.0994740268765682,7.09618744362385,583610000,5,1096087000,ok,,https://data.sec.gov/api/xbrl/companyfacts/CIK0000916365.json,https://hfdatalibrary.com/pages/data
TSLA,0001318605,"Tesla, Inc.",Consumer Discretionary,Automobile Manufacturers,332.805,2026-08-14,5,ok,,2026-07-23,2026-07-16,92720000000.0,5622000000.0,5942000000.0,5586000000.0,15219000000.0,1937600000.0,86858000000.0,3949547394.0,1314429120460.17,-13281400000,1301147720460.17,0.0045205936992021,0.00424975368625764,221.209882271991,235.30775518442,231.438584215612,0.0606341673856773,0.152098907824963,5,5,-2.37762262799857,15.1330806656862,5015000000,5,7153000000,ok,,https://data.sec.gov/api/xbrl/companyfacts/CIK0001318605.json,https://hfdatalibrary.com/pages/data
TSN,0000100493,Tyson Foods,Consumer Staples,Packaged Foods & Meats,56.58,2026-08-14,5,ok,,2026-08-03,2026-06-27,54146000000.0,1465000000.0,813000000.0,1298000000.0,740000000.0,1427000000.0,18079000000.0,,,687000000,,,,,,,0.0270564769327374,0.037284782975153,4,5,0.529275808936826,,1177000000,5,822000000,partial,missing_shares_outstanding,https://data.sec.gov/api/xbrl/companyfacts/CIK0000100493.json,https://hfdatalibrary.com/pages/data
TT,0001466258,Trane Technologies,Industrials,Building Products,478.175,2026-08-14,5,ok,,2026-07-30,2026-07-24,20750100000.0,3815200000.0,2877800000.0,2811400000.0,1763300000.0,4616800000.0,8622900000.0,220023177.0,105209582661.975,2853500000,108063082661.975,0.0273530217228026,0.0267219005043739,36.5590321293957,37.4224879639948,28.3243559084648,0.183864174148558,0.108206907849778,5,5,1.01497474567831,12.2011832054152,2088900000,5,2041700000,ok,,https://data.sec.gov/api/xbrl/companyfacts/CIK0001466258.json,https://hfdatalibrary.com/pages/data
TTD,0001671933,Trade Desk (The),Communication Services,Advertising,13.59,2026-08-14,5,ok,,2026-08-06,2026-06-30,2679088000.0,475019000.0,417194000.0,755920000.0,1122979000.0,,2574352000.0,,,,,,,,,,0.177306232568695,0.24733507294213,5,5,,,551532000,5,178940000,partial,missing_shares_outstanding;missing_total_debt,https://data.sec.gov/api/xbrl/companyfacts/CIK0001671933.json,https://hfdatalibrary.com/pages/data
TTWO,0000946581,Take-Two Interactive,Communication Services,Interactive Home Entertainment,246.64,2026-08-14,5,ok,,2026-08-07,2026-07-27,5799200000.0,-4184600000.0,161700000.0,-58300000.0,1364900000.0,2017568000.0,3608400000.0,186980443.0,46116856461.52,652668000,46769524461.52,0.00350631010886275,-0.0012641798351682,285.200101802845,,,-0.721582287212029,0.173931112688378,2,5,,12.7804169331338,-157800000,5,-1124700000,partial,nonpositive_operating_income_ttm;nonpositive_free_cash_flow_ttm,https://data.sec.gov/api/xbrl/companyfacts/CIK0000946581.json,https://hfdatalibrary.com/pages/data
TXN,0000097476,Texas Instruments,Information Technology,Semiconductors,279.71,2026-08-14,5,ok,,2026-07-24,2026-07-15,16675000000.0,5818000000.0,1949000000.0,1503000000.0,3660000000.0,14489000000.0,18007000000.0,913247686.0,255444510251.06,10829000000,266273510251.06,0.00762983709489178,0.00588386103315666,131.064397255546,169.956427312748,45.7671897990822,0.348905547226387,-0.00914656778029033,5,5,7.20492348636061,14.1858449631288,2603000000,5,6510000000,ok,,https://data.sec.gov/api/xbrl/companyfacts/CIK0000097476.json,https://hfdatalibrary.com/pages/data
TXT,0000217346,Textron,Industrials,Aerospace & Defense,88.96,2026-08-14,5,ok,,2026-07-28,2026-07-17,13286000000.0,,272000000.0,559000000.0,731000000.0,,8054000000.0,171986917.0,15299956136.32,,,0.0177778287451628,0.0365360524578898,56.2498387364706,27.3702256463685,,,0.0455228502876224,5,5,,1.89967173284331,929000000,5,861000000,partial,missing_operating_income_ttm;missing_total_debt,https://data.sec.gov/api/xbrl/companyfacts/CIK0000217346.json,https://hfdatalibrary.com/pages/data
TYL,0000860731,Tyler Technologies,Information Technology,Application Software,322.77,2026-08-14,5,ok,,2026-07-29,2026-07-27,2245750000.0,339282000.0,306797000.0,628452000.0,895353000.0,597934000.0,3037231000.0,40952274.0,13218165478.98,-297419000,12920746478.98,0.023210255650671,0.0475445704624735,43.0844026472879,21.0328958758664,38.0826170530119,0.151077368362462,0.100124348522378,5,5,-0.473256509645924,4.35204483260575,359921000,5,165919000,ok,,https://data.sec.gov/api/xbrl/companyfacts/CIK0000860731.json,https://hfdatalibrary.com/pages/data
UAL,0000100517,United Airlines Holdings,Industrials,Passenger Airlines,125.34,2026-08-14,5,ok,,2026-07-16,2026-07-09,57986000000.0,5000000000.0,3311000000.0,4044000000.0,10166000000.0,21266000000.0,16697000000.0,324583772.0,40683329982.48,11100000000,51783329982.48,0.0813846851136782,0.0994018926607414,12.2873240659861,10.0601706188131,10.356665996496,0.0862277101369296,0.244388699590518,3,5,2.74480712166172,2.43656525019345,1247000000,5,2618000000,ok,,https://data.sec.gov/api/xbrl/companyfacts/CIK0000100517.json,https://hfdatalibrary.com/pages/data
UBER,0001543151,Uber,Industrials,Passenger Ground Transportation,75.92,2026-08-14,5,ok,,2026-08-05,2026-07-31,11617000000.0,4509000000.0,12624000000.0,8540000000.0,4870000000.0,10726000000.0,27316000000.0,2042560121.0,155071164386.32,5856000000,160927164386.32,0.0814077849351188,0.0550714894919134,12.2838374830735,18.1582159702951,35.6902116625238,0.388138073512955,0.313874632499648,4,5,0.685714285714286,5.67693529017133,3362000000,5,2156000000,ok,,https://data.sec.gov/api/xbrl/companyfacts/CIK0001543151.json,https://hfdatalibrary.com/pages/data
UDR,0000074208,"UDR, Inc.",Real Estate,Multi-Family Residential REITs,37.68,2026-08-14,5,ok,,2026-04-30,2026-04-27,8464000.0,327005000.0,131638000.0,864881000.0,1300000.0,5663316000.0,3285680000.0,324915653.0,12242821805.04,5662016000,17904837805.04,0.0107522597401368,0.0706439261938742,93.0037056552059,14.1554986235563,54.7540184554976,38.6348062381853,0.1681125861508,,0,6.54658386529476,3.72611508273478,,5,160993000,partial,insufficient_fcf_history,https://data.sec.gov/api/xbrl/companyfacts/CIK0000074208.json,https://hfdatalibrary.com/pages/data
UHS,0000352915,Universal Health Services,Health Care,Health Care Facilities,171.51,2026-08-14,5,ok,,2026-08-07,2026-06-30,16460285000.0,1811749000.0,1287197000.0,901523000.0,138800000.0,4851847000.0,7513812000.0,,,4713047000,,,,,,,0.110067899796389,0.0825849088338759,5,5,5.22787216743222,,524742000,5,987632000,partial,missing_shares_outstanding,https://data.sec.gov/api/xbrl/companyfacts/CIK0000352915.json,https://hfdatalibrary.com/pages/data
ULTA,0001403568,Ulta Beauty,Consumer Discretionary,Other Specialty Retail,532.3,2026-08-14,5,ok,,2026-06-02,2026-05-28,11418173000.0,1565801000.0,1193057000.0,1036821000.0,166300000.0,800000000.0,2580955000.0,42989311.0,22883210245.3,633700000,23516910245.3,0.0521367844463625,0.045309245900625,19.1803159826396,22.0705505051499,15.0190926211568,0.137132359091074,0.0945211325393021,5,5,0.611195182196348,8.86617947438061,1040999000,5,1201118000,ok,,https://data.sec.gov/api/xbrl/companyfacts/CIK0001403568.json,https://hfdatalibrary.com/pages/data
UNH,0000731766,UnitedHealth Group,Health Care,Managed Health Care,402.74,2026-08-14,5,ok,,2026-08-10,2026-07-31,422818000000.0,30750000000.0,22088000000.0,25271000000.0,28585000000.0,73328000000.0,33020000000.0,897594847.0,361497348680.78,44743000000,406240348680.78,0.0611014163191133,0.069906460150322,16.3662327363627,14.3048295944276,13.2110682497815,0.0727263266937548,0.1169081000236,5,5,1.7705274820941,10.9478300630157,20705000000,5,17732000000,ok,,https://data.sec.gov/api/xbrl/companyfacts/CIK0000731766.json,https://hfdatalibrary.com/pages/data
UNP,0000100885,Union Pacific Corporation,Industrials,Rail Transportation,293.73,2026-08-14,5,ok,,2026-07-23,2026-07-17,24393000000.0,9837000000.0,6935000000.0,6261000000.0,1614000000.0,31814000000.0,20673000000.0,594075498.0,174497796027.54,30200000000,204697796027.54,0.0397426223016908,0.0358801093339417,25.1619028157952,27.8705951170005,20.8089657443875,0.403271430328373,0.0296782131693625,5,5,4.8235106213065,8.44085502962995,5742000000,5,6747000000,ok,,https://data.sec.gov/api/xbrl/companyfacts/CIK0000100885.json,https://hfdatalibrary.com/pages/data
UPS,0001090727,United Parcel Service,Industrials,Air Freight & Logistics,104.545,2026-08-14,5,ok,,2026-08-05,2026-06-30,90313000000.0,8399000000.0,5542000000.0,3539000000.0,4653000000.0,19985000000.0,15067000000.0,713924267.0,74637212493.515,15332000000,89969212493.515,0.0742525050822541,0.0474160258906707,13.4675590930197,21.0899159348728,10.7118957606281,0.0929987930862667,-0.0229435400637457,5,5,4.33229725911274,4.95368769453209,6213000000,5,6708000000,ok,,https://data.sec.gov/api/xbrl/companyfacts/CIK0001090727.json,https://hfdatalibrary.com/pages/data
URI,0001067701,United Rentals,Industrials,Trading Companies & Distributors,1139.19,2026-08-14,5,ok,,2026-04-22,2026-04-20,3656000000.0,4017000000.0,75000000.0,4719000000.0,156000000.0,14302000000.0,8968000000.0,62646557.0,71366331268.83,14146000000,85512331268.83,0.00105091572827924,0.0661236176233298,951.5510835844,15.1231895038843,21.2876104726985,1.09874179431072,0.131273820269891,4,4,2.997668997669,7.9578870727955,617000000,5,2424000000,ok,,https://data.sec.gov/api/xbrl/companyfacts/CIK0001067701.json,https://hfdatalibrary.com/pages/data
USB,0000036104,U.S. Bancorp,Financials,Diversified Banks,65.02,2026-08-14,5,ok,,2026-08-06,2026-07-31,27835000000.0,,6929000000.0,,8252000000.0,43074000000.0,67432000000.0,1558051446.0,101304505018.92,34822000000,136126505018.92,0.0683977479452263,,14.6203644131794,,,,,,0,,1.50232093099597,,5,6329000000,partial,missing_operating_income_ttm;missing_free_cash_flow_ttm;insufficient_revenue_history;insufficient_fcf_history,https://data.sec.gov/api/xbrl/companyfacts/CIK0000036104.json,https://hfdatalibrary.com/pages/data
V,0001403161,Visa Inc.,Financials,Transaction & Payment Processing Services,362.57,2026-08-14,5,ok,,2026-04-29,2026-03-31,37621000000.0,23956000000.0,19972000000.0,20508000000.0,12404000000.0,24166000000.0,26437000000.0,469280842.0,170147154883.94,11762000000,181909154883.94,0.117380746175998,0.120530960473531,8.51928474283697,8.29662350711625,7.59346948087911,0.636772015629569,0.134977062713204,5,5,0.57353228008582,6.43594790951848,18693000000,5,17273000000,ok,,https://data.sec.gov/api/xbrl/companyfacts/CIK0001403161.json,https://hfdatalibrary.com/pages/data
VEEV,0001393052,Veeva Systems,Health Care,Health Care Technology,240.59,2026-08-14,5,ok,,2026-06-05,2026-06-01,2855317000.0,769995000.0,487706000.0,1202041000.0,1896580000.0,,7304354000.0,162443291.0,39082231381.69,,,0.0124789701805125,0.0307567136651045,80.1348176600042,32.5132265718807,,0.269670582986057,0.146274266454708,,0,,5.35053905953764,,5,525705000,partial,missing_total_debt;insufficient_fcf_history,https://data.sec.gov/api/xbrl/companyfacts/CIK0001393052.json,https://hfdatalibrary.com/pages/data
VICI,0001705696,Vici Properties,Real Estate,Hotel & Resort REITs,26.08,2026-08-14,5,ok,,2026-07-29,2026-07-28,,321018000.0,2799319000.0,2452183000.0,288063000.0,16931155000.0,29170749000.0,1101077562.0,28716102816.96,16643092000,45359194816.96,0.0974825524843398,0.0853940040412349,10.2582459580205,11.7104240658059,141.29797960538,,0.276337513287652,,0,6.78705137422452,0.984414312329107,,5,2554622000,partial,missing_revenue_ttm;insufficient_fcf_history,https://data.sec.gov/api/xbrl/companyfacts/CIK0001705696.json,https://hfdatalibrary.com/pages/data
VLO,0001035002,Valero Energy,Energy,Oil & Gas Refining & Marketing,330.315,2026-08-14,5,ok,,2026-07-30,2026-07-24,,952000000.0,761000000.0,2974000000.0,7874000000.0,8261000000.0,25001000000.0,287927461.0,95106759280.215,387000000,95493759280.215,0.00800153433635406,0.0312701223604691,124.97603059161,31.9794079624126,100.308570672495,,,4,4,0.130127774041695,3.80411820648034,5969500000,5,3006000000,partial,missing_revenue_ttm;insufficient_revenue_history,https://data.sec.gov/api/xbrl/companyfacts/CIK0001035002.json,https://hfdatalibrary.com/pages/data
VLTO,0001967680,Veralto,Industrials,Environmental & Facilities Services,,,,excluded,ticker_unavailable,2026-04-29,2026-04-21,5279000000.0,1237000000.0,874000000.0,860000000.0,1431000000.0,2662000000.0,3005000000.0,245599266.0,,,,,,,,,,,,,,,,,,excluded,ticker_unavailable,https://data.sec.gov/api/xbrl/companyfacts/CIK0001967680.json,
VMC,0001396009,Vulcan Materials Company,Materials,Construction Materials,281.67,2026-08-14,5,ok,,2026-04-29,2026-04-21,7506600000.0,1418000000.0,939600000.0,869000000.0,140200000.0,4363000000.0,8451300000.0,129754885.0,36548058457.95,4222800000,40770858457.95,0.025708615987934,0.0237769128283468,38.89746536606,42.0576046696778,28.7523684470733,0.188900434284496,0.093586380713254,5,5,4.85937859608746,4.32454870350715,664200000,5,913100000,ok,,https://data.sec.gov/api/xbrl/companyfacts/CIK0001396009.json,https://hfdatalibrary.com/pages/data
VRSK,0001442145,Verisk Analytics,Industrials,Research & Consulting Services,181.19,2026-08-14,5,ok,,2026-04-29,2026-04-24,2930700000.0,1276600000.0,970400000.0,994100000.0,524500000.0,4773500000.0,-1167700000.0,131021840.0,23739847189.6,4249000000,27988847189.6,0.0408764214971491,0.041874743003211,24.4639810280297,23.8807435767025,21.9245238834404,0.435595591496912,0.0569038666580957,5,5,4.2742178855246,,887300000,5,908300000,partial,nonpositive_stockholders_equity,https://data.sec.gov/api/xbrl/companyfacts/CIK0001442145.json,https://hfdatalibrary.com/pages/data
VRSN,0001014473,Verisign,Information Technology,Internet Services & Infrastructure,287.175,2026-08-14,5,ok,,2026-07-23,2026-07-17,1598200000.0,1085000000.0,799500000.0,950000000.0,840900000.0,0.0,-2254100000.0,90300000.0,25931902500,-840900000,25091002500,0.0308307498842401,0.036634411995032,32.4351500938086,27.2967394736842,23.1253479262673,0.678888749843574,0.0569078163585408,5,5,-0.885157894736842,,808000000,5,785700000,partial,nonpositive_stockholders_equity,https://data.sec.gov/api/xbrl/companyfacts/CIK0001014473.json,https://hfdatalibrary.com/pages/data
VRT,0001674101,Vertiv,Industrials,Electrical Components & Equipment,,,,excluded,ticker_unavailable,2026-07-29,2026-07-27,9094000000.0,1561900000.0,4389796.0,1247900000.0,2810600000.0,2961600000.0,4757600000.0,384988173.0,,,,,,,,,,,,,,,,,,excluded,ticker_unavailable,https://data.sec.gov/api/xbrl/companyfacts/CIK0001674101.json,
VRTX,0000875320,Vertex Pharmaceuticals,Health Care,Biotechnology,521.555,2026-08-14,5,ok,,2026-08-04,2026-07-31,11418800000.0,3923500000.0,2711647000.0,3499700000.0,6143500000.0,105000000.0,20247900000.0,253460924.0,132193812216.82,-6038500000,126155312216.82,0.0205126620870306,0.0264740076809337,48.7503765116993,37.7728983103752,32.1537688841137,0.34360002802396,0.121938336008964,4,5,-1.72543360859502,6.52876654946044,3193800000,5,3322000000,ok,,https://data.sec.gov/api/xbrl/companyfacts/CIK0000875320.json,https://hfdatalibrary.com/pages/data
VST,0001692819,Vistra Corp.,Utilities,Electric Utilities,,,,excluded,ticker_unavailable,2026-08-10,2026-08-03,16006000000.0,3582000000.0,2386000000.0,1653000000.0,435000000.0,19595000000.0,5482000000.0,335635195.0,,,,,,,,,,,,,,,,,,excluded,ticker_unavailable,https://data.sec.gov/api/xbrl/companyfacts/CIK0001692819.json,
VTR,0000740260,Ventas,Real Estate,Health Care REITs,90.13,2026-08-14,5,ok,,2026-07-30,2026-07-28,5302339000.0,,199541000.0,1367063000.0,198956000.0,13011016000.0,14649399000.0,512946359.0,46231855336.67,12812060000,59043915336.67,0.00431609327696024,0.0295697196239425,231.691007545667,33.8183795016543,,,0.111084563192787,2,5,9.37196018032819,3.15588751024325,-775905000,5,56559000,partial,missing_operating_income_ttm,https://data.sec.gov/api/xbrl/companyfacts/CIK0000740260.json,https://hfdatalibrary.com/pages/data
VTRS,0001792044,Viatris,Health Care,Pharmaceuticals,16.24,2026-08-14,5,ok,,2026-08-06,2026-08-03,14065600000.0,-2603100000.0,-3514900000.0,1751500000.0,886500000.0,13348600000.0,-201000000.0,1148590864.0,18653115631.36,12462100000,31115215631.36,-0.188435008363465,0.0938985226176019,,10.649794822358,,-0.18506853600273,-0.0542652712427166,5,5,7.11510134170711,,2523000000,5,-634200000,partial,nonpositive_operating_income_ttm;nonpositive_net_income_ttm;nonpositive_stockholders_equity,https://data.sec.gov/api/xbrl/companyfacts/CIK0001792044.json,https://hfdatalibrary.com/pages/data
VZ,0000732712,Verizon,Communication Services,Integrated Telecommunication Services,47.275,2026-08-14,5,ok,,2026-07-31,2026-06-30,137000000000.0,29497000000.0,18629000000.0,19109000000.0,1752000000.0,108276000000.0,105196000000.0,4154775202.0,196416997674.55,106524000000,302940997674.55,0.0948441337590702,0.0972879141125166,10.5436146693086,10.2787690446674,10.2702307920992,0.215306569343066,0.00845769910907168,,0,5.57454602543304,1.86715272134444,,5,17949000000,partial,insufficient_fcf_history,https://data.sec.gov/api/xbrl/companyfacts/CIK0000732712.json,https://hfdatalibrary.com/pages/data
WAB,0000943452,Wabtec,Industrials,Construction Machinery & Heavy Transportation Equipment,297.15,2026-08-14,5,ok,,2026-07-22,2026-07-17,10562000000.0,1713000000.0,1165000000.0,1452000000.0,514000000.0,6571000000.0,11214000000.0,168910851.0,50191859374.65,6057000000,56248859374.65,0.0232109352894067,0.0289289940259386,43.0831410941202,34.5673962635331,32.8364619816988,0.162185192198447,0.0930848684120251,5,5,4.17148760330579,4.47582123904494,1015000000,5,825000000,ok,,https://data.sec.gov/api/xbrl/companyfacts/CIK0000943452.json,https://hfdatalibrary.com/pages/data
WAT,0001000697,Waters Corporation,Health Care,Life Sciences Tools & Services,413.63,2026-08-14,5,ok,,2026-08-11,2026-08-07,4644286000.0,328588000.0,166629000.0,398810000.0,539000000.0,4886000000.0,15195000000.0,98248111.0,40638366152.93,4347000000,44985366152.93,0.00410028787508196,0.00981363272576464,243.88531499877,101.899065101,136.905079165794,0.0707510260995985,0.0324346864886418,3,3,10.8999272836689,2.67445647600724,539810000,5,642629000,ok,,https://data.sec.gov/api/xbrl/companyfacts/CIK0001000697.json,https://hfdatalibrary.com/pages/data
WBD,0001437107,Warner Bros. Discovery,Communication Services,Broadcasting,,,,excluded,ticker_unavailable,2026-08-06,2026-07-23,38441000000.0,221000000.0,640000000.0,4065000000.0,3369000000.0,13625000000.0,32838000000.0,2510703314.0,,,,,,,,,,,,,,,,,,excluded,ticker_unavailable,https://data.sec.gov/api/xbrl/companyfacts/CIK0001437107.json,
WDAY,0001327811,"Workday, Inc.",Information Technology,Application Software,184.21,2026-08-14,5,ok,,2026-05-22,2026-04-30,8696000000.0,390000000.0,-430071000.0,2322000000.0,559000000.0,2988000000.0,6683000000.0,220000000.0,40526200000,2429000000,42955200000,-0.0106121718789326,0.0572962675997256,,17.4531438415159,110.141538461538,0.0448482060717571,0.167622733352256,4,4,1.04608096468562,6.06407302109831,2054500000,5,526000000,partial,nonpositive_net_income_ttm,https://data.sec.gov/api/xbrl/companyfacts/CIK0001327811.json,https://hfdatalibrary.com/pages/data
WDC,0000106040,Western Digital,Information Technology,"Technology Hardware, Storage & Peripherals",455.17,2026-08-14,5,ok,,2026-08-14,2026-08-07,12919000000.0,4453000000.0,9424000000.0,3511000000.0,1579000000.0,1052000000.0,8864000000.0,360540944.0,164107421480.48,-527000000,163580421480.48,0.0574258002166036,0.021394522979679,17.4137756239898,46.7409346284477,36.7348801887447,0.344686121216812,-0.0893223914140727,3,5,-0.150099686698946,18.5139239034838,758000000,5,1546000000,ok,,https://data.sec.gov/api/xbrl/companyfacts/CIK0000106040.json,https://hfdatalibrary.com/pages/data
WEC,0000783325,WEC Energy Group,Utilities,Electric Utilities,109.11,2026-08-14,5,ok,,2026-08-04,2026-06-30,9306700000.0,2317000000.0,1660200000.0,237700000.0,50000000.0,20629800000.0,9491800000.0,325849383.0,35553426179.13,20579800000,56133226179.13,0.0466959215585963,0.0066857128987341,21.4151464758041,149.572680602146,24.2266837199525,0.248960426359504,0.0419062436233937,0,2,86.5788809423643,3.74569904329316,,5,1409700000,partial,insufficient_fcf_history,https://data.sec.gov/api/xbrl/companyfacts/CIK0000783325.json,https://hfdatalibrary.com/pages/data
WELL,0000766704,Welltower,Real Estate,Health Care REITs,234.52,2026-08-14,5,ok,,2026-04-29,2026-04-24,6531405000.0,,1098489000.0,,4703775000.0,17933568000.0,43793675000.0,705914450.0,165551056814,13229793000,178780849814,0.00663534876273351,,150.707978699832,,,,0.275138228947147,,0,,3.78025038579201,,5,374479000,partial,missing_operating_income_ttm;missing_free_cash_flow_ttm;insufficient_fcf_history,https://data.sec.gov/api/xbrl/companyfacts/CIK0000766704.json,https://hfdatalibrary.com/pages/data
WFC,0000072971,Wells Fargo,Financials,Diversified Banks,88.1,2026-08-14,5,ok,,2026-07-28,2026-07-17,74275000000.0,,18212000000.0,,201461000000.0,182139000000.0,180190000000.0,3023999336.0,266414341501.6,-19322000000,247092341501.6,0.0683596832563559,,14.6285054635186,,,,,,0,,1.47851901604751,,5,19722000000,partial,missing_operating_income_ttm;missing_free_cash_flow_ttm;insufficient_revenue_history;insufficient_fcf_history,https://data.sec.gov/api/xbrl/companyfacts/CIK0000072971.json,https://hfdatalibrary.com/pages/data
WM,0000823768,Waste Management,Industrials,Environmental & Facilities Services,226.285,2026-08-14,5,ok,,2026-07-29,2026-07-24,23950000000.0,4202000000.0,2722000000.0,2813000000.0,557000000.0,1075000000.0,9925000000.0,399715184.0,90449550411.44,518000000,90967550411.44,0.0300941241567047,0.031100209865103,33.2290780350625,32.154123857604,21.6486317019134,0.17544885177453,0.0888435455063099,5,5,0.184145040881621,9.11330482734912,2159000000,5,2276000000,ok,,https://data.sec.gov/api/xbrl/companyfacts/CIK0000823768.json,https://hfdatalibrary.com/pages/data
WMB,0000107263,Williams Companies,Energy,Oil & Gas Storage & Transportation,73.21,2026-08-14,5,ok,,2026-08-03,2026-07-30,14011000000.0,3670000000.0,2570000000.0,1910000000.0,2074000000.0,2000000.0,13190000000.0,1223167472.0,89548090625.12,-2072000000,87476090625.12,0.0286996627405371,0.0213293213363525,34.8436150292296,46.8838170812147,23.8354470368174,0.261937049461138,0.0390160306940794,5,5,-1.0848167539267,6.7890895091069,2636000000,5,2346000000,ok,,https://data.sec.gov/api/xbrl/companyfacts/CIK0000107263.json,https://hfdatalibrary.com/pages/data
WMT,0000104169,Walmart,Consumer Staples,Consumer Staples Merchandise Retail,115.375,2026-08-14,5,ok,,2026-05-29,2026-05-27,678581000000.0,29642000000.0,19489000000.0,13512000000.0,10729000000.0,40783000000.0,94330000000.0,7958079155.0,918163382508.125,30054000000,948217382508.125,0.0212260697510745,0.0147163350852542,47.1118775980361,67.9517008961016,31.9889812599732,0.0436823312176439,0.0561427036801976,5,5,2.22424511545293,9.73352467410288,12660000000,5,16270000000,ok,,https://data.sec.gov/api/xbrl/companyfacts/CIK0000104169.json,https://hfdatalibrary.com/pages/data
WRB,0000011544,W. R. Berkley Corporation,Financials,Property & Casualty Insurance,70.435,2026-08-14,5,ok,,2026-07-31,2026-07-27,14286154000.0,,1758715000.0,3437970000.0,2606530000.0,,9833239000.0,371227529.0,26147411005.115,,,0.0672615349816453,0.131484145765998,14.8673383721154,7.60547968862875,,,0.116774844941479,,0,,2.65908425546404,,5,1384954000,partial,missing_operating_income_ttm;missing_total_debt;insufficient_fcf_history,https://data.sec.gov/api/xbrl/companyfacts/CIK0000011544.json,https://hfdatalibrary.com/pages/data
WSM,0000719955,"Williams-Sonoma, Inc.",Consumer Discretionary,Homefurnishing Retail,,,,excluded,ticker_unavailable,2026-05-22,2026-05-17,7781306000.0,1403785000.0,1096098000.0,1012079000.0,651601000.0,1968000.0,1869804000.0,117746611.0,,,,,,,,,,,,,,,,,,excluded,ticker_unavailable,https://data.sec.gov/api/xbrl/companyfacts/CIK0000719955.json,
WST,0000105770,West Pharmaceutical Services,Health Care,Health Care Supplies,351.87,2026-08-14,5,ok,,2026-07-23,2026-07-20,2960200000.0,581600000.0,260600000.0,344000000.0,435800000.0,205100000.0,2990200000.0,70375762.0,24763119374.94,-230700000,24532419374.94,0.0105237145633488,0.0138916262846968,95.0234818685342,71.9858121364535,42.1809136432944,0.196473211269509,0.020754583287361,5,5,-0.670639534883721,8.28142578253629,414500000,5,585900000,ok,,https://data.sec.gov/api/xbrl/companyfacts/CIK0000105770.json,https://hfdatalibrary.com/pages/data
WTW,0001140536,Willis Towers Watson,Financials,Insurance Brokers,339.98,2026-08-14,5,ok,,2026-07-30,2026-07-27,9620000000.0,935000000.0,147000000.0,1261000000.0,1627000000.0,5967000000.0,7688000000.0,92871937.0,31574601141.26,4340000000,35914601141.26,0.00465564075829,0.0399371632394809,214.793205042585,25.0393347670579,38.4113381189947,0.0971933471933472,0.0189959543209186,3,3,3.44171292624901,4.10699806728148,1267000000,5,1064000000,ok,,https://data.sec.gov/api/xbrl/companyfacts/CIK0001140536.json,https://hfdatalibrary.com/pages/data
WY,0000106535,Weyerhaeuser,Real Estate,Timber REITs,24.83,2026-08-14,5,ok,,2026-07-31,2026-07-27,7036000000.0,576000000.0,279000000.0,542000000.0,527000000.0,5825000000.0,9456000000.0,720736000.0,17895874880,5298000000,23193874880,0.0155901849935151,0.0302863091988716,64.1429207168459,33.0182193357934,40.2671438888889,0.0818646958499147,-0.0929502585815234,,0,9.77490774907749,1.89254175972927,,5,839000000,partial,insufficient_fcf_history,https://data.sec.gov/api/xbrl/companyfacts/CIK0000106535.json,https://hfdatalibrary.com/pages/data
WYNN,0001174922,Wynn Resorts,Consumer Discretionary,Casinos & Gaming,102.505,2026-08-14,5,ok,,2026-08-06,2026-07-31,6717660000.0,1033321000.0,475311000.0,743396000.0,1573353000.0,10724660000.0,-169451000.0,102973891.0,10555338696.955,9151307000,19706645696.955,0.0450303882846618,0.0704284363906252,22.207225788915,14.1988101858969,19.0711750723686,0.153821568820095,,3,5,12.3101375310064,,692220000,5,409135000,partial,nonpositive_stockholders_equity;insufficient_revenue_history,https://data.sec.gov/api/xbrl/companyfacts/CIK0001174922.json,https://hfdatalibrary.com/pages/data
XEL,0000072903,Xcel Energy,Utilities,Multi-Utilities,78.51,2026-08-14,5,ok,,2026-07-30,2026-07-28,11551000000.0,2512000000.0,673938000.0,4510000000.0,2010000000.0,9513144000.0,24057000000.0,624634306.0,49040039364.06,7503144000,56543183364.06,0.013742607239706,0.0919656684310341,72.7663959652965,10.8736229188603,22.5092290462022,0.217470348887542,,0,5,1.66366829268293,2.03849355131812,-2055000000,5,1771000000,partial,insufficient_revenue_history,https://data.sec.gov/api/xbrl/companyfacts/CIK0000072903.json,https://hfdatalibrary.com/pages/data
XOM,0002115436,ExxonMobil,Energy,Integrated Oil & Gas,159.785,2026-08-14,5,ok,,2026-08-03,2026-06-30,,,,,10588000000.0,10139000000.0,259380000000.0,4111911960.0,657021852528.6,-449000000,656572852528.6,,,,,,,,,0,,2.53304746907472,,0,,partial,missing_revenue_ttm;missing_operating_income_ttm;missing_net_income_ttm;missing_free_cash_flow_ttm;insufficient_revenue_history;insufficient_fcf_history;insufficient_net_income_history,https://data.sec.gov/api/xbrl/companyfacts/CIK0002115436.json,https://hfdatalibrary.com/pages/data
XYL,0001524472,Xylem Inc.,Industrials,Industrial Machinery & Supplies & Components,120.825,2026-08-14,5,ok,,2026-07-28,2026-07-24,8730000000.0,1083000000.0,934000000.0,881000000.0,1276000000.0,2926000000.0,10421000000.0,233486812.0,28211044059.9,1650000000,29861044059.9,0.0331076013357341,0.0312289044719291,30.204543961349,32.0216164130533,27.5725245243767,0.124054982817869,0.148376819433501,5,5,1.87287173666288,2.70713406198062,566000000,5,609000000,ok,,https://data.sec.gov/api/xbrl/companyfacts/CIK0001524472.json,https://hfdatalibrary.com/pages/data
XYZ,0001512673,"Block, Inc.",Financials,Transaction & Payment Processing Services,,,,excluded,ticker_unavailable,2026-08-05,2026-06-30,3205500000.0,1149617000.0,2932861000.0,1059437000.0,6427331000.0,4569999000.0,22047075000.0,,,,,,,,,,,,,,,,,,,excluded,ticker_unavailable,https://data.sec.gov/api/xbrl/companyfacts/CIK0001512673.json,
YUM,0001041061,Yum! Brands,Consumer Discretionary,Restaurants,148.77,2026-08-14,5,ok,,2026-08-05,2026-07-30,7908000000.0,2446000000.0,465000000.0,1534000000.0,674000000.0,2922000000.0,-7107000000.0,272901085.0,40599494415.45,2248000000,42847494415.45,0.0114533445968984,0.0377837217454669,87.3107406783871,26.4664239996415,17.5173730234873,0.309307030854831,0.0568557775823864,5,5,1.46544980443286,,1432000000,5,1559000000,partial,nonpositive_stockholders_equity,https://data.sec.gov/api/xbrl/companyfacts/CIK0001041061.json,https://hfdatalibrary.com/pages/data
ZBH,0001136869,Zimmer Biomet,Health Care,Health Care Equipment,97.625,2026-08-14,5,ok,,2026-08-05,2026-07-30,7833800000.0,1260800000.0,825400000.0,1472300000.0,410000000.0,7479000000.0,12623900000.0,190737689.0,18620766888.625,7069000000,25689766888.625,0.0443268531815528,0.0790676350123579,22.5596885008784,12.6473999107689,20.3757668850135,0.1609436033598,0.0478692159892813,5,5,4.80133125042451,1.47504074720372,1290500000,5,705100000,ok,,https://data.sec.gov/api/xbrl/companyfacts/CIK0001136869.json,https://hfdatalibrary.com/pages/data
ZBRA,0000877212,Zebra Technologies,Information Technology,Electronic Equipment & Instruments,379.66,2026-08-14,5,ok,,2026-08-04,2026-07-28,5847000000.0,858000000.0,539000000.0,904000000.0,157000000.0,544000000.0,3435000000.0,47310660.0,17961965175.6,387000000,18348965175.6,0.0300078524109484,0.0503285687931306,33.3246107153989,19.8694305039823,21.3857402979021,0.146741918932786,-0.0104246926217693,4,5,0.428097345132743,5.22910194340611,831000000,5,463000000,ok,,https://data.sec.gov/api/xbrl/companyfacts/CIK0000877212.json,https://hfdatalibrary.com/pages/data
ZTS,0001555280,Zoetis,Health Care,Pharmaceuticals,74.84,2026-08-14,5,ok,,2026-08-06,2026-07-31,9377000000.0,,2601000000.0,2269000000.0,1476000000.0,9548000000.0,3148000000.0,413223602.0,30925654373.68,8072000000,38997654373.68,0.0841049301195593,0.0733695065133718,11.8899094093349,13.6296405348964,,,0.0504214765695608,5,5,3.55751432349052,9.82390545542567,1736000000,5,2340000000,partial,missing_operating_income_ttm,https://data.sec.gov/api/xbrl/companyfacts/CIK0001555280.json,https://hfdatalibrary.com/pages/data
