ticker,cik,name,sector,subsector,revenue_ttm,operating_income_ttm,net_income_ttm,operating_cash_flow_ttm,capital_expenditures_ttm,free_cash_flow_ttm,diluted_eps_ttm,cash_and_equivalents,total_assets,total_liabilities,stockholders_equity,total_debt,shares_outstanding,filing_date,period_end,data_source,source_url,annual_period_end_0,annual_period_end_1,annual_period_end_2,annual_period_end_3,annual_period_end_4,annual_filing_date_0,annual_filing_date_1,annual_filing_date_2,annual_filing_date_3,annual_filing_date_4,revenue_fy0,revenue_fy1,revenue_fy2,revenue_fy3,revenue_fy4,operating_income_fy0,operating_income_fy1,operating_income_fy2,operating_income_fy3,operating_income_fy4,net_income_fy0,net_income_fy1,net_income_fy2,net_income_fy3,net_income_fy4,operating_cash_flow_fy0,operating_cash_flow_fy1,operating_cash_flow_fy2,operating_cash_flow_fy3,operating_cash_flow_fy4,capital_expenditures_fy0,capital_expenditures_fy1,capital_expenditures_fy2,capital_expenditures_fy3,capital_expenditures_fy4,free_cash_flow_fy0,free_cash_flow_fy1,free_cash_flow_fy2,free_cash_flow_fy3,free_cash_flow_fy4,diluted_eps_fy0,diluted_eps_fy1,diluted_eps_fy2,diluted_eps_fy3,diluted_eps_fy4,error
A,0001090872,Agilent Technologies,Health Care,Life Sciences Tools & Services,6628000000.0,1417000000.0,1210000000.0,1585000000.0,396000000.0,1189000000.0,4.0600000000000005,1807000000.0,13065000000.0,5943000000.0,7122000000.0,3051000000.0,282431944.0,2026-06-01,2026-05-27,SEC Company Facts,https://data.sec.gov/api/xbrl/companyfacts/CIK0001090872.json,2025-10-31,2024-10-31,2023-10-31,2022-10-31,2021-10-31,2025-12-22,2025-12-22,2025-12-22,2024-12-20,2023-12-20,6948000000.0,6510000000.0,6833000000.0,6848000000.0,6319000000.0,1479000000.0,1488000000.0,1350000000.0,1618000000.0,1347000000.0,1303000000.0,1289000000.0,1240000000.0,1254000000.0,1210000000.0,1559000000.0,1751000000.0,1772000000.0,1312000000.0,1485000000.0,407000000.0,378000000.0,298000000.0,291000000.0,188000000.0,1152000000.0,1373000000.0,1474000000.0,1021000000.0,1297000000.0,4.57,4.43,4.19,4.18,3.94,
AAPL,0000320193,Apple Inc.,Information Technology,"Technology Hardware, Storage & Peripherals",408625000000.0,130214000000.0,99280000000.0,108565000000.0,12381000000.0,96184000000.0,6.589999999999999,39544000000.0,383266000000.0,275746000000.0,107520000000.0,82347000000.0,14594180000.0,2026-07-31,2026-07-17,SEC Company Facts,https://data.sec.gov/api/xbrl/companyfacts/CIK0000320193.json,2025-09-27,2024-09-28,2023-09-30,2022-09-24,2021-09-25,2025-10-31,2025-10-31,2025-10-31,2024-11-01,2023-11-03,416161000000.0,391035000000.0,383285000000.0,394328000000.0,365817000000.0,133050000000.0,123216000000.0,114301000000.0,119437000000.0,108949000000.0,112010000000.0,93736000000.0,96995000000.0,99803000000.0,94680000000.0,111482000000.0,118254000000.0,110543000000.0,122151000000.0,104038000000.0,12715000000.0,9447000000.0,10959000000.0,10708000000.0,11085000000.0,98767000000.0,108807000000.0,99584000000.0,111443000000.0,92953000000.0,7.46,6.08,6.13,6.11,5.61,
ABBV,0001551152,AbbVie,Health Care,Biotechnology,61160000000.0,10968000000.0,3771000000.0,19283000000.0,1044000000.0,18239000000.0,2.0999999999999996,6569000000.0,135115000000.0,141050000000.0,-5935000000.0,64503000000.0,1767117285.0,2026-08-03,2026-07-27,SEC Company Facts,https://data.sec.gov/api/xbrl/companyfacts/CIK0001551152.json,2025-12-31,2024-12-31,2023-12-31,2022-12-31,2021-12-31,2026-02-20,2026-02-20,2026-02-20,2025-02-14,2024-02-20,61160000000.0,56334000000.0,54318000000.0,58054000000.0,56197000000.0,15075000000.0,9137000000.0,12757000000.0,18117000000.0,17924000000.0,4233000000.0,4286000000.0,4873000000.0,11845000000.0,11549000000.0,19030000000.0,18806000000.0,22839000000.0,24943000000.0,22777000000.0,1214000000.0,974000000.0,777000000.0,695000000.0,787000000.0,17816000000.0,17832000000.0,22062000000.0,24248000000.0,21990000000.0,2.36,2.39,2.72,6.63,6.45,
ABNB,0001559720,Airbnb,Consumer Discretionary,"Hotels, Resorts & Cruise Lines",11580000000.0,2605000000.0,2625000000.0,4308000000.0,21136000.0,4286864000.0,,6821000000.0,28754000000.0,20955000000.0,7799000000.0,2476000000.0,,2026-08-06,2026-06-30,SEC Company Facts,https://data.sec.gov/api/xbrl/companyfacts/CIK0001559720.json,2025-12-31,2024-12-31,2023-12-31,2022-12-31,2021-12-31,2026-02-12,2026-02-12,2026-02-12,2025-02-13,2024-02-16,12241000000.0,11102000000.0,9917000000.0,8399000000.0,5992000000.0,2544000000.0,2553000000.0,1518000000.0,1802000000.0,429000000.0,2511000000.0,2648000000.0,4792000000.0,1893000000.0,-352000000.0,4646000000.0,4518000000.0,3884000000.0,3430000000.0,2313000000.0,,,,25000000.0,25000000.0,,,,3405000000.0,2288000000.0,,,,,,
ABT,0000001800,Abbott Laboratories,Health Care,Health Care Equipment,42344000000.0,7132000000.0,5724000000.0,8950000000.0,2293000000.0,6657000000.0,7.7,6803000000.0,110429000000.0,58368000000.0,52061000000.0,34047000000.0,1741812429.0,2026-04-29,2026-03-31,SEC Company Facts,https://data.sec.gov/api/xbrl/companyfacts/CIK0000001800.json,2025-12-31,2024-12-31,2023-12-31,2022-12-31,2021-12-31,2026-02-20,2026-02-20,2026-02-20,2025-02-21,2024-02-16,44328000000.0,41950000000.0,40109000000.0,43653000000.0,43075000000.0,8053000000.0,6825000000.0,6478000000.0,8362000000.0,8425000000.0,6524000000.0,13402000000.0,5723000000.0,6933000000.0,7071000000.0,9566000000.0,8558000000.0,7261000000.0,9581000000.0,10533000000.0,2171000000.0,2207000000.0,2202000000.0,1777000000.0,1885000000.0,7395000000.0,6351000000.0,5059000000.0,7804000000.0,8648000000.0,3.72,7.64,3.26,3.91,3.94,
ACGL,0000947484,Arch Capital Group,Financials,Property & Casualty Insurance,19156000000.0,,4399000000.0,6173000000.0,46000000.0,6127000000.0,9.670000000000002,1109000000.0,85179000000.0,61149000000.0,24030000000.0,,341229126.0,2026-08-04,2026-07-30,SEC Company Facts,https://data.sec.gov/api/xbrl/companyfacts/CIK0000947484.json,2025-12-31,2024-12-31,2023-12-31,2022-12-31,2021-12-31,2026-02-26,2026-02-26,2026-02-26,2025-02-27,2024-02-23,19929000000.0,17440000000.0,13634000000.0,9613000000.0,9248000000.0,,,,,,4399000000.0,4312000000.0,4442000000.0,1482000000.0,2239000000.0,6172000000.0,6673000000.0,5749000000.0,3816000000.0,3425000000.0,44000000.0,51000000.0,52000000.0,50000000.0,41000000.0,6128000000.0,6622000000.0,5697000000.0,3766000000.0,3384000000.0,11.6,11.19,11.62,3.8,5.23,
ACN,0001467373,Accenture,Information Technology,IT Consulting & Other Services,68482536000.0,10529641000.0,7948771000.0,10949683000.0,705760000.0,10243923000.0,12.57,10165245000.0,68806561000.0,36915995000.0,31890566000.0,112816000.0,637016143.0,2026-06-18,2026-05-31,SEC Company Facts,https://data.sec.gov/api/xbrl/companyfacts/CIK0001467373.json,2025-08-31,2024-08-31,2023-08-31,2022-08-31,2021-08-31,2025-10-10,2025-10-10,2025-10-10,2024-10-10,2023-10-12,69672977000.0,64896464000.0,64111745000.0,61594305000.0,50533389000.0,10225664000.0,9595847000.0,8809889000.0,9367181000.0,7621529000.0,7678433000.0,7264787000.0,6871557000.0,6877169000.0,5906809000.0,11474399000.0,9131027000.0,9524268000.0,9541129000.0,8975148000.0,600039000.0,516509000.0,528172000.0,717998000.0,580132000.0,10874360000.0,8614518000.0,8996096000.0,8823131000.0,8395016000.0,12.15,11.44,10.77,10.71,9.16,
ADBE,0000796343,Adobe Inc.,Information Technology,Application Software,22601000000.0,8221000000.0,6869000000.0,9615000000.0,178000000.0,9437000000.0,15.609999999999998,4919000000.0,29933000000.0,18415000000.0,11518000000.0,3743000000.0,397500000.0,2026-06-15,2026-06-11,SEC Company Facts,https://data.sec.gov/api/xbrl/companyfacts/CIK0000796343.json,2025-11-28,2024-11-29,2023-12-01,2022-12-02,2021-12-03,2026-01-15,2026-01-15,2026-01-15,2025-01-13,2024-01-17,23769000000.0,21505000000.0,19409000000.0,17606000000.0,15785000000.0,8706000000.0,6741000000.0,6650000000.0,6098000000.0,5802000000.0,7130000000.0,5560000000.0,5428000000.0,4756000000.0,4822000000.0,10031000000.0,8056000000.0,7302000000.0,7838000000.0,7230000000.0,179000000.0,183000000.0,360000000.0,442000000.0,348000000.0,9852000000.0,7873000000.0,6942000000.0,7396000000.0,6882000000.0,16.7,12.36,11.82,10.1,10.02,
ADI,0000006281,Analog Devices,Information Technology,Semiconductors,9818656000.0,2229968000.0,483845000.0,3852131000.0,558542000.0,3293589000.0,3.6799999999999997,2436916000.0,47949095000.0,14207062000.0,33742033000.0,7235424000.0,487087040.0,2026-05-20,2026-05-02,SEC Company Facts,https://data.sec.gov/api/xbrl/companyfacts/CIK0000006281.json,2025-11-01,2024-11-02,2023-10-28,2022-10-29,2021-10-30,2025-11-25,2025-11-25,2025-11-25,2024-11-26,2023-11-21,11019707000.0,9427157000.0,12305539000.0,12013953000.0,7318286000.0,2932496000.0,2032798000.0,3823112000.0,3278700000.0,1692201000.0,2267342000.0,1635273000.0,3314579000.0,2748561000.0,1390422000.0,4812202000.0,3852529000.0,4817634000.0,4475402000.0,2735069000.0,533552000.0,730463000.0,1261463000.0,699308000.0,343676000.0,4278650000.0,3122066000.0,3556171000.0,3776094000.0,2391393000.0,4.56,3.28,6.55,5.25,3.46,
ADM,0000007084,Archer Daniels Midland,Consumer Staples,Agricultural Products & Services,24755000000.0,,1088000000.0,5578000000.0,1469000000.0,4109000000.0,2.3,1060000000.0,53527000000.0,29947000000.0,23580000000.0,7604000000.0,481959583.0,2026-08-04,2026-07-30,SEC Company Facts,https://data.sec.gov/api/xbrl/companyfacts/CIK0000007084.json,2025-12-31,2024-12-31,2023-12-31,2022-12-31,2021-12-31,2026-02-17,2026-02-17,2026-02-17,2025-02-20,2024-03-12,24956000000.0,24373000000.0,25691000000.0,27606000000.0,85249000000.0,,,,,,1073000000.0,1779000000.0,3466000000.0,4365000000.0,2735000000.0,5452000000.0,2790000000.0,4460000000.0,3478000000.0,6595000000.0,1248000000.0,1563000000.0,1494000000.0,1319000000.0,1169000000.0,4204000000.0,1227000000.0,2966000000.0,2159000000.0,5426000000.0,2.23,3.65,6.43,7.71,4.79,
ADP,0000008670,Automatic Data Processing,Industrials,Human Resource & Employment Services,21947400000.0,,4413500000.0,5441200000.0,,,10.94,4230100000.0,63193300000.0,57162100000.0,6031200000.0,4965100000.0,397262737.0,2026-08-05,2026-07-31,SEC Company Facts,https://data.sec.gov/api/xbrl/companyfacts/CIK0000008670.json,2026-06-30,2025-06-30,2024-06-30,2023-06-30,2022-06-30,2026-08-05,2026-08-05,2026-08-05,2025-08-06,2024-08-07,21947400000.0,20560900000.0,19202600000.0,18012200000.0,16498300000.0,,,,,,4413500000.0,4079700000.0,3752000000.0,3412000000.0,2948900000.0,5441200000.0,4939700000.0,4157600000.0,4207600000.0,3099500000.0,,,,,,,,,,,10.94,9.98,9.1,8.21,7.0,
ADSK,0000769397,Autodesk,Information Technology,Application Software,6347000000.0,1288000000.0,1431700000.0,1677000000.0,41000000.0,1636000000.0,4.66,2671000000.0,11932000000.0,8743000000.0,3189000000.0,2500000000.0,211000000.0,2026-05-29,2026-05-21,SEC Company Facts,https://data.sec.gov/api/xbrl/companyfacts/CIK0000769397.json,2026-01-31,2025-01-31,2024-01-31,2023-01-31,2022-01-31,2026-03-03,2026-03-03,2026-03-03,2025-03-06,2024-06-10,7206000000.0,6131000000.0,5497000000.0,5005000000.0,4386000000.0,1578000000.0,1354000000.0,1128000000.0,989000000.0,618000000.0,1124000000.0,1112000000.0,906000000.0,823000000.0,497000000.0,2452000000.0,1607000000.0,1313000000.0,2071000000.0,1531000000.0,43000000.0,40000000.0,31000000.0,40000000.0,56000000.0,2409000000.0,1567000000.0,1282000000.0,2031000000.0,1475000000.0,5.23,5.12,4.19,3.78,2.24,
AEE,0001002910,Ameren,Utilities,Multi-Utilities,8432000000.0,1625000000.0,1232000000.0,3007000000.0,4557000000.0,-1550000000.0,4.55,12000000.0,51216000000.0,37529000000.0,13687000000.0,20588000000.0,276843251.0,2026-08-03,2026-07-30,SEC Company Facts,https://data.sec.gov/api/xbrl/companyfacts/CIK0001002910.json,2025-12-31,2024-12-31,2023-12-31,2022-12-31,2021-12-31,2026-02-18,2026-02-18,2026-02-18,2025-02-18,2024-02-29,8799000000.0,7623000000.0,7500000000.0,7957000000.0,6394000000.0,2026000000.0,1516000000.0,1558000000.0,1515000000.0,1333000000.0,1461000000.0,1187000000.0,1157000000.0,1079000000.0,995000000.0,3353000000.0,2763000000.0,2564000000.0,2263000000.0,1661000000.0,4128000000.0,4319000000.0,3597000000.0,3351000000.0,3479000000.0,-775000000.0,-1556000000.0,-1033000000.0,-1088000000.0,-1818000000.0,5.35,4.42,4.38,4.14,3.84,
AEP,0000004904,American Electric Power,Utilities,Electric Utilities,20516000000.0,4415400000.0,3183800000.0,6811800000.0,147900000.0,6663900000.0,5.18,306000000.0,117776000000.0,84747000000.0,31808000000.0,49554000000.0,544104955.0,2026-05-05,2026-05-05,SEC Company Facts,https://data.sec.gov/api/xbrl/companyfacts/CIK0000004904.json,2025-12-31,2024-12-31,2023-12-31,2022-12-31,2021-12-31,2026-02-12,2026-02-12,2026-02-12,2025-02-13,2024-02-26,21702000000.0,19970000000.0,19456000000.0,19391700000.0,16792000000.0,5319000000.0,4304000000.0,3556000000.0,3482700000.0,3411300000.0,3696000000.0,2976000000.0,2213000000.0,2305600000.0,2488100000.0,6944000000.0,6804000000.0,5012000000.0,5288000000.0,3839900000.0,3453000000.0,399000000.0,155000000.0,,,3491000000.0,6405000000.0,4857000000.0,,,6.66,5.58,4.24,4.49,4.96,
AES,0000874761,AES Corporation,Utilities,Independent Power Producers & Energy Traders,12032000000.0,,148000000.0,3594000000.0,6145000000.0,-2551000000.0,1.2899999999999998,1800000000.0,54238000000.0,49296000000.0,4942000000.0,,713438630.0,2026-08-04,2026-07-31,SEC Company Facts,https://data.sec.gov/api/xbrl/companyfacts/CIK0000874761.json,2025-12-31,2024-12-31,2023-12-31,2022-12-31,2021-12-31,2026-03-02,2026-03-02,2026-03-02,2025-03-11,2024-02-26,12233000000.0,12278000000.0,12668000000.0,12617000000.0,11141000000.0,,,,,,162000000.0,802000000.0,-182000000.0,-505000000.0,-951000000.0,4306000000.0,2752000000.0,3034000000.0,2715000000.0,1902000000.0,5929000000.0,7392000000.0,7724000000.0,4551000000.0,2116000000.0,-1623000000.0,-4640000000.0,-4690000000.0,-1836000000.0,-214000000.0,1.26,2.36,0.35,-0.82,-0.61,
AFL,0000004977,Aflac,Financials,Life & Health Insurance,15910000000.0,4401000000.0,2437000000.0,2591000000.0,,,4.440000000000001,6120000000.0,115961000000.0,85649000000.0,30312000000.0,,501343298.0,2026-08-07,2026-07-28,SEC Company Facts,https://data.sec.gov/api/xbrl/companyfacts/CIK0000004977.json,2025-12-31,2024-12-31,2023-12-31,2022-12-31,2021-12-31,2026-02-25,2026-02-25,2026-02-25,2025-02-26,2024-02-22,17164000000.0,18927000000.0,18701000000.0,19140000000.0,21554000000.0,,,,4157000000.0,4934000000.0,3646000000.0,5443000000.0,4659000000.0,4418000000.0,4231000000.0,2555000000.0,2707000000.0,3190000000.0,3879000000.0,5051000000.0,,,,,,,,,,,6.82,9.63,7.78,6.93,6.25,
AIG,0000005272,American International Group,Financials,Multi-line Insurance,27802000000.0,,3200000000.0,3159000000.0,240000000.0,2919000000.0,5.07,1565000000.0,163464000000.0,122838000000.0,40606000000.0,9191000000.0,522893169.0,2026-08-07,2026-07-31,SEC Company Facts,https://data.sec.gov/api/xbrl/companyfacts/CIK0000005272.json,2025-12-31,2024-12-31,2023-12-31,2022-12-31,2021-12-31,2026-02-12,2026-02-12,2026-02-12,2025-02-13,2024-02-14,26775000000.0,27251000000.0,27938000000.0,29996000000.0,52157000000.0,,,,,,3097000000.0,-926000000.0,3878000000.0,11273000000.0,10906000000.0,3314000000.0,3273000000.0,6243000000.0,4134000000.0,6223000000.0,,,240000000.0,210000000.0,343000000.0,,,6003000000.0,3924000000.0,5880000000.0,5.43,-2.17,4.98,12.94,11.95,
AIZ,0001267238,Assurant,Financials,Multi-line Insurance,12304900000.0,,276600000.0,1197200000.0,228400000.0,968800000.0,13.79,1698700000.0,36081400000.0,29983500000.0,6097900000.0,2207500000.0,49323767.0,2026-08-06,2026-07-31,SEC Company Facts,https://data.sec.gov/api/xbrl/companyfacts/CIK0001267238.json,2025-12-31,2024-12-31,2023-12-31,2022-12-31,2021-12-31,2026-02-19,2026-02-19,2026-02-19,2025-02-20,2024-02-15,12814300000.0,11877500000.0,11131600000.0,10193000000.0,10187600000.0,,,,,,872700000.0,760200000.0,642500000.0,276600000.0,1361800000.0,1833900000.0,1332700000.0,1138100000.0,596900000.0,781700000.0,235500000.0,221300000.0,202500000.0,186300000.0,187400000.0,1598400000.0,1111400000.0,935600000.0,410600000.0,594300000.0,16.93,14.46,11.95,5.05,22.66,
AJG,0000354190,Arthur J. Gallagher & Co.,Financials,Insurance Brokers,12471900000.0,,1649900000.0,2122200000.0,156600000.0,1965600000.0,6.610000000000001,738400000.0,81808000000.0,58061000000.0,23717000000.0,12873000000.0,256300000.0,2026-08-05,2026-06-30,SEC Company Facts,https://data.sec.gov/api/xbrl/companyfacts/CIK0000354190.json,2025-12-31,2024-12-31,2023-12-31,2022-12-31,2021-12-31,2026-02-17,2026-02-17,2026-02-17,2025-02-18,2024-02-09,13942000000.0,11555000000.0,10072000000.0,8550600000.0,8209400000.0,,,,,,1503000000.0,1471000000.0,966000000.0,1116000000.0,955000000.0,1930000000.0,2583000000.0,2032000000.0,1390000000.0,1392400000.0,,,,,,,,,,,5.74,6.5,4.42,5.19,4.37,
AKAM,0001086222,Akamai Technologies,Information Technology,Internet Services & Infrastructure,2372617000.0,524741000.0,424601000.0,1446679000.0,469000000.0,977679000.0,2.83,1480257000.0,15073420000.0,10324903000.0,4748517000.0,,143716609.0,2026-08-07,2026-08-03,SEC Company Facts,https://data.sec.gov/api/xbrl/companyfacts/CIK0001086222.json,2025-12-31,2024-12-31,2023-12-31,2022-12-31,2021-12-31,2026-02-20,2026-02-20,2026-02-20,2025-02-24,2024-02-28,,,,,,566944000.0,533411000.0,637338000.0,676274000.0,783148000.0,452031000.0,504918000.0,547629000.0,523672000.0,651642000.0,1518765000.0,1519171000.0,1348439000.0,1274676000.0,1404563000.0,507786000.0,390433000.0,457909000.0,241266000.0,328969000.0,1010979000.0,1128738000.0,890530000.0,1033410000.0,1075594000.0,3.07,3.27,3.52,3.26,3.93,
ALB,0000915913,Albemarle Corporation,Materials,Specialty Chemicals,4993278000.0,-1037140000.0,-891039000.0,760908000.0,948188000.0,-187280000.0,-9.33,1631688000.0,15905095000.0,5629926000.0,10275169000.0,1876784000.0,118005057.0,2026-08-05,2026-07-29,SEC Company Facts,https://data.sec.gov/api/xbrl/companyfacts/CIK0000915913.json,2025-12-31,2024-12-31,2023-12-31,2022-12-31,2021-12-31,2026-02-11,2026-02-11,2026-02-11,2025-02-12,2024-02-15,5142733000.0,5377526000.0,9617203000.0,7320104000.0,3327957000.0,-367084000.0,-1776545000.0,251881000.0,2470061000.0,798434000.0,-465210000.0,-1135477000.0,1670543000.0,2815131000.0,199942000.0,1282267000.0,687876000.0,1326583000.0,1907849000.0,344257000.0,589801000.0,1680529000.0,2154542000.0,1261646000.0,953667000.0,692466000.0,-992653000.0,-827959000.0,646203000.0,-609410000.0,-5.76,-11.2,13.36,22.84,1.06,
ALGN,0001097149,Align Technology,Health Care,Health Care Supplies,3964802000.0,600580000.0,437608000.0,731066000.0,99529000.0,631537000.0,5.92,1102591000.0,6417581000.0,2185128000.0,4232453000.0,,71039852.0,2026-08-05,2026-07-31,SEC Company Facts,https://data.sec.gov/api/xbrl/companyfacts/CIK0001097149.json,2025-12-31,2024-12-31,2023-12-31,2022-12-31,2021-12-31,2026-02-27,2026-02-27,2026-02-27,2025-02-28,2024-02-28,4034964000.0,3999012000.0,3862260000.0,3734635000.0,3952584000.0,545755000.0,607628000.0,643338000.0,642595000.0,976400000.0,410351000.0,421362000.0,445053000.0,361573000.0,772020000.0,593223000.0,738231000.0,785776000.0,568732000.0,1172544000.0,102445000.0,115580000.0,177716000.0,291900000.0,401098000.0,490778000.0,622651000.0,608060000.0,276832000.0,771446000.0,5.65,5.62,5.81,4.61,9.69,
ALL,0000899051,Allstate,Financials,Property & Casualty Insurance,66218000000.0,,5749000000.0,8743000000.0,204000000.0,8539000000.0,21.259999999999998,840000000.0,124756000000.0,91078000000.0,33698000000.0,7492000000.0,252857950.0,2026-08-05,2026-07-16,SEC Company Facts,https://data.sec.gov/api/xbrl/companyfacts/CIK0000899051.json,2025-12-31,2024-12-31,2023-12-31,2022-12-31,2021-12-31,2026-02-20,2026-02-20,2026-02-20,2025-02-24,2024-02-21,67685000000.0,64106000000.0,57094000000.0,51411000000.0,50601000000.0,,,,,,10266000000.0,4599000000.0,-213000000.0,-1342000000.0,1581000000.0,10110000000.0,8931000000.0,4228000000.0,5121000000.0,5116000000.0,228000000.0,210000000.0,267000000.0,420000000.0,345000000.0,9882000000.0,8721000000.0,3961000000.0,4701000000.0,4771000000.0,38.06,16.99,-1.2,-5.14,5.01,
ALLE,0001579241,Allegion,Industrials,Building Products,3876600000.0,815700000.0,626200000.0,765100000.0,92100000.0,673000000.0,7.200000000000001,356200000.0,5360800000.0,3242200000.0,1318300000.0,2031100000.0,85036786.0,2026-07-23,2026-07-20,SEC Company Facts,https://data.sec.gov/api/xbrl/companyfacts/CIK0001579241.json,2025-12-31,2024-12-31,2023-12-31,2022-12-31,2021-12-31,2026-02-17,2026-02-17,2026-02-17,2025-02-18,2024-02-20,4067300000.0,3772200000.0,3650800000.0,3271900000.0,2867400000.0,859500000.0,780700000.0,708400000.0,586400000.0,530200000.0,643800000.0,597500000.0,540600000.0,458300000.0,483300000.0,783800000.0,675000000.0,600600000.0,459500000.0,488600000.0,98100000.0,92100000.0,84200000.0,64000000.0,45400000.0,685700000.0,582900000.0,516400000.0,395500000.0,443200000.0,7.44,6.82,6.12,5.19,5.34,
AMAT,0000006951,Applied Materials,Information Technology,Semiconductor Materials & Equipment,28089000000.0,8332000000.0,6758000000.0,7456000000.0,1595000000.0,5861000000.0,8.219999999999999,6301000000.0,40286000000.0,16377000000.0,23909000000.0,6455000000.0,793959430.0,2026-05-21,2026-04-26,SEC Company Facts,https://data.sec.gov/api/xbrl/companyfacts/CIK0000006951.json,2025-10-26,2024-10-27,2023-10-29,2022-10-30,2021-10-31,2025-12-12,2025-12-12,2025-12-12,2024-12-13,2023-12-15,28368000000.0,27176000000.0,26517000000.0,25785000000.0,23063000000.0,8289000000.0,7867000000.0,7654000000.0,7788000000.0,6889000000.0,6998000000.0,7177000000.0,6856000000.0,6525000000.0,5888000000.0,7958000000.0,8677000000.0,8700000000.0,5399000000.0,5442000000.0,2260000000.0,1190000000.0,1106000000.0,787000000.0,668000000.0,5698000000.0,7487000000.0,7594000000.0,4612000000.0,4774000000.0,8.66,8.61,8.11,7.44,6.4,
AMCR,0001748790,Amcor,Materials,Paper & Plastic Packaging Products & Materials,23506000000.0,1899000000.0,1106000000.0,2151000000.0,332200000.0,1818800000.0,2.38,1115000000.0,37095000000.0,25294000000.0,11790000000.0,5314400000.0,462345690.0,2026-08-14,2026-08-12,SEC Company Facts,https://data.sec.gov/api/xbrl/companyfacts/CIK0001748790.json,2026-06-30,2025-06-30,2024-06-30,2023-06-30,2022-06-30,2026-08-14,2026-08-14,2026-08-14,2025-08-15,2024-08-16,23506000000.0,15009000000.0,13640000000.0,14694000000.0,14544000000.0,1899000000.0,1009000000.0,1214000000.0,1508000000.0,1239000000.0,1106000000.0,518000000.0,740000000.0,1058000000.0,815000000.0,2151000000.0,1390000000.0,1321000000.0,1261000000.0,1526000000.0,922000000.0,580000000.0,492000000.0,526000000.0,527000000.0,1229000000.0,810000000.0,829000000.0,735000000.0,999000000.0,2.38,1.6,2.52,0.705,0.529,
AMD,0000002488,Advanced Micro Devices,Information Technology,Semiconductors,29600000000.0,2267000000.0,1043000000.0,4877000000.0,834000000.0,4043000000.0,1.73,5086000000.0,84464000000.0,17240000000.0,67224000000.0,2351000000.0,1632475042.0,2026-08-05,2026-07-29,SEC Company Facts,https://data.sec.gov/api/xbrl/companyfacts/CIK0000002488.json,2025-12-27,2024-12-28,2023-12-30,2022-12-31,2021-12-25,2026-02-04,2026-02-04,2026-02-04,2025-02-05,2024-01-31,34639000000.0,25785000000.0,22680000000.0,23601000000.0,16434000000.0,3694000000.0,1900000000.0,401000000.0,1264000000.0,3648000000.0,4335000000.0,1641000000.0,854000000.0,1320000000.0,3162000000.0,7709000000.0,3041000000.0,1667000000.0,3565000000.0,3521000000.0,974000000.0,636000000.0,546000000.0,450000000.0,301000000.0,6735000000.0,2405000000.0,1121000000.0,3115000000.0,3220000000.0,2.65,1.0,0.53,0.84,2.57,
AME,0001037868,Ametek,Industrials,Electrical Components & Equipment,6980193000.0,1831287000.0,1437623000.0,1813820000.0,130345000.0,1683475000.0,6.21,495446000.0,16594713000.0,5333950000.0,11260763000.0,2036174000.0,229261244.0,2026-08-04,2026-07-28,SEC Company Facts,https://data.sec.gov/api/xbrl/companyfacts/CIK0001037868.json,2025-12-31,2024-12-31,2023-12-31,2022-12-31,2021-12-31,2026-02-17,2026-02-17,2026-02-17,2025-02-20,2024-02-22,7401116000.0,6941180000.0,6596950000.0,6150530000.0,,1910317000.0,1779562000.0,1707459000.0,1500692000.0,1308670000.0,1480142000.0,1376124000.0,1313188000.0,1159542000.0,990053000.0,1801763000.0,1828848000.0,1735296000.0,1149373000.0,1160457000.0,130248000.0,127075000.0,136249000.0,139005000.0,110671000.0,1671515000.0,1701773000.0,1599047000.0,1010368000.0,1049786000.0,6.4,5.93,5.67,5.01,4.25,
AMGN,0000318154,Amgen,Health Care,Biotechnology,34917000000.0,8192000000.0,6619000000.0,12013000000.0,1408000000.0,10605000000.0,12.229999999999999,13989000000.0,95639000000.0,83951000000.0,11688000000.0,53858000000.0,540632005.0,2026-08-05,2026-07-30,SEC Company Facts,https://data.sec.gov/api/xbrl/companyfacts/CIK0000318154.json,2025-12-31,2024-12-31,2023-12-31,2022-12-31,2021-12-31,2026-02-13,2026-02-13,2026-02-13,2025-02-14,2024-02-14,36751000000.0,33424000000.0,28190000000.0,26323000000.0,25979000000.0,9080000000.0,7258000000.0,7897000000.0,9566000000.0,7639000000.0,7711000000.0,4090000000.0,6717000000.0,6552000000.0,5893000000.0,9958000000.0,11490000000.0,8471000000.0,9721000000.0,9261000000.0,1858000000.0,1096000000.0,1112000000.0,936000000.0,880000000.0,8100000000.0,10394000000.0,7359000000.0,8785000000.0,8381000000.0,14.23,7.56,12.49,12.11,10.28,
AMP,0000820027,Ameriprise Financial,Financials,Asset Management & Custody Banks,9108000000.0,,2760000000.0,6881000000.0,181000000.0,6700000000.0,32.09,2318000000.0,197871000000.0,191505000000.0,6366000000.0,2684000000.0,88333219.0,2026-08-04,2026-07-24,SEC Company Facts,https://data.sec.gov/api/xbrl/companyfacts/CIK0000820027.json,2025-12-31,2024-12-31,2023-12-31,2022-12-31,2021-12-31,2026-02-19,2026-02-19,2026-02-19,2025-02-20,2024-02-22,18911000000.0,17926000000.0,16096000000.0,14334000000.0,13389000000.0,,,,,,3563000000.0,3401000000.0,2556000000.0,3149000000.0,3417000000.0,8323000000.0,6595000000.0,4685000000.0,4407000000.0,3325000000.0,162000000.0,176000000.0,184000000.0,182000000.0,120000000.0,8161000000.0,6419000000.0,4501000000.0,4225000000.0,3205000000.0,36.28,33.05,23.71,27.7,28.48,
AMT,0001053507,American Tower,Real Estate,Telecom Tower REITs,827600000.0,4629600000.0,1857100000.0,5301900000.0,1524400000.0,3777500000.0,3.9000000000000004,1608800000.0,63234600000.0,53082500000.0,3522600000.0,19266260000.0,465893069.0,2026-04-28,2026-04-21,SEC Company Facts,https://data.sec.gov/api/xbrl/companyfacts/CIK0001053507.json,2025-12-31,2024-12-31,2023-12-31,2022-12-31,2021-12-31,2026-02-24,2026-02-24,2026-02-24,2025-02-25,2024-02-27,935900000.0,774600000.0,747300000.0,840700000.0,717200000.0,4845800000.0,4516500000.0,3125500000.0,2738600000.0,3132000000.0,2628500000.0,2280200000.0,1367100000.0,1696700000.0,2567600000.0,5464000000.0,5290500000.0,4722400000.0,3696200000.0,4819900000.0,1680400000.0,1590000000.0,1798100000.0,1873600000.0,1376700000.0,3783600000.0,3700500000.0,2924300000.0,1822600000.0,3443200000.0,5.4,4.82,3.18,3.82,5.66,
AMZN,0001018724,Amazon,Consumer Discretionary,Broadline Retail,670038000000.0,76190000000.0,70623000000.0,121137000000.0,4897000000.0,116240000000.0,6.5600000000000005,78213000000.0,1095689000000.0,544069000000.0,551620000000.0,132224000000.0,10786313572.0,2026-07-31,2026-07-22,SEC Company Facts,https://data.sec.gov/api/xbrl/companyfacts/CIK0001018724.json,2025-12-31,2024-12-31,2023-12-31,2022-12-31,2021-12-31,2026-02-06,2026-02-06,2026-02-06,2025-02-07,2024-02-02,716924000000.0,637959000000.0,574785000000.0,513983000000.0,469822000000.0,79975000000.0,68593000000.0,36852000000.0,12248000000.0,24879000000.0,77670000000.0,59248000000.0,30425000000.0,-2722000000.0,33364000000.0,139514000000.0,115877000000.0,84946000000.0,46752000000.0,46327000000.0,131819000000.0,82999000000.0,52729000000.0,63645000000.0,61053000000.0,7695000000.0,32878000000.0,32217000000.0,-16893000000.0,-14726000000.0,7.17,5.53,2.9,-0.27,3.24,
ANET,0001596532,Arista Networks,Information Technology,Communications Equipment,7950900000.0,3429900000.0,3251600000.0,4047200000.0,55551000.0,3991649000.0,2.5500000000000003,2290200000.0,23720100000.0,8922400000.0,14797700000.0,98793000.0,1261224648.0,2026-08-05,2026-07-30,SEC Company Facts,https://data.sec.gov/api/xbrl/companyfacts/CIK0001596532.json,2025-12-31,2024-12-31,2023-12-31,2022-12-31,2021-12-31,2026-02-17,2026-02-17,2026-02-17,2025-02-19,2024-02-13,9005700000.0,7003100000.0,5860200000.0,4381310000.0,2948037000.0,3856100000.0,2944600000.0,2257300000.0,1527106000.0,924739000.0,3511400000.0,2852100000.0,2087300000.0,1352446000.0,840854000.0,4371900000.0,3708200000.0,2034000000.0,492813000.0,1015856000.0,119500000.0,32000000.0,34400000.0,44644000.0,64736000.0,4252400000.0,3676200000.0,1999600000.0,448169000.0,951120000.0,2.75,2.23,1.65,1.07,2.63,
AON,0000315293,Aon plc,Financials,Insurance Brokers,16752000000.0,4034000000.0,2665000000.0,3149000000.0,237000000.0,2912000000.0,11.870000000000001,1062000000.0,53347000000.0,43637000000.0,9598000000.0,14967000000.0,212125434.0,2026-07-29,2026-07-28,SEC Company Facts,https://data.sec.gov/api/xbrl/companyfacts/CIK0000315293.json,2025-12-31,2024-12-31,2023-12-31,2022-12-31,2021-12-31,2026-02-13,2026-02-13,2026-02-13,2025-02-18,2024-02-16,17181000000.0,15698000000.0,13376000000.0,12479000000.0,12193000000.0,4344000000.0,3835000000.0,3785000000.0,3669000000.0,2090000000.0,3750000000.0,2720000000.0,2628000000.0,2646000000.0,1308000000.0,3481000000.0,3035000000.0,3435000000.0,3219000000.0,2182000000.0,263000000.0,218000000.0,252000000.0,196000000.0,137000000.0,3218000000.0,2817000000.0,3183000000.0,3023000000.0,2045000000.0,17.02,12.49,12.51,12.14,5.55,
AOS,0000091142,A. O. Smith,Industrials,Building Products,3790200000.0,695800000.0,185100000.0,596100000.0,101500000.0,494600000.0,3.59,181300000.0,3644500000.0,1802600000.0,1841900000.0,637500000.0,75732188.0,2026-07-30,2026-06-30,SEC Company Facts,https://data.sec.gov/api/xbrl/companyfacts/CIK0000091142.json,2025-12-31,2024-12-31,2023-12-31,2022-12-31,2021-12-31,2026-02-10,2026-02-10,2026-02-10,2024-02-13,2024-02-13,3830200000.0,3818100000.0,3852800000.0,3753900000.0,3538900000.0,728600000.0,707700000.0,745500000.0,362000000.0,682000000.0,546200000.0,533600000.0,556600000.0,235700000.0,487100000.0,616800000.0,581800000.0,670300000.0,391400000.0,641100000.0,70800000.0,108000000.0,72600000.0,70300000.0,75100000.0,546000000.0,473800000.0,597700000.0,321100000.0,566000000.0,3.85,3.63,3.69,1.51,3.02,
APA,0001841666,APA Corporation,Energy,Oil & Gas Exploration & Production,,2378000000.0,1369000000.0,4652000000.0,,,2.8900000000000006,444000000.0,17973000000.0,10952000000.0,7021000000.0,8715000000.0,350351510.0,2026-08-06,2026-07-31,SEC Company Facts,https://data.sec.gov/api/xbrl/companyfacts/CIK0001841666.json,2025-12-31,2024-12-31,2023-12-31,2022-12-31,2021-12-31,2026-02-26,2026-02-26,2026-02-26,2025-02-28,2024-02-22,,,,,,3087000000.0,2444000000.0,3696000000.0,5565000000.0,2860000000.0,1692000000.0,1118000000.0,3207000000.0,4082000000.0,1313000000.0,4545000000.0,3620000000.0,3129000000.0,4943000000.0,3496000000.0,,,,,,,,,,,3.99,2.27,9.25,11.02,2.59,
APD,0000002969,Air Products,Materials,Industrial Gases,12057900000.0,1530600000.0,1586500000.0,1059100000.0,7580100000.0,-6521000000.0,6.960000000000001,980500000.0,40445600000.0,23849200000.0,13883800000.0,3782600000.0,222685530.0,2026-07-30,2026-06-30,SEC Company Facts,https://data.sec.gov/api/xbrl/companyfacts/CIK0000002969.json,2025-09-30,2024-09-30,2023-09-30,2022-09-30,2021-09-30,2025-11-20,2025-11-20,2025-11-20,2024-11-21,2023-11-16,12037300000.0,12100600000.0,12600000000.0,12698600000.0,10323000000.0,-877000000.0,4466100000.0,2494600000.0,2338800000.0,2281400000.0,-354400000.0,3862400000.0,2338600000.0,2266500000.0,2114900000.0,3256800000.0,3646700000.0,3205700000.0,3170600000.0,3335200000.0,7022600000.0,6796700000.0,4626400000.0,2926500000.0,2464200000.0,-3765800000.0,-3150000000.0,-1420700000.0,244100000.0,871000000.0,-1.77,17.18,10.33,10.14,9.43,
APH,0000820313,Amphenol,Information Technology,Electronic Components,18818000000.0,4216800000.0,3205800000.0,3732800000.0,915500000.0,2817300000.0,2.51,4729400000.0,44806600000.0,29184500000.0,15491600000.0,3239300000.0,1232983457.0,2026-07-31,2026-07-28,SEC Company Facts,https://data.sec.gov/api/xbrl/companyfacts/CIK0000820313.json,2025-12-31,2024-12-31,2023-12-31,2022-12-31,2021-12-31,2026-02-11,2026-02-11,2026-02-11,2025-02-07,2024-02-07,23094700000.0,15222700000.0,12554700000.0,12623000000.0,10876300000.0,5868600000.0,3156900000.0,2559600000.0,2585800000.0,2105100000.0,4305300000.0,2441600000.0,1945500000.0,1916800000.0,1601500000.0,5374700000.0,2814700000.0,2528700000.0,2174600000.0,1540100000.0,996600000.0,665400000.0,372800000.0,383800000.0,360400000.0,4378100000.0,2149300000.0,2155900000.0,1790800000.0,1179700000.0,3.34,1.92,1.55,1.53,2.54,
APO,0001858681,Apollo Global Management,Financials,Asset Management & Custody Banks,25418000000.0,,5211000000.0,4124000000.0,,,5.359999999999999,12070000000.0,494048000000.0,452566000000.0,21006000000.0,13727000000.0,590543159.0,2026-08-10,2026-08-05,SEC Company Facts,https://data.sec.gov/api/xbrl/companyfacts/CIK0001858681.json,2025-12-31,2024-12-31,2023-12-31,2022-12-31,2021-12-31,2026-02-25,2026-02-25,2026-02-25,2025-02-24,2024-02-27,32049000000.0,26114000000.0,32644000000.0,10968000000.0,5951000000.0,,,,,,5401000000.0,6373000000.0,6509000000.0,-3507000000.0,4267000000.0,7246000000.0,3253000000.0,6322000000.0,3789000000.0,1064000000.0,,,,,,,,,,,5.54,7.33,8.28,-3.43,7.32,
APP,0001751008,AppLovin,Communication Services,Advertising,4252401000.0,2960297000.0,597412000.0,2855643000.0,4776000.0,2850867000.0,7.029999999999999,3053306000.0,8269131000.0,5106115000.0,3163016000.0,3515072000.0,,2026-08-05,2026-06-30,SEC Company Facts,https://data.sec.gov/api/xbrl/companyfacts/CIK0001751008.json,2025-12-31,2024-12-31,2023-12-31,2022-12-31,2021-12-31,2026-02-19,2026-02-19,2026-02-19,2025-02-27,2024-02-26,5480717000.0,3224058000.0,1841762000.0,2817058000.0,2793104000.0,4151914000.0,1910956000.0,772411000.0,-47791000.0,150016000.0,3333751000.0,1579776000.0,356711000.0,-192947000.0,35338000.0,3971094000.0,2099011000.0,1061510000.0,412773000.0,361851000.0,,4776000.0,4246000.0,662000.0,1390000.0,,2094235000.0,1057264000.0,412111000.0,360461000.0,9.75,4.53,0.98,-0.52,0.09,
APTV,0001521332,Aptiv,Consumer Discretionary,Automotive Parts & Equipment,15947000000.0,1596000000.0,1029000000.0,2342000000.0,844000000.0,1498000000.0,4.42,761000000.0,17996000000.0,9243000000.0,8753000000.0,7653000000.0,207633331.0,2026-08-04,2026-07-31,SEC Company Facts,https://data.sec.gov/api/xbrl/companyfacts/CIK0001521332.json,2025-12-31,2024-12-31,2023-12-31,2022-12-31,2021-12-31,2026-02-06,2026-02-06,2026-02-06,2025-02-07,2024-02-06,20398000000.0,19713000000.0,20051000000.0,17489000000.0,15618000000.0,1184000000.0,1842000000.0,1559000000.0,1263000000.0,1189000000.0,181000000.0,1810000000.0,2966000000.0,590000000.0,609000000.0,2185000000.0,2446000000.0,1896000000.0,1263000000.0,1222000000.0,656000000.0,830000000.0,906000000.0,844000000.0,611000000.0,1529000000.0,1616000000.0,990000000.0,419000000.0,611000000.0,0.75,6.96,10.39,1.96,1.94,
ARE,0001035443,Alexandria Real Estate Equities,Real Estate,Office REITs,,,173981000.0,1419760000.0,,,-0.1299999999999999,470449000.0,34632226000.0,15456868000.0,15553976000.0,12812874000.0,174247570.0,2026-08-03,2026-07-15,SEC Company Facts,https://data.sec.gov/api/xbrl/companyfacts/CIK0001035443.json,2025-12-31,2024-12-31,2023-12-31,2022-12-31,2021-12-31,2026-01-26,2026-01-26,2026-01-26,2025-01-27,2024-01-29,,,,,,,,,,,-1216726000.0,510733000.0,280994000.0,670701000.0,654282000.0,1414046000.0,1504524000.0,1630550000.0,1294321000.0,1010197000.0,,,,,,,,,,,-8.44,1.8,0.54,3.18,3.82,
ARES,0001176948,Ares Management,Financials,Asset Management & Custody Banks,4827669000.0,,1010075000.0,4058841000.0,18419000.0,4040422000.0,,152203000.0,29631399000.0,21003486000.0,3968073000.0,202869000.0,103332418.0,2026-08-07,2026-06-30,SEC Company Facts,https://data.sec.gov/api/xbrl/companyfacts/CIK0001176948.json,2025-12-31,2024-12-31,2023-12-31,2022-12-31,2021-12-31,2026-02-25,2026-02-25,2026-02-25,2025-02-27,2024-02-27,5601482000.0,3884781000.0,3631884000.0,3055443000.0,4212091000.0,,,,,,834454000.0,463742000.0,474326000.0,167541000.0,797936000.0,3266959000.0,2791154000.0,-233261000.0,-734112000.0,-2596045000.0,,,,,,,,,,,,,,,,
ATO,0000731802,Atmos Energy,Utilities,Gas Utilities,4623219000.0,1525486000.0,-30070000.0,2032014000.0,3405774000.0,-1373760000.0,7.23,520953000.0,31585539000.0,16327481000.0,15258058000.0,3529452000.0,168988553.0,2026-08-05,2026-07-31,SEC Company Facts,https://data.sec.gov/api/xbrl/companyfacts/CIK0000731802.json,2025-09-30,2024-09-30,2023-09-30,2022-09-30,2021-09-30,2025-11-14,2025-11-14,2025-11-14,2024-11-18,2023-11-14,4702755000.0,4165187000.0,4275357000.0,4201662000.0,3407490000.0,1559971000.0,1355362000.0,1067147000.0,920982000.0,904998000.0,1198754000.0,1042895000.0,885862000.0,774398000.0,665563000.0,2049456000.0,1733746000.0,3459743000.0,977584000.0,-1084251000.0,3561399000.0,2937124000.0,2805973000.0,2444420000.0,1969540000.0,-1511943000.0,-1203378000.0,653770000.0,-1466836000.0,-3053791000.0,7.46,6.83,6.1,5.6,5.12,
AVB,0000915912,AvalonBay Communities,Real Estate,Multi-Family Residential REITs,6792000.0,1956186000.0,1161063000.0,1608697000.0,5266000.0,1603431000.0,8.14,80682000.0,22300351000.0,10071693000.0,12022411000.0,9024780000.0,142797963.0,2026-07-30,2026-07-24,SEC Company Facts,https://data.sec.gov/api/xbrl/companyfacts/CIK0000915912.json,2025-12-31,2024-12-31,2023-12-31,2022-12-31,2021-12-31,2026-02-27,2026-02-27,2026-02-27,2025-02-27,2024-02-23,7042000.0,7081000.0,7722000.0,6333000.0,3084000.0,2020949000.0,1910080000.0,1790786000.0,1701416000.0,1456875000.0,1056599000.0,1082175000.0,928438000.0,1136438000.0,1004356000.0,1671105000.0,1607878000.0,1560029000.0,1421932000.0,1203170000.0,,,,,,,,,,,7.4,7.6,6.56,8.12,7.19,
AVGO,0001730168,Broadcom,Information Technology,Semiconductors,57046000000.0,20504000000.0,12917000000.0,23235000000.0,538000000.0,22697000000.0,2.67,19628000000.0,179158000000.0,91467000000.0,24941000000.0,64907000000.0,4757580198.0,2026-06-09,2026-05-29,SEC Company Facts,https://data.sec.gov/api/xbrl/companyfacts/CIK0001730168.json,2025-11-02,2024-11-03,2023-10-29,2022-10-30,2021-10-31,2025-12-18,2025-12-18,2025-12-18,2024-12-20,2023-12-14,63887000000.0,51574000000.0,35819000000.0,33203000000.0,27450000000.0,25484000000.0,13463000000.0,16207000000.0,14225000000.0,8519000000.0,23126000000.0,5895000000.0,14082000000.0,11495000000.0,6736000000.0,27537000000.0,19962000000.0,18085000000.0,16736000000.0,13764000000.0,623000000.0,548000000.0,452000000.0,424000000.0,443000000.0,26914000000.0,19414000000.0,17633000000.0,16312000000.0,13321000000.0,4.77,1.23,3.3,2.65,15.0,
AVY,0000008818,Avery Dennison,Materials,Paper & Plastic Packaging Products & Materials,8737900000.0,,748900000.0,813800000.0,178500000.0,635300000.0,8.920000000000002,227300000.0,9212300000.0,6889500000.0,2322800000.0,1454700000.0,75788142.0,2026-08-04,2026-08-01,SEC Company Facts,https://data.sec.gov/api/xbrl/companyfacts/CIK0000008818.json,2025-12-31,2024-12-28,2023-12-30,2022-12-31,2022-01-01,2026-02-25,2026-02-25,2026-02-25,2025-02-26,2024-02-21,8855500000.0,8755700000.0,8364300000.0,9039300000.0,8408300000.0,,,,,,688000000.0,704900000.0,503000000.0,757100000.0,740100000.0,881400000.0,938800000.0,826000000.0,961000000.0,1046800000.0,169000000.0,208800000.0,265300000.0,278100000.0,255000000.0,712400000.0,730000000.0,560700000.0,682900000.0,791800000.0,8.79,8.73,6.2,9.21,8.83,
AWK,0001410636,American Water Works,Utilities,Water Utilities,4912000000.0,1803000000.0,632000000.0,1950000000.0,2858000000.0,-908000000.0,5.55,191000000.0,36453000000.0,24788000000.0,11665000000.0,5596229000.0,198728989.0,2026-07-29,2026-07-20,SEC Company Facts,https://data.sec.gov/api/xbrl/companyfacts/CIK0001410636.json,2025-12-31,2024-12-31,2023-12-31,2022-12-31,2021-12-31,2026-02-18,2026-02-18,2026-02-18,2025-02-19,2024-02-14,5121000000.0,4653000000.0,4217000000.0,3763000000.0,3914000000.0,1879000000.0,1718000000.0,1504000000.0,1273000000.0,1196000000.0,1111000000.0,1051000000.0,944000000.0,820000000.0,1263000000.0,2059000000.0,2045000000.0,1874000000.0,1108000000.0,1441000000.0,3126000000.0,2856000000.0,2575000000.0,2297000000.0,1764000000.0,-1067000000.0,-811000000.0,-701000000.0,-1189000000.0,-323000000.0,5.69,5.39,4.9,4.51,6.95,
AXON,0001069183,Axon Enterprise,Industrials,Aerospace & Defense,2391590000.0,-1503000.0,377034000.0,275577000.0,99088000.0,176489000.0,4.0600000000000005,597704000.0,7481157000.0,3806620000.0,3674537000.0,1731817000.0,81237415.0,2026-08-06,2026-07-31,SEC Company Facts,https://data.sec.gov/api/xbrl/companyfacts/CIK0001069183.json,2025-12-31,2024-12-31,2023-12-31,2022-12-31,2021-12-31,2026-02-25,2026-02-25,2026-02-25,2025-02-28,2024-02-27,2779536000.0,2082526000.0,1560699000.0,1187143000.0,863381000.0,-62076000.0,58540000.0,156850000.0,92973000.0,-168123000.0,124656000.0,377034000.0,175783000.0,146930000.0,-60018000.0,211339000.0,408312000.0,189263000.0,235361000.0,124494000.0,136258000.0,78785000.0,59635000.0,55802000.0,49886000.0,75081000.0,329527000.0,129628000.0,179559000.0,74608000.0,1.51,4.8,2.33,2.03,-0.91,
AXP,0000004962,American Express,Financials,Consumer Finance,39615000000.0,2148000000.0,10146000000.0,13094000000.0,1999000000.0,11095000000.0,14.239999999999998,43440000000.0,308203000000.0,273923000000.0,34280000000.0,57017000000.0,675309833.0,2026-07-24,2026-07-14,SEC Company Facts,https://data.sec.gov/api/xbrl/companyfacts/CIK0000004962.json,2025-12-31,2024-12-31,2023-12-31,2022-12-31,2021-12-31,2026-02-06,2026-02-06,2026-02-06,2025-02-07,2024-02-09,41304000000.0,38825000000.0,37218000000.0,34219000000.0,27716000000.0,,,,,,10833000000.0,10129000000.0,8374000000.0,7514000000.0,8060000000.0,18428000000.0,14050000000.0,18559000000.0,21079000000.0,14645000000.0,2425000000.0,1911000000.0,1563000000.0,1855000000.0,1550000000.0,16003000000.0,12139000000.0,16996000000.0,19224000000.0,13095000000.0,15.38,14.01,11.21,9.85,10.02,
AZO,0000866787,AutoZone,Consumer Discretionary,Automotive Retail,18901371000.0,3710771000.0,2563505000.0,3234832000.0,1232409000.0,2002423000.0,147.61,253729000.0,20916463000.0,23701015000.0,-2784552000.0,9516477000.0,16325355.0,2026-06-12,2026-06-05,SEC Company Facts,https://data.sec.gov/api/xbrl/companyfacts/CIK0000866787.json,2025-08-30,2024-08-31,2023-08-26,2022-08-27,2021-08-28,2025-10-27,2025-10-27,2025-10-27,2024-10-28,2023-10-24,18938717000.0,18490268000.0,17457209000.0,16252230000.0,14629585000.0,3610156000.0,3788708000.0,3473986000.0,3270729000.0,2944527000.0,2498247000.0,2662427000.0,2528426000.0,2429604000.0,2170314000.0,3117337000.0,3004116000.0,2940788000.0,3211135000.0,3518543000.0,1327257000.0,1072696000.0,796657000.0,672391000.0,621767000.0,1790080000.0,1931420000.0,2144131000.0,2538744000.0,2896776000.0,144.87,149.55,132.36,117.19,95.19,
BA,0000012927,Boeing,Industrials,Aerospace & Defense,76559000000.0,-9246000000.0,-10678000000.0,-6184000000.0,2360000000.0,-8544000000.0,-16.55,7239000000.0,165870000000.0,159755000000.0,6100000000.0,45596000000.0,790370020.0,2026-07-28,2026-07-21,SEC Company Facts,https://data.sec.gov/api/xbrl/companyfacts/CIK0000012927.json,2025-12-31,2024-12-31,2023-12-31,2022-12-31,2021-12-31,2026-01-30,2026-01-30,2026-01-30,2025-02-03,2024-01-31,89463000000.0,66517000000.0,77794000000.0,66608000000.0,62286000000.0,4281000000.0,-10707000000.0,-773000000.0,-3519000000.0,-2870000000.0,2238000000.0,-11829000000.0,-2242000000.0,-5053000000.0,-4290000000.0,1065000000.0,-12080000000.0,5960000000.0,3512000000.0,-3416000000.0,2942000000.0,2230000000.0,1527000000.0,1222000000.0,980000000.0,-1877000000.0,-14310000000.0,4433000000.0,2290000000.0,-4396000000.0,2.48,-18.36,-3.67,-8.3,-7.15,
BAC,0000070858,Bank of America,Financials,Diversified Banks,110351000000.0,,,-22678000000.0,,,3.3900000000000006,301006000000.0,3499191000000.0,3198097000000.0,301094000000.0,339863000000.0,6992748365.0,2026-07-31,2026-07-30,SEC Company Facts,https://data.sec.gov/api/xbrl/companyfacts/CIK0000070858.json,2025-12-31,2024-12-31,2023-12-31,2022-12-31,2021-12-31,2026-02-25,2026-02-25,2026-02-25,2025-02-25,2024-02-20,113097000000.0,105856000000.0,102769000000.0,94950000000.0,89113000000.0,,,,,,30509000000.0,26973000000.0,26305000000.0,27528000000.0,31978000000.0,12613000000.0,-8805000000.0,44982000000.0,-6327000000.0,-7193000000.0,,,,,,,,,,,3.81,3.19,3.05,3.19,3.57,
BALL,0000009389,Ball Corporation,Materials,"Metal, Glass & Plastic Containers",11214000000.0,1202000000.0,563000000.0,777000000.0,401000000.0,376000000.0,2.1799999999999997,491000000.0,20110000000.0,14344000000.0,5746000000.0,8371000000.0,264703357.0,2026-08-04,2026-07-31,SEC Company Facts,https://data.sec.gov/api/xbrl/companyfacts/CIK0000009389.json,2025-12-31,2024-12-31,2023-12-31,2022-12-31,2021-12-31,2026-02-19,2026-02-19,2026-02-19,2025-02-20,2024-02-20,,,,,,,,1273000000.0,1214000000.0,1291000000.0,915000000.0,4014000000.0,711000000.0,732000000.0,878000000.0,1262000000.0,115000000.0,1863000000.0,301000000.0,1760000000.0,474000000.0,484000000.0,1045000000.0,1651000000.0,1726000000.0,788000000.0,-369000000.0,818000000.0,-1350000000.0,34000000.0,3.3,13.0,2.23,2.25,2.65,
BAX,0000010456,Baxter International,Health Care,Health Care Equipment,10887000000.0,-31000000.0,-149000000.0,765000000.0,513000000.0,252000000.0,-0.31000000000000005,2150000000.0,19791000000.0,13612000000.0,6206000000.0,9438000000.0,516995999.0,2026-07-30,2026-07-23,SEC Company Facts,https://data.sec.gov/api/xbrl/companyfacts/CIK0000010456.json,2025-12-31,2024-12-31,2023-12-31,2022-12-31,2021-12-31,2026-02-12,2026-02-12,2026-02-12,2025-02-21,2024-02-08,11244000000.0,10636000000.0,10360000000.0,10057000000.0,12146000000.0,-308000000.0,14000000.0,707000000.0,-2845000000.0,1350000000.0,-957000000.0,-638000000.0,2663000000.0,-2421000000.0,1295000000.0,845000000.0,1019000000.0,1726000000.0,1211000000.0,2222000000.0,513000000.0,446000000.0,432000000.0,377000000.0,691000000.0,332000000.0,573000000.0,1294000000.0,834000000.0,1531000000.0,-1.87,-1.27,5.23,-4.83,2.53,
BBY,0000764478,Best Buy,Consumer Discretionary,Computer & Electronics Retail,41691000000.0,1169000000.0,1100000000.0,1976000000.0,720000000.0,1256000000.0,4.1000000000000005,1749000000.0,14890000000.0,11807000000.0,3083000000.0,1165000000.0,210767126.0,2026-06-05,2026-06-03,SEC Company Facts,https://data.sec.gov/api/xbrl/companyfacts/CIK0000764478.json,2026-01-31,2025-02-01,2024-02-03,2023-01-28,2022-01-29,2026-03-18,2026-03-18,2026-03-18,2025-03-19,2024-03-15,41691000000.0,41528000000.0,43452000000.0,46298000000.0,51761000000.0,1389000000.0,1262000000.0,1574000000.0,1795000000.0,3039000000.0,1069000000.0,927000000.0,1241000000.0,1419000000.0,2454000000.0,1962000000.0,2098000000.0,1470000000.0,1824000000.0,3252000000.0,704000000.0,706000000.0,795000000.0,930000000.0,737000000.0,1258000000.0,1392000000.0,675000000.0,894000000.0,2515000000.0,5.04,4.28,5.68,6.29,9.84,
BDX,0000010795,Becton Dickinson,Health Care,Health Care Equipment,18976000000.0,2027000000.0,1516981000.0,4666000000.0,679000000.0,3987000000.0,5.470000000000001,708000000.0,50731000000.0,26315000000.0,24416000000.0,16808000000.0,272386800.0,2026-08-06,2026-06-30,SEC Company Facts,https://data.sec.gov/api/xbrl/companyfacts/CIK0000010795.json,2025-09-30,2024-09-30,2023-09-30,2022-09-30,2021-09-30,2025-11-25,2025-11-25,2025-11-25,2024-11-27,2023-11-21,21840000000.0,20178000000.0,19372000000.0,18870000000.0,19131000000.0,2579000000.0,2397000000.0,2111000000.0,2282000000.0,2250000000.0,1678000000.0,1705000000.0,1484000000.0,1779000000.0,2092000000.0,3430000000.0,3844000000.0,2990000000.0,2471000000.0,4126000000.0,760000000.0,725000000.0,874000000.0,973000000.0,1194000000.0,2670000000.0,3119000000.0,2116000000.0,1498000000.0,2932000000.0,5.82,5.86,4.94,5.88,6.85,
BEN,0000038777,Franklin Resources,Financials,Asset Management & Custody Banks,8638200000.0,368000000.0,304700000.0,1645000000.0,193100000.0,1451900000.0,0.5199999999999998,4544300000.0,36243000000.0,21842300000.0,11738200000.0,1815671000.0,508076910.0,2026-07-31,2026-07-22,SEC Company Facts,https://data.sec.gov/api/xbrl/companyfacts/CIK0000038777.json,2025-09-30,2024-09-30,2023-09-30,2022-09-30,2021-09-30,2025-11-10,2025-11-10,2025-11-10,2024-11-12,2023-11-14,8770700000.0,8478000000.0,7849400000.0,8275300000.0,8425500000.0,604100000.0,407600000.0,1102300000.0,1773900000.0,1875000000.0,548900000.0,607900000.0,1025700000.0,1333200000.0,2094600000.0,1066100000.0,971300000.0,1089200000.0,1956700000.0,1245400000.0,154500000.0,177100000.0,148800000.0,90300000.0,79300000.0,911600000.0,794200000.0,940400000.0,1866400000.0,1166100000.0,0.91,0.85,1.72,2.53,3.57,
BF-B,0000014693,Brown–Forman,Consumer Staples,Distillers & Vintners,3928000000.0,1001000000.0,715000000.0,1000000000.0,107000000.0,893000000.0,1.53,308000000.0,7894000000.0,3874000000.0,4020000000.0,2434000000.0,,2026-06-12,2026-04-30,SEC Company Facts,https://data.sec.gov/api/xbrl/companyfacts/CIK0000014693.json,2026-04-30,2025-04-30,2024-04-30,2023-04-30,2022-04-30,2026-06-12,2026-06-12,2026-06-12,2025-06-13,2024-06-14,3928000000.0,3975000000.0,4178000000.0,4228000000.0,3933000000.0,1001000000.0,1107000000.0,1414000000.0,1127000000.0,1204000000.0,715000000.0,869000000.0,1024000000.0,783000000.0,838000000.0,1000000000.0,598000000.0,647000000.0,640000000.0,936000000.0,107000000.0,167000000.0,228000000.0,183000000.0,138000000.0,893000000.0,431000000.0,419000000.0,457000000.0,798000000.0,1.53,1.84,2.14,1.63,1.74,
BG,0001996862,Bunge Global,Consumer Staples,Agricultural Products & Services,15269000000.0,,1140000000.0,621000000.0,1450000000.0,-829000000.0,7.790000000000001,839000000.0,47576000000.0,31531000000.0,16045000000.0,14553000000.0,194018115.0,2026-04-29,2026-04-27,SEC Company Facts,https://data.sec.gov/api/xbrl/companyfacts/CIK0001996862.json,2025-12-31,2024-12-31,2023-12-31,2022-12-31,2021-12-31,2026-02-19,2026-02-19,2026-02-19,2025-02-20,2024-02-22,16944000000.0,15550000000.0,17831000000.0,21074000000.0,16811000000.0,,,,,,843000000.0,1188000000.0,2337000000.0,1678000000.0,2167000000.0,844000000.0,1900000000.0,3308000000.0,-5549000000.0,-2894000000.0,1723000000.0,1376000000.0,1122000000.0,555000000.0,399000000.0,-879000000.0,524000000.0,2186000000.0,-6104000000.0,-3293000000.0,4.91,7.99,14.87,10.51,13.64,
BIIB,0000875045,Biogen,Health Care,Biotechnology,9816400000.0,3704100000.0,1479300000.0,2581600000.0,144900000.0,2436700000.0,10.120000000000001,2913700000.0,29483100000.0,10831400000.0,14799400000.0,6288500000.0,147637117.0,2026-04-29,2026-04-27,SEC Company Facts,https://data.sec.gov/api/xbrl/companyfacts/CIK0000875045.json,2025-12-31,2024-12-31,2023-12-31,2022-12-31,2021-12-31,2026-02-06,2026-02-06,2026-02-06,2025-02-12,2024-02-14,9890600000.0,9675900000.0,9835600000.0,10173400000.0,10981700000.0,,,,,2840700000.0,1292900000.0,1632200000.0,1161500000.0,2961600000.0,1727600000.0,2204600000.0,2875500000.0,1547200000.0,1384300000.0,3639900000.0,153800000.0,153700000.0,277000000.0,240300000.0,258100000.0,2050800000.0,2721800000.0,1270200000.0,1144000000.0,3381800000.0,8.79,11.18,7.97,20.87,10.4,
BKNG,0001075531,Booking Holdings,Consumer Discretionary,"Hotels, Resorts & Cruise Lines",17276000000.0,8220000000.0,2551360000.0,9578000000.0,338000000.0,9240000000.0,107.59,17214000000.0,29682000000.0,40465000000.0,-10783000000.0,20180000000.0,751380500.0,2026-08-04,2026-07-27,SEC Company Facts,https://data.sec.gov/api/xbrl/companyfacts/CIK0001075531.json,2025-12-31,2024-12-31,2023-12-31,2022-12-31,2021-12-31,2026-02-18,2026-02-18,2026-02-18,2025-02-20,2024-02-22,26917000000.0,23739000000.0,21365000000.0,17090000000.0,10958000000.0,8825000000.0,7555000000.0,5835000000.0,5102000000.0,2496000000.0,5404000000.0,5882000000.0,4289000000.0,3058000000.0,1165000000.0,9409000000.0,8323000000.0,7344000000.0,6554000000.0,2820000000.0,322000000.0,429000000.0,345000000.0,368000000.0,304000000.0,9087000000.0,7894000000.0,6999000000.0,6186000000.0,2516000000.0,165.57,172.69,117.4,76.35,28.17,
BKR,0001701605,Baker Hughes,Energy,Oil & Gas Equipment & Services,27609000000.0,3081000000.0,3084000000.0,3419000000.0,1254000000.0,2165000000.0,2.98,5631000000.0,52620000000.0,32712000000.0,19908000000.0,27000000.0,992674071.0,2026-07-27,2026-07-23,SEC Company Facts,https://data.sec.gov/api/xbrl/companyfacts/CIK0001701605.json,2025-12-31,2024-12-31,2023-12-31,2022-12-31,2021-12-31,2026-02-05,2026-02-05,2026-02-05,2025-02-04,2024-02-05,27733000000.0,27829000000.0,25506000000.0,21156000000.0,20502000000.0,,3081000000.0,2317000000.0,1185000000.0,1310000000.0,2624000000.0,3008000000.0,1970000000.0,-578000000.0,-330000000.0,3810000000.0,3332000000.0,3062000000.0,1888000000.0,2374000000.0,1273000000.0,1278000000.0,1224000000.0,989000000.0,856000000.0,2537000000.0,2054000000.0,1838000000.0,899000000.0,1518000000.0,,2.98,1.91,-0.61,-0.27,
BLDR,0001316835,Builders FirstSource,Industrials,Building Products,15944360000.0,1227897000.0,2807312000.0,1576789000.0,387963000.0,1188826000.0,6.61,65651000.0,11323809000.0,7318634000.0,4005175000.0,408868000.0,107596457.0,2026-07-30,2026-07-23,SEC Company Facts,https://data.sec.gov/api/xbrl/companyfacts/CIK0001316835.json,2025-12-31,2024-12-31,2023-12-31,2022-12-31,2021-12-31,2026-02-17,2026-02-17,2026-02-17,2025-02-20,2024-02-22,15190638000.0,16400492000.0,17097330000.0,22726418000.0,19893856000.0,786276000.0,1595249000.0,2176319000.0,3770206000.0,2387424000.0,435199000.0,1077898000.0,1540555000.0,2749369000.0,1725416000.0,1215886000.0,1872692000.0,2306872000.0,3599231000.0,1743549000.0,362602000.0,380569000.0,476335000.0,340152000.0,227891000.0,853284000.0,1492123000.0,1830537000.0,3259079000.0,1515658000.0,3.89,9.06,11.94,16.82,8.48,
BLK,0002012383,BlackRock,Financials,Asset Management & Custody Banks,21573000000.0,7510000000.0,6532000000.0,4235000000.0,351000000.0,3884000000.0,41.37,10492000000.0,175875000000.0,111335000000.0,57613000000.0,12744000000.0,154926181.0,2026-08-06,2026-06-30,SEC Company Facts,https://data.sec.gov/api/xbrl/companyfacts/CIK0002012383.json,2025-12-31,2024-12-31,2023-12-31,2022-12-31,,2026-02-25,2026-02-25,2026-02-25,2025-02-25,,24216000000.0,20407000000.0,17859000000.0,17873000000.0,,7045000000.0,7574000000.0,6275000000.0,6385000000.0,,5942000000.0,6512000000.0,5676000000.0,4994000000.0,,3927000000.0,4956000000.0,4165000000.0,4956000000.0,,375000000.0,255000000.0,344000000.0,533000000.0,,3552000000.0,4701000000.0,3821000000.0,4423000000.0,,35.31,42.01,36.51,33.97,,
BMY,0000014272,Bristol Myers Squibb,Health Care,Pharmaceuticals,47704000000.0,,5066000000.0,15901000000.0,1323000000.0,14578000000.0,2.4899999999999998,8722000000.0,87634000000.0,65315000000.0,22319000000.0,43120000000.0,2042714656.0,2026-07-30,2026-07-22,SEC Company Facts,https://data.sec.gov/api/xbrl/companyfacts/CIK0000014272.json,2025-12-31,2024-12-31,2023-12-31,2022-12-31,2021-12-31,2026-02-11,2026-02-11,2026-02-11,2025-02-12,2024-02-13,48194000000.0,48300000000.0,45006000000.0,46159000000.0,46385000000.0,,,,,,7055000000.0,-8933000000.0,8040000000.0,6345000000.0,7014000000.0,14156000000.0,15190000000.0,13860000000.0,13066000000.0,16207000000.0,1311000000.0,1248000000.0,1209000000.0,1118000000.0,973000000.0,12845000000.0,13942000000.0,12651000000.0,11948000000.0,15234000000.0,3.46,-4.41,3.86,2.95,3.12,
BNY,0001390777,BNY Mellon,Financials,Asset Management & Custody Banks,,,5003000000.0,3847000000.0,1467000000.0,2380000000.0,6.539999999999999,7483000000.0,525019000000.0,479671000000.0,44664000000.0,30368000000.0,678504142.0,2026-07-31,2026-06-30,SEC Company Facts,https://data.sec.gov/api/xbrl/companyfacts/CIK0001390777.json,2025-12-31,2024-12-31,2023-12-31,2022-12-31,2021-12-31,2026-02-25,2026-02-25,2026-02-25,2025-02-27,2024-02-28,20080000000.0,18619000000.0,17697000000.0,16529000000.0,15931000000.0,,,,,,5583000000.0,4543000000.0,3304000000.0,2543000000.0,3771000000.0,6730000000.0,687000000.0,5912000000.0,15068000000.0,2838000000.0,1553000000.0,1469000000.0,1220000000.0,1346000000.0,1215000000.0,5177000000.0,-782000000.0,4692000000.0,13722000000.0,1623000000.0,7.4,5.8,3.89,2.88,4.14,
BR,0001383312,Broadridge Financial Solutions,Industrials,Data Processing & Outsourced Services,7476800000.0,1300600000.0,482100000.0,1345600000.0,67200000.0,1278400000.0,9.6,402900000.0,8945300000.0,6104700000.0,2840500000.0,3254600000.0,114021798.0,2026-08-04,2026-07-31,SEC Company Facts,https://data.sec.gov/api/xbrl/companyfacts/CIK0001383312.json,2026-06-30,2025-06-30,2024-06-30,2023-06-30,2022-06-30,2026-08-04,2026-08-04,2026-08-04,2025-08-05,2024-08-06,7476800000.0,6889100000.0,6506800000.0,6060900000.0,5709100000.0,1300600000.0,1188600000.0,1017100000.0,936400000.0,759900000.0,1124300000.0,839500000.0,698100000.0,630600000.0,539100000.0,1345600000.0,1171300000.0,1056200000.0,823300000.0,443500000.0,67200000.0,43800000.0,57400000.0,38400000.0,29000000.0,1278400000.0,1127500000.0,998800000.0,784900000.0,414500000.0,9.6,7.1,5.86,5.3,4.55,
BRK-B,0001067983,Berkshire Hathaway,Financials,Multi-Sector Holdings,245667000000.0,18986000000.0,63360000000.0,27412000000.0,19187000000.0,8225000000.0,,31583000000.0,1263071000000.0,512894000000.0,747910000000.0,,941481.0,2026-08-10,2026-06-30,SEC Company Facts,https://data.sec.gov/api/xbrl/companyfacts/CIK0001067983.json,2025-12-31,2024-12-31,2023-12-31,2022-12-31,2021-12-31,2026-03-02,2026-03-02,2026-03-02,2025-02-24,2024-02-26,247244000000.0,249714000000.0,254906000000.0,207771000000.0,191252000000.0,,,,,,67260000000.0,89561000000.0,97147000000.0,-21998000000.0,90949000000.0,45969000000.0,30592000000.0,49196000000.0,37350000000.0,39427000000.0,20927000000.0,18976000000.0,19409000000.0,15464000000.0,13276000000.0,25042000000.0,11616000000.0,29787000000.0,21886000000.0,26151000000.0,,,,,,
BRO,0000079282,Brown & Brown,Financials,Insurance Brokers,5059000000.0,,1018000000.0,1339000000.0,75000000.0,1264000000.0,3.4699999999999998,918000000.0,29887000000.0,3863400000.0,5578800000.0,7347212000.0,334610357.0,2026-07-27,2026-07-24,SEC Company Facts,https://data.sec.gov/api/xbrl/companyfacts/CIK0000079282.json,2025-12-31,2024-12-31,2023-12-31,2022-12-31,2021-12-31,2026-02-12,2026-02-12,2026-02-12,2025-02-13,2024-02-22,5902000000.0,4805000000.0,4257000000.0,3573000000.0,3051400000.0,,,,,,1067000000.0,1002000000.0,871000000.0,672000000.0,587100000.0,1450000000.0,1174000000.0,1010000000.0,881000000.0,808800000.0,68000000.0,82000000.0,69000000.0,52000000.0,45000000.0,1382000000.0,1092000000.0,941000000.0,829000000.0,763800000.0,3.16,3.46,3.05,2.37,2.07,
BSX,0000885725,Boston Scientific,Health Care,Health Care Equipment,18494000000.0,3148000000.0,2498000000.0,4285000000.0,800000000.0,3485000000.0,1.68,539000000.0,45216000000.0,20286000000.0,24930000000.0,4808000000.0,1449229526.0,2026-08-03,2026-07-30,SEC Company Facts,https://data.sec.gov/api/xbrl/companyfacts/CIK0000885725.json,2025-12-31,2024-12-31,2023-12-31,2022-12-31,2021-12-31,2026-02-17,2026-02-17,2026-02-17,2025-02-18,2024-02-20,20074000000.0,16747000000.0,14240000000.0,12682000000.0,11888000000.0,3613000000.0,2603000000.0,2343000000.0,1649000000.0,1199000000.0,2892000000.0,1846000000.0,1592000000.0,698000000.0,1041000000.0,4534000000.0,3435000000.0,2503000000.0,1526000000.0,1870000000.0,876000000.0,790000000.0,711000000.0,588000000.0,554000000.0,3658000000.0,2645000000.0,1792000000.0,938000000.0,1316000000.0,1.94,1.25,1.07,0.45,0.69,
BX,0001393818,Blackstone Inc.,Financials,Asset Management & Custody Banks,13747117000.0,,5728370000.0,3380976000.0,100697000.0,3280279000.0,3.7000000000000006,2507073000.0,49892220000.0,27458992000.0,9014543000.0,13318636000.0,750625114.0,2026-08-07,2026-07-31,SEC Company Facts,https://data.sec.gov/api/xbrl/companyfacts/CIK0001393818.json,2025-12-31,2024-12-31,2023-12-31,2022-12-31,2021-12-31,2026-02-27,2026-02-27,2026-02-27,2025-02-28,2024-02-23,14450265000.0,13229968000.0,8022841000.0,8517673000.0,22577148000.0,,,,,,6046623000.0,5437809000.0,2444253000.0,2988909000.0,12374995000.0,4663161000.0,3481662000.0,4056906000.0,6336253000.0,3985988000.0,115703000.0,61409000.0,224231000.0,235497000.0,64316000.0,4547458000.0,3420253000.0,3832675000.0,6100756000.0,3921672000.0,3.87,3.62,1.84,2.36,8.13,
BXP,0001037540,"BXP, Inc.",Real Estate,Office REITs,3501519000.0,878346000.0,441516000.0,798107000.0,,,2.02,493949000.0,25173869000.0,17436219000.0,5155145000.0,3300000000.0,159661556.0,2026-08-06,2026-07-31,SEC Company Facts,https://data.sec.gov/api/xbrl/companyfacts/CIK0001037540.json,2025-12-31,2024-12-31,2023-12-31,2022-12-31,2021-12-31,2026-02-27,2026-02-27,2026-02-27,2025-02-27,2024-02-27,3482279000.0,3407719000.0,3273569000.0,3108581000.0,2888621000.0,,,,,,383995000.0,84188000.0,291424000.0,1020584000.0,631932000.0,1245157000.0,1234501000.0,1301520000.0,1282399000.0,1133227000.0,,,,,,,,,,,1.74,0.09,1.21,5.4,3.17,
C,0000831001,Citigroup,Financials,Diversified Banks,85225000000.0,,14452000000.0,-67632000000.0,6520000000.0,-74152000000.0,6.99,188105000000.0,2657202000000.0,2443380000000.0,212291000000.0,315827000000.0,1749319009.0,2026-02-20,2026-01-31,SEC Company Facts,https://data.sec.gov/api/xbrl/companyfacts/CIK0000831001.json,2025-12-31,2024-12-31,2023-12-31,2022-12-31,2021-12-31,2026-02-20,2026-02-20,2026-02-20,2025-02-21,2024-02-23,85225000000.0,80722000000.0,78066000000.0,75338000000.0,71884000000.0,,,,,,14452000000.0,12833000000.0,9381000000.0,14934000000.0,22025000000.0,-67632000000.0,-19669000000.0,-73416000000.0,25069000000.0,47090000000.0,6520000000.0,6500000000.0,6583000000.0,5632000000.0,4119000000.0,-74152000000.0,-26169000000.0,-79999000000.0,19437000000.0,42971000000.0,6.99,5.94,4.04,7.0,10.14,
CAH,0000721371,Cardinal Health,Health Care,Health Care Distributors,254248000000.0,2613000000.0,1705000000.0,5174000000.0,649000000.0,4525000000.0,7.23,4856000000.0,57299000000.0,60182000000.0,-2883000000.0,2502000000.0,232575728.0,2026-08-11,2026-07-31,SEC Company Facts,https://data.sec.gov/api/xbrl/companyfacts/CIK0000721371.json,2026-06-30,2025-06-30,2024-06-30,2023-06-30,2022-06-30,2026-08-11,2026-08-11,2026-08-11,2025-08-12,2024-08-14,254248000000.0,222578000000.0,226827000000.0,204979000000.0,181326000000.0,2613000000.0,2275000000.0,1243000000.0,752000000.0,-607000000.0,1705000000.0,1569000000.0,853000000.0,331000000.0,-937000000.0,5174000000.0,2397000000.0,3762000000.0,2844000000.0,3175000000.0,649000000.0,547000000.0,511000000.0,481000000.0,387000000.0,4525000000.0,1850000000.0,3251000000.0,2363000000.0,2788000000.0,7.23,6.45,3.45,1.26,-3.37,
CARR,0001783180,Carrier Global,Industrials,Building Products,22284000000.0,2890000000.0,1790000000.0,1006000000.0,480000000.0,526000000.0,6.33,1371000000.0,37186000000.0,23385000000.0,2697000000.0,12158000000.0,830580423.0,2026-04-30,2026-04-15,SEC Company Facts,https://data.sec.gov/api/xbrl/companyfacts/CIK0001783180.json,2025-12-31,2024-12-31,2023-12-31,2022-12-31,2021-12-31,2026-02-05,2026-02-05,2026-02-05,2025-02-11,2024-02-06,21747000000.0,22486000000.0,18951000000.0,17288000000.0,20613000000.0,2172000000.0,2646000000.0,2160000000.0,3984000000.0,2645000000.0,1587000000.0,5708000000.0,1440000000.0,3584000000.0,1701000000.0,2513000000.0,563000000.0,2607000000.0,1743000000.0,2237000000.0,392000000.0,519000000.0,439000000.0,317000000.0,344000000.0,2121000000.0,44000000.0,2168000000.0,1426000000.0,1893000000.0,1.72,6.15,1.58,4.1,1.87,
CASY,0000726958,Casey's,Consumer Staples,Food Retail,17561101000.0,,714448000.0,1377540000.0,655920000.0,721620000.0,19.16,522991000.0,8936055000.0,4984336000.0,3951719000.0,2431594000.0,37004914.0,2026-06-22,2026-06-16,SEC Company Facts,https://data.sec.gov/api/xbrl/companyfacts/CIK0000726958.json,2026-04-30,2025-04-30,2024-04-30,2023-04-30,2022-04-30,2026-06-22,2026-06-22,2026-06-22,2025-06-23,2024-06-24,17561101000.0,15940899000.0,14862913000.0,15094475000.0,12952594000.0,,,,,,714448000.0,546520000.0,501972000.0,446691000.0,339790000.0,1377540000.0,1090854000.0,892953000.0,881951000.0,788741000.0,655920000.0,506224000.0,522004000.0,476568000.0,326475000.0,721620000.0,584630000.0,370949000.0,405383000.0,462266000.0,19.16,14.64,13.43,11.91,9.1,
CAT,0000018230,Caterpillar Inc.,Industrials,Construction Machinery & Heavy Transportation Equipment,63139000000.0,11510000000.0,9435000000.0,11373000000.0,2412000000.0,8961000000.0,19.64,6713000000.0,102609000000.0,83215000000.0,19394000000.0,30696000000.0,459674889.0,2026-08-05,2026-06-30,SEC Company Facts,https://data.sec.gov/api/xbrl/companyfacts/CIK0000018230.json,2025-12-31,2024-12-31,2023-12-31,2022-12-31,2021-12-31,2026-02-13,2026-02-13,2026-02-13,2025-02-14,2024-02-16,67589000000.0,64809000000.0,67060000000.0,59427000000.0,50971000000.0,11151000000.0,13072000000.0,12966000000.0,7904000000.0,6878000000.0,8882000000.0,10788000000.0,10332000000.0,6704000000.0,6493000000.0,11739000000.0,12035000000.0,12885000000.0,7766000000.0,7198000000.0,2821000000.0,1988000000.0,1597000000.0,1296000000.0,1093000000.0,8918000000.0,10047000000.0,11288000000.0,6470000000.0,6105000000.0,18.81,22.05,20.12,12.64,11.83,
CB,0000896159,Chubb Limited,Financials,Property & Casualty Insurance,56212000000.0,,8689000000.0,14528000000.0,,,20.759999999999998,2285000000.0,275456000000.0,195544000000.0,73788000000.0,15970000000.0,387860106.0,2026-04-28,2026-04-21,SEC Company Facts,https://data.sec.gov/api/xbrl/companyfacts/CIK0000896159.json,2025-12-31,2024-12-31,2023-12-31,2022-12-31,2021-12-31,2026-02-27,2026-02-27,2026-02-27,2025-02-27,2024-02-23,59402000000.0,55753000000.0,49735000000.0,43097000000.0,40869000000.0,,,,,,10622000000.0,9640000000.0,9015000000.0,5246000000.0,8525000000.0,12816000000.0,16182000000.0,12632000000.0,11258000000.0,11151000000.0,,,,,,,,,,,25.68,22.7,21.8,12.39,19.24,
CBOE,0001374310,Cboe Global Markets,Financials,Financial Exchanges & Data,2229100000.0,1298900000.0,900700000.0,-42300000.0,68300000.0,-110600000.0,8.52,2276200000.0,10609300000.0,4983500000.0,5625800000.0,1443800000.0,104431019.0,2026-07-31,2026-07-24,SEC Company Facts,https://data.sec.gov/api/xbrl/companyfacts/CIK0001374310.json,2025-12-31,2024-12-31,2023-12-31,2022-12-31,2021-12-31,2026-02-20,2026-02-20,2026-02-20,2025-02-21,2024-02-16,,,,,,1467100000.0,1098400000.0,1057900000.0,489600000.0,805900000.0,1100000000.0,764900000.0,761400000.0,235000000.0,529000000.0,1752600000.0,1100600000.0,1075600000.0,651100000.0,596800000.0,71000000.0,60900000.0,45000000.0,59800000.0,51000000.0,1681600000.0,1039700000.0,1030600000.0,591300000.0,545800000.0,10.42,7.21,7.13,2.19,4.92,
CBRE,0001138118,CBRE Group,Real Estate,Real Estate Services,37467000000.0,1613000000.0,1177000000.0,1424000000.0,230629000.0,1193371000.0,3.5600000000000005,1489000000.0,30471000000.0,21297000000.0,8398000000.0,7402914000.0,289575298.0,2026-07-29,2026-07-27,SEC Company Facts,https://data.sec.gov/api/xbrl/companyfacts/CIK0001138118.json,2025-12-31,2024-12-31,2023-12-31,2022-12-31,2021-12-31,2026-02-12,2026-02-12,2026-02-12,2025-02-14,2024-02-20,39900000000.0,35181000000.0,31505000000.0,30174000000.0,26950000000.0,1753000000.0,1413000000.0,1117000000.0,1512000000.0,1637000000.0,1277000000.0,1036000000.0,1027000000.0,1424000000.0,1842000000.0,1559000000.0,1708000000.0,480000000.0,1629000000.0,2364000000.0,366000000.0,307000000.0,305000000.0,260000000.0,210000000.0,1193000000.0,1401000000.0,175000000.0,1369000000.0,2154000000.0,3.85,3.14,3.15,4.29,5.41,
CCI,0001051470,Crown Castle,Real Estate,Telecom Tower REITs,205000000.0,2131000000.0,-4638000000.0,3049000000.0,170000000.0,2879000000.0,-10.670000000000002,1042000000.0,21512000000.0,24782000000.0,7089221000.0,8284623000.0,425455439.0,2026-08-05,2026-08-03,SEC Company Facts,https://data.sec.gov/api/xbrl/companyfacts/CIK0001051470.json,2025-12-31,2024-12-31,2023-12-31,2022-12-31,2021-12-31,2026-02-23,2026-02-23,2026-02-23,2025-03-14,2024-02-23,215000000.0,192000000.0,421000000.0,697000000.0,621000000.0,2075000000.0,2118000000.0,2097000000.0,2425000000.0,2001000000.0,444000000.0,-3903000000.0,1502000000.0,1675000000.0,1096000000.0,3057000000.0,2943000000.0,3126000000.0,2878000000.0,2789000000.0,182000000.0,176000000.0,243000000.0,1310000000.0,1229000000.0,2875000000.0,2767000000.0,2883000000.0,1568000000.0,1560000000.0,1.01,-8.98,3.46,3.86,2.53,
CCL,0000815097,Carnival Corporation,Consumer Discretionary,"Hotels, Resorts & Cruise Lines",25973000000.0,4215000000.0,1295000000.0,5433000000.0,2627000000.0,2806000000.0,1.9100000000000001,2243000000.0,52228000000.0,39260000000.0,12968000000.0,24889000000.0,1369649119.0,2026-06-26,2026-06-19,SEC Company Facts,https://data.sec.gov/api/xbrl/companyfacts/CIK0000815097.json,2025-11-30,2024-11-30,2023-11-30,2022-11-30,2021-11-30,2026-01-27,2026-01-27,2026-01-27,2025-01-27,2024-01-26,26622000000.0,25021000000.0,21593000000.0,12168000000.0,1908000000.0,4483000000.0,3574000000.0,1956000000.0,-4379000000.0,-7089000000.0,2760000000.0,1916000000.0,-74000000.0,-6093000000.0,-9501000000.0,6218000000.0,5923000000.0,4281000000.0,-1670000000.0,-4109000000.0,3611000000.0,4626000000.0,3284000000.0,4940000000.0,3607000000.0,2607000000.0,1297000000.0,997000000.0,-6610000000.0,-7716000000.0,2.02,1.44,-0.06,-5.16,-8.46,
CDNS,0000813672,Cadence Design Systems,Information Technology,Application Software,4874527000.0,1462327000.0,1081420000.0,1494340000.0,116002000.0,1378338000.0,3.9399999999999995,1406668000.0,12098354000.0,5536891000.0,6561463000.0,299879000.0,275816000.0,2026-05-01,2026-03-31,SEC Company Facts,https://data.sec.gov/api/xbrl/companyfacts/CIK0000813672.json,2025-12-31,2024-12-31,2023-12-31,2022-12-31,2022-01-01,2026-02-19,2026-02-19,2026-02-19,2025-02-21,2024-02-14,5296759000.0,4641264000.0,4089986000.0,3561718000.0,2988244000.0,1492042000.0,1350763000.0,1251225000.0,1073686000.0,779089000.0,1108888000.0,1055484000.0,1041144000.0,848952000.0,695955000.0,1728781000.0,1260551000.0,1349176000.0,1241894000.0,1100958000.0,141871000.0,142542000.0,102337000.0,123215000.0,65298000.0,1586910000.0,1118009000.0,1246839000.0,1118679000.0,1035660000.0,4.06,3.85,3.82,3.09,2.5,
CDW,0001402057,CDW Corporation,Information Technology,Technology Distributors,21878300000.0,1671800000.0,1076700000.0,1130500000.0,111600000.0,1018900000.0,8.04,361800000.0,17254800000.0,5981100000.0,2442100000.0,5817000000.0,125017426.0,2026-08-05,2026-07-31,SEC Company Facts,https://data.sec.gov/api/xbrl/companyfacts/CIK0001402057.json,2025-12-31,2024-12-31,2023-12-31,2022-12-31,2021-12-31,2026-02-20,2026-02-20,2026-02-20,2025-02-21,2024-02-26,22424100000.0,20998700000.0,21376000000.0,23748700000.0,20820800000.0,1655600000.0,1651300000.0,1680900000.0,1735200000.0,1419000000.0,1066600000.0,1077800000.0,1104300000.0,1114500000.0,988600000.0,1205200000.0,1277300000.0,1598700000.0,1335900000.0,784600000.0,117100000.0,122600000.0,148200000.0,127800000.0,100000000.0,1088100000.0,1154700000.0,1450500000.0,1208100000.0,684600000.0,8.08,7.97,8.1,8.13,7.04,
CEG,0001868275,Constellation Energy,Utilities,Electric Utilities,20568000000.0,3841000000.0,3008000000.0,456000000.0,2854000000.0,-2398000000.0,9.590000000000002,697000000.0,98253000000.0,65931000000.0,31977000000.0,19474000000.0,354307379.0,2026-08-06,2026-07-31,SEC Company Facts,https://data.sec.gov/api/xbrl/companyfacts/CIK0001868275.json,2025-12-31,2024-12-31,2023-12-31,2022-12-31,2021-12-31,2026-02-24,2026-02-24,2026-02-24,2025-02-18,2024-02-27,22663000000.0,18964000000.0,20841000000.0,21571000000.0,17254000000.0,3086000000.0,4352000000.0,1610000000.0,495000000.0,-346000000.0,2323000000.0,3738000000.0,1577000000.0,-167000000.0,-83000000.0,4237000000.0,-2464000000.0,-5301000000.0,-2353000000.0,-1338000000.0,2949000000.0,2565000000.0,2422000000.0,1689000000.0,1329000000.0,1288000000.0,-5029000000.0,-7723000000.0,-4042000000.0,-2667000000.0,7.4,11.89,5.01,-0.49,0.0,
CF,0001324404,CF Industries,Materials,Fertilizers & Agricultural Chemicals,6447000000.0,1908000000.0,1576000000.0,2500000000.0,713000000.0,1787000000.0,7.630000000000001,287000000.0,15099000000.0,9351000000.0,5748000000.0,3715000000.0,151338130.0,2026-08-06,2026-08-03,SEC Company Facts,https://data.sec.gov/api/xbrl/companyfacts/CIK0001324404.json,2025-12-31,2024-12-31,2023-12-31,2022-12-31,2021-12-31,2026-02-25,2026-02-25,2026-02-25,2025-02-20,2024-02-22,7084000000.0,5936000000.0,6631000000.0,11186000000.0,6538000000.0,2300000000.0,1746000000.0,2230000000.0,5397000000.0,1729000000.0,1798000000.0,1477000000.0,1838000000.0,3937000000.0,1260000000.0,2752000000.0,2271000000.0,2757000000.0,3855000000.0,2873000000.0,950000000.0,518000000.0,499000000.0,453000000.0,514000000.0,1802000000.0,1753000000.0,2258000000.0,3402000000.0,2359000000.0,8.97,6.74,7.87,16.38,4.24,
CFG,0000759944,Citizens Financial Group,Financials,Regional Banks,1514000000.0,,1592000000.0,1286000000.0,126000000.0,1160000000.0,3.28,4074000000.0,233836000000.0,207653000000.0,26183000000.0,15190000000.0,421176788.0,2026-08-03,2026-07-24,SEC Company Facts,https://data.sec.gov/api/xbrl/companyfacts/CIK0000759944.json,2025-12-31,2024-12-31,2023-12-31,2022-12-31,2021-12-31,2026-02-12,2026-02-12,2026-02-12,2025-02-13,2024-02-16,1635000000.0,1533000000.0,1266000000.0,1299000000.0,1325000000.0,,,,,,1831000000.0,1509000000.0,1608000000.0,2073000000.0,2319000000.0,2211000000.0,2001000000.0,2961000000.0,4119000000.0,2275000000.0,,,,,,,,,,,3.86,3.03,3.13,4.1,5.16,
CHD,0000313927,Church & Dwight,Consumer Staples,Household Products,6066000000.0,722200000.0,785900000.0,1072800000.0,142200000.0,930600000.0,2.12,254800000.0,9105700000.0,4757900000.0,4347800000.0,2206300000.0,237203907.0,2026-07-31,2026-07-29,SEC Company Facts,https://data.sec.gov/api/xbrl/companyfacts/CIK0000313927.json,2025-12-31,2024-12-31,2023-12-31,2022-12-31,2021-12-31,2026-02-12,2026-02-12,2026-02-12,2025-02-13,2024-02-15,6203200000.0,6107100000.0,5867900000.0,5375600000.0,5190100000.0,1077600000.0,807100000.0,1057400000.0,597800000.0,1079100000.0,736800000.0,585300000.0,755600000.0,413900000.0,827500000.0,1215400000.0,1156200000.0,1030600000.0,885200000.0,993800000.0,122400000.0,179800000.0,223500000.0,178800000.0,118800000.0,1093000000.0,976400000.0,807100000.0,706400000.0,875000000.0,3.02,2.37,3.05,1.68,3.32,
CHRW,0001043277,C.H. Robinson,Industrials,Air Freight & Logistics,17012580000.0,756690000.0,534308000.0,709644000.0,18055000.0,691589000.0,4.4,154590000.0,5843506000.0,4215816000.0,1627690000.0,1685017000.0,116851258.0,2026-07-31,2026-07-29,SEC Company Facts,https://data.sec.gov/api/xbrl/companyfacts/CIK0001043277.json,2025-12-31,2024-12-31,2023-12-31,2022-12-31,2021-12-31,2026-02-13,2026-02-13,2026-02-13,2025-02-14,2024-02-16,16232763000.0,17724956000.0,17596443000.0,24696625000.0,23102138000.0,794961000.0,669141000.0,514607000.0,1266782000.0,1082108000.0,587081000.0,465690000.0,325129000.0,940524000.0,844245000.0,914519000.0,509084000.0,731946000.0,1650171000.0,94955000.0,19628000.0,22653000.0,29989000.0,61915000.0,34197000.0,894891000.0,486431000.0,701957000.0,1588256000.0,60758000.0,4.83,3.86,2.72,7.4,6.31,
CHTR,0001091667,Charter Communications,Communication Services,Cable & Satellite,55222000000.0,13240000000.0,6054000000.0,15201000000.0,10898000000.0,4303000000.0,36.53,509000000.0,155618000000.0,138666000000.0,16952000000.0,99960000000.0,270927828.0,2026-07-24,2026-06-30,SEC Company Facts,https://data.sec.gov/api/xbrl/companyfacts/CIK0001091667.json,2025-12-31,2024-12-31,2023-12-31,2022-12-31,2021-12-31,2026-01-30,2026-01-30,2026-01-30,2025-01-31,2024-02-02,54774000000.0,55085000000.0,54607000000.0,54022000000.0,51682000000.0,12908000000.0,13118000000.0,12559000000.0,11962000000.0,10526000000.0,5766000000.0,5853000000.0,5261000000.0,5849000000.0,5320000000.0,16077000000.0,14430000000.0,14433000000.0,14925000000.0,16239000000.0,11659000000.0,11269000000.0,11115000000.0,9376000000.0,7635000000.0,4418000000.0,3161000000.0,3318000000.0,5549000000.0,8604000000.0,36.21,34.97,29.99,30.74,24.47,
CI,0001739940,Cigna,Health Care,Health Care Services,262023000000.0,9026000000.0,5402000000.0,5292000000.0,1050000000.0,4242000000.0,18.240000000000002,6298000000.0,157082000000.0,114172000000.0,42620000000.0,42315000000.0,264240486.0,2026-07-30,2026-07-24,SEC Company Facts,https://data.sec.gov/api/xbrl/companyfacts/CIK0001739940.json,2025-12-31,2024-12-31,2023-12-31,2022-12-31,2021-12-31,2026-02-26,2026-02-26,2026-02-26,2025-02-27,2024-02-29,274900000000.0,247121000000.0,195265000000.0,180518000000.0,174069000000.0,9200000000.0,9417000000.0,8536000000.0,8450000000.0,7941000000.0,6288000000.0,3778000000.0,5372000000.0,6782000000.0,5420000000.0,9601000000.0,10363000000.0,11813000000.0,8656000000.0,7191000000.0,,,,,,,,,,,22.18,12.12,17.39,21.41,15.75,
CIEN,0000936395,Ciena,Information Technology,Communications Equipment,4264558000.0,199458000.0,709782000.0,450652000.0,158763000.0,291889000.0,0.73,1045126000.0,6039449000.0,3147224000.0,2892225000.0,1531119000.0,141552922.0,2026-06-04,2026-05-29,SEC Company Facts,https://data.sec.gov/api/xbrl/companyfacts/CIK0000936395.json,2025-11-01,2024-11-02,2023-10-28,2022-10-29,2021-10-30,2025-12-12,2025-12-12,2025-12-12,2024-12-20,2023-12-15,4769507000.0,4014955000.0,4386549000.0,3632661000.0,3620684000.0,197531000.0,166617000.0,357545000.0,222808000.0,495356000.0,123338000.0,83956000.0,254827000.0,152902000.0,500196000.0,806093000.0,514532000.0,168332000.0,-167756000.0,541646000.0,140801000.0,136641000.0,106197000.0,90818000.0,79550000.0,665292000.0,377891000.0,62135000.0,-258574000.0,462096000.0,0.85,0.58,1.71,1.0,3.19,
CINF,0000020286,Cincinnati Financial,Financials,Property & Casualty Insurance,,,1820000000.0,2605000000.0,17000000.0,2588000000.0,11.530000000000001,1750000000.0,43231000000.0,26560000000.0,16671000000.0,791000000.0,153478045.0,2026-07-27,2026-07-22,SEC Company Facts,https://data.sec.gov/api/xbrl/companyfacts/CIK0000020286.json,2025-12-31,2024-12-31,2023-12-31,2022-12-31,2021-12-31,2026-02-23,2026-02-23,2026-02-23,2025-02-24,2024-02-26,12631000000.0,11337000000.0,10013000000.0,6563000000.0,9626000000.0,,,,,,2393000000.0,2292000000.0,1843000000.0,-487000000.0,2968000000.0,3112000000.0,2649000000.0,2052000000.0,2052000000.0,1981000000.0,20000000.0,22000000.0,18000000.0,15000000.0,15000000.0,3092000000.0,2627000000.0,2034000000.0,2037000000.0,1966000000.0,15.17,14.53,11.66,-3.06,18.24,
CL,0000021665,Colgate-Palmolive,Consumer Staples,Household Products,19998000000.0,4285000000.0,3053000000.0,3920000000.0,696000000.0,3224000000.0,3.5599999999999996,1370000000.0,16790000000.0,16224000000.0,236000000.0,8938000000.0,797172829.0,2026-07-31,2026-06-30,SEC Company Facts,https://data.sec.gov/api/xbrl/companyfacts/CIK0000021665.json,2025-12-31,2024-12-31,2023-12-31,2022-12-31,2021-12-31,2026-02-23,2026-02-23,2026-02-23,2025-02-13,2024-02-15,20382000000.0,20101000000.0,19457000000.0,17967000000.0,17421000000.0,3306000000.0,4268000000.0,3984000000.0,2893000000.0,3332000000.0,2261000000.0,3049000000.0,2455000000.0,1967000000.0,2338000000.0,4198000000.0,4107000000.0,3745000000.0,2556000000.0,3325000000.0,564000000.0,561000000.0,705000000.0,696000000.0,567000000.0,3634000000.0,3546000000.0,3040000000.0,1860000000.0,2758000000.0,2.63,3.51,2.77,2.13,2.55,
CLX,0000021076,Clorox,Consumer Staples,Household Products,7019000000.0,,709000000.0,1027000000.0,226000000.0,801000000.0,5.57,1187000000.0,6436000000.0,6344000000.0,-67000000.0,3125000000.0,120921351.0,2026-04-30,2026-04-16,SEC Company Facts,https://data.sec.gov/api/xbrl/companyfacts/CIK0000021076.json,2025-06-30,2024-06-30,2023-06-30,2022-06-30,2021-06-30,2025-08-08,2025-08-08,2025-08-08,2024-08-08,2023-08-10,7104000000.0,7093000000.0,7389000000.0,7107000000.0,7341000000.0,,,,,,824000000.0,292000000.0,161000000.0,471000000.0,719000000.0,981000000.0,695000000.0,1158000000.0,786000000.0,1276000000.0,220000000.0,212000000.0,228000000.0,251000000.0,331000000.0,761000000.0,483000000.0,930000000.0,535000000.0,945000000.0,6.52,2.25,1.2,3.73,5.58,
CMCSA,0001166691,Comcast,Communication Services,Cable & Satellite,124184000000.0,22502000000.0,22601000000.0,31210000000.0,11757000000.0,19453000000.0,6.03,7661000000.0,257548000000.0,167785000000.0,89763000000.0,6117000000.0,2063073161.0,2026-07-23,2026-06-30,SEC Company Facts,https://data.sec.gov/api/xbrl/companyfacts/CIK0001166691.json,2025-12-31,2024-12-31,2023-12-31,2022-12-31,2021-12-31,2026-02-03,2026-02-03,2026-02-03,2025-01-31,2024-01-31,123707000000.0,123731000000.0,121572000000.0,121427000000.0,116385000000.0,20672000000.0,23297000000.0,23314000000.0,14041000000.0,20817000000.0,19660000000.0,15877000000.0,15107000000.0,4925000000.0,13833000000.0,33643000000.0,27673000000.0,28501000000.0,26413000000.0,29146000000.0,11750000000.0,12181000000.0,12242000000.0,10626000000.0,9174000000.0,21893000000.0,15492000000.0,16259000000.0,15787000000.0,19972000000.0,5.39,4.14,3.71,1.21,3.04,
CME,0001156375,CME Group,Financials,Financial Exchanges & Data,6444000000.0,4208600000.0,3626800000.0,4196000000.0,88600000.0,4107400000.0,10.33,2144200000.0,194676600000.0,168156200000.0,26520400000.0,,66643583.0,2026-07-24,2026-06-30,SEC Company Facts,https://data.sec.gov/api/xbrl/companyfacts/CIK0001156375.json,2025-12-31,2024-12-31,2023-12-31,2022-12-31,2021-12-31,2026-02-26,2026-02-26,2026-02-26,2026-02-26,2026-02-26,6520600000.0,6130100000.0,5578900000.0,5019400000.0,4689700000.0,4229500000.0,3931500000.0,3435700000.0,3015900000.0,2645200000.0,4072200000.0,3525800000.0,3226200000.0,2691000000.0,2637000000.0,4277100000.0,3690500000.0,3453800000.0,3056000000.0,2402400000.0,83500000.0,94000000.0,76400000.0,89700000.0,127200000.0,4193600000.0,3596500000.0,3377400000.0,2966300000.0,2275200000.0,11.16,9.67,8.86,7.4,7.29,
CMG,0001058090,Chipotle Mexican Grill,Consumer Discretionary,Restaurants,11577533000.0,1927295000.0,1541878000.0,2091666000.0,625805000.0,1465861000.0,1.1300000000000003,228199000.0,8864585000.0,6664794000.0,2199791000.0,0.0,1265418000.0,2026-07-31,2026-07-24,SEC Company Facts,https://data.sec.gov/api/xbrl/companyfacts/CIK0001058090.json,2025-12-31,2024-12-31,2023-12-31,2022-12-31,2021-12-31,2026-02-04,2026-02-04,2026-02-04,2025-02-05,2024-02-08,11925601000.0,11313853000.0,9871649000.0,8634652000.0,7547061000.0,1935798000.0,1916333000.0,1557813000.0,1160403000.0,804943000.0,1535761000.0,1534110000.0,1228737000.0,899101000.0,652984000.0,2113926000.0,2105076000.0,1783477000.0,1323179000.0,1282081000.0,666336000.0,593603000.0,560731000.0,479164000.0,442475000.0,1447590000.0,1511473000.0,1222746000.0,844015000.0,839606000.0,1.14,1.11,0.89,0.64,22.9,
CMI,0000026172,Cummins,Industrials,Construction Machinery & Heavy Transportation Equipment,34672000000.0,4142000000.0,3066000000.0,2844000000.0,1192000000.0,1652000000.0,21.33,3179000000.0,35630000000.0,21724000000.0,12847000000.0,1518000000.0,137664487.0,2026-08-04,2026-06-30,SEC Company Facts,https://data.sec.gov/api/xbrl/companyfacts/CIK0000026172.json,2025-12-31,2024-12-31,2023-12-31,2022-12-31,2021-12-31,2026-02-10,2026-02-10,2026-02-10,2025-02-11,2024-02-12,33670000000.0,34102000000.0,34065000000.0,28074000000.0,24021000000.0,4025000000.0,3750000000.0,1761000000.0,2929000000.0,2706000000.0,2957000000.0,4068000000.0,840000000.0,2183000000.0,2164000000.0,3621000000.0,1487000000.0,3966000000.0,1962000000.0,2256000000.0,1235000000.0,1208000000.0,1213000000.0,916000000.0,734000000.0,2386000000.0,279000000.0,2753000000.0,1046000000.0,1522000000.0,20.5,28.37,5.15,15.12,14.61,
CMS,0000811156,CMS Energy,Utilities,Multi-Utilities,7796000000.0,1603000000.0,990000000.0,2121000000.0,2852000000.0,-731000000.0,3.3899999999999997,241000000.0,40905000000.0,31131000000.0,9774000000.0,19246000000.0,313577136.0,2026-07-28,2026-07-13,SEC Company Facts,https://data.sec.gov/api/xbrl/companyfacts/CIK0000811156.json,2025-12-31,2024-12-31,2023-12-31,2022-12-31,2021-12-31,2026-02-10,2026-02-10,2026-02-10,2025-02-11,2024-02-08,8305000000.0,7320000000.0,7261000000.0,8320000000.0,7075000000.0,1727000000.0,1487000000.0,1235000000.0,1224000000.0,1146000000.0,1002000000.0,947000000.0,808000000.0,813000000.0,1330000000.0,2235000000.0,2370000000.0,2309000000.0,855000000.0,1819000000.0,,,,2374000000.0,2076000000.0,,,,-1519000000.0,-257000000.0,3.53,3.33,3.01,2.85,4.66,
CNC,0001071739,Centene Corporation,Health Care,Managed Health Care,158151000000.0,1916000000.0,2045000000.0,1730000000.0,650000000.0,1080000000.0,4.119999999999999,24151000000.0,83012000000.0,60355000000.0,22562000000.0,16105000000.0,493995000.0,2026-07-28,2026-07-24,SEC Company Facts,https://data.sec.gov/api/xbrl/companyfacts/CIK0001071739.json,2025-12-31,2024-12-31,2023-12-31,2022-12-31,2021-12-31,2026-02-17,2026-02-17,2026-02-17,2025-02-18,2024-02-20,174581000000.0,145505000000.0,140095000000.0,135479000000.0,117983000000.0,-7623000000.0,3175000000.0,2930000000.0,1318000000.0,1784000000.0,-6677000000.0,3294000000.0,2699000000.0,1202000000.0,1336000000.0,5088000000.0,154000000.0,8053000000.0,6261000000.0,4205000000.0,767000000.0,644000000.0,799000000.0,1004000000.0,910000000.0,4321000000.0,-490000000.0,7254000000.0,5257000000.0,3295000000.0,-13.53,6.31,4.95,2.07,2.28,
CNP,0001130310,CenterPoint Energy,Utilities,Multi-Utilities,8914000000.0,2023000000.0,437000000.0,2011000000.0,4706000000.0,-2695000000.0,1.4800000000000002,639000000.0,47837000000.0,36388000000.0,11449000000.0,24890000000.0,654169480.0,2026-04-23,2026-04-15,SEC Company Facts,https://data.sec.gov/api/xbrl/companyfacts/CIK0001130310.json,2025-12-31,2024-12-31,2023-12-31,2022-12-31,2021-12-31,2026-02-19,2026-02-19,2026-02-19,2025-02-20,2024-02-20,9337000000.0,8552000000.0,8612000000.0,9327000000.0,8256000000.0,2110000000.0,1990000000.0,1760000000.0,1566000000.0,1363000000.0,1052000000.0,1019000000.0,917000000.0,1057000000.0,1486000000.0,2486000000.0,2139000000.0,3877000000.0,1810000000.0,22000000.0,4870000000.0,4513000000.0,4401000000.0,4419000000.0,3164000000.0,-2384000000.0,-2374000000.0,-524000000.0,-2609000000.0,-3142000000.0,1.6,1.58,1.37,1.59,2.28,
COF,0000927628,Capital One,Financials,Consumer Finance,6014000000.0,,4874000000.0,19816000000.0,1305000000.0,18511000000.0,11.91,79256000000.0,682905000000.0,570644000000.0,112261000000.0,43878000000.0,622292783.0,2026-05-07,2026-04-30,SEC Company Facts,https://data.sec.gov/api/xbrl/companyfacts/CIK0000927628.json,2025-12-31,2024-12-31,2023-12-31,2022-12-31,2021-12-31,2026-02-19,2026-02-19,2026-02-19,2025-02-20,2024-02-23,8062000000.0,5915000000.0,5645000000.0,5417000000.0,4780000000.0,,,,,,2453000000.0,4750000000.0,4887000000.0,7360000000.0,12390000000.0,27718000000.0,18159000000.0,20575000000.0,13809000000.0,12310000000.0,1578000000.0,1204000000.0,961000000.0,934000000.0,698000000.0,26140000000.0,16955000000.0,19614000000.0,12875000000.0,11612000000.0,4.03,11.59,11.95,17.91,26.94,
COHR,0000820318,Coherent Corp.,Information Technology,Electronic Components,7118181000.0,96121000.0,786884000.0,79514000.0,1102909000.0,-1023395000.0,4.12,1162018000.0,18299852000.0,7061652000.0,10903495000.0,3222224000.0,195832246.0,2026-08-14,2026-08-10,SEC Company Facts,https://data.sec.gov/api/xbrl/companyfacts/CIK0000820318.json,2026-06-30,2025-06-30,2024-06-30,2023-06-30,2022-06-30,2026-08-14,2026-08-14,2026-08-14,2025-08-15,2024-08-16,7118181000.0,5810115000.0,4707688000.0,5160100000.0,3316616000.0,,,96121000.0,-37120000.0,414294000.0,786884000.0,30057000.0,-158764000.0,-259458000.0,234759000.0,79514000.0,633600000.0,545731000.0,634025000.0,413332000.0,1102909000.0,440836000.0,346816000.0,436060000.0,314332000.0,-1023395000.0,192764000.0,198915000.0,197965000.0,99000000.0,4.12,-0.52,-1.84,-2.93,1.45,
COIN,0001679788,Coinbase,Financials,Financial Exchanges & Data,7008333000.0,1884738000.0,2861179000.0,3301025000.0,5029000.0,3295996000.0,10.38,8614065000.0,26460286000.0,13380621000.0,13079665000.0,5944232000.0,,2026-07-30,2026-06-30,SEC Company Facts,https://data.sec.gov/api/xbrl/companyfacts/CIK0001679788.json,2025-12-31,2024-12-31,2023-12-31,2022-12-31,2021-12-31,2026-02-12,2026-02-12,2026-02-12,2025-02-13,2024-02-15,7181325000.0,6564028000.0,3108383000.0,3194208000.0,7839444000.0,1435441000.0,2307160000.0,-161662000.0,-2710208000.0,3076570000.0,1260327000.0,2579066000.0,94871000.0,-2624949000.0,3624120000.0,2426383000.0,3103935000.0,673376000.0,-1585419000.0,4038172000.0,,,,2933000.0,2910000.0,,,,-1588352000.0,4035262000.0,4.45,9.48,0.37,-11.83,14.5,
COO,0000711404,Cooper Companies (The),Health Care,Health Care Supplies,3988200000.0,757700000.0,2944700000.0,762400000.0,396500000.0,365900000.0,2.07,138800000.0,12482300000.0,4243200000.0,8238900000.0,2458400000.0,195030630.0,2026-06-05,2026-06-01,SEC Company Facts,https://data.sec.gov/api/xbrl/companyfacts/CIK0000711404.json,2025-10-31,2024-10-31,2023-10-31,2022-10-31,2021-10-31,2025-12-05,2025-12-05,2025-12-05,2024-12-06,2023-12-08,4092400000.0,3895400000.0,3593200000.0,3308400000.0,2922500000.0,682900000.0,705700000.0,533100000.0,507600000.0,505800000.0,374900000.0,392300000.0,294200000.0,385800000.0,2944700000.0,796100000.0,709300000.0,607500000.0,692400000.0,738600000.0,362400000.0,421200000.0,392500000.0,242000000.0,214400000.0,433700000.0,288100000.0,215000000.0,450400000.0,524200000.0,1.87,1.96,1.48,1.94,59.16,
COP,0001163165,ConocoPhillips,Energy,Oil & Gas Exploration & Production,51551000000.0,,9185000000.0,19820000000.0,10159000000.0,9661000000.0,7.46,6574000000.0,124261000000.0,58912000000.0,65349000000.0,22797000000.0,1201337479.0,2026-08-06,2026-06-30,SEC Company Facts,https://data.sec.gov/api/xbrl/companyfacts/CIK0001163165.json,2025-12-31,2024-12-31,2023-12-31,2022-12-31,2021-12-31,2026-02-17,2026-02-17,2026-02-17,2025-02-18,2024-02-15,51824000000.0,49418000000.0,48522000000.0,61049000000.0,34590000000.0,,,,,,7988000000.0,9245000000.0,10957000000.0,18680000000.0,8079000000.0,19796000000.0,20124000000.0,19965000000.0,28314000000.0,16996000000.0,,,,10159000000.0,5324000000.0,,,,18155000000.0,11672000000.0,6.35,7.81,9.06,14.57,6.07,
COR,0001140859,Cencora,Health Care,Health Care Distributors,316654371000.0,2736737000.0,1908351000.0,1742082000.0,600493000.0,1141589000.0,9.74,2815291000.0,83805553000.0,80754595000.0,3050958000.0,11723241000.0,190827165.0,2026-08-05,2026-07-31,SEC Company Facts,https://data.sec.gov/api/xbrl/companyfacts/CIK0001140859.json,2025-09-30,2024-09-30,2023-09-30,2022-09-30,2021-09-30,2025-11-25,2025-11-25,2025-11-25,2024-11-26,2023-11-21,321332819000.0,293958599000.0,262173411000.0,238587006000.0,213988843000.0,2628601000.0,2175249000.0,2340731000.0,2366378000.0,2354197000.0,1567814000.0,1519273000.0,1732576000.0,1666540000.0,1544608000.0,3875120000.0,3484685000.0,3911334000.0,2703088000.0,2666586000.0,667981000.0,487173000.0,458359000.0,496318000.0,438217000.0,3207139000.0,2997512000.0,3452975000.0,2206770000.0,2228369000.0,7.96,7.53,8.53,8.04,7.39,
COST,0000909832,Costco,Consumer Staples,Consumer Staples Merchandise Retail,268776000000.0,10084000000.0,8099000000.0,12426000000.0,5109000000.0,7317000000.0,17.63,18946000000.0,86430000000.0,52921000000.0,33509000000.0,5670000000.0,443478804.0,2026-06-03,2026-05-27,SEC Company Facts,https://data.sec.gov/api/xbrl/companyfacts/CIK0000909832.json,2025-08-31,2024-09-01,2023-09-03,2022-08-28,2021-08-29,2025-10-08,2025-10-08,2025-10-08,2024-10-09,2023-10-11,275235000000.0,254453000000.0,242290000000.0,226954000000.0,195929000000.0,10383000000.0,9285000000.0,8114000000.0,7793000000.0,6708000000.0,8099000000.0,7367000000.0,6292000000.0,5915000000.0,5079000000.0,13335000000.0,11339000000.0,11068000000.0,7392000000.0,8958000000.0,5498000000.0,4710000000.0,4323000000.0,3891000000.0,3588000000.0,7837000000.0,6629000000.0,6745000000.0,3501000000.0,5370000000.0,18.21,16.56,14.16,13.14,11.27,
CPAY,0001175454,Corpay,Financials,Transaction & Payment Processing Services,,1862994000.0,1050219000.0,2115556000.0,187294000.0,1928262000.0,14.71,3163539000.0,28224167000.0,24682283000.0,3541884000.0,4985305000.0,65659599.0,2026-08-10,2026-07-31,SEC Company Facts,https://data.sec.gov/api/xbrl/companyfacts/CIK0001175454.json,2025-12-31,2024-12-31,2023-12-31,2022-12-31,2021-12-31,2026-02-27,2026-02-27,2026-02-27,2025-02-27,2024-02-29,4528403000.0,3974589000.0,3757719000.0,3427129000.0,2833736000.0,1994108000.0,1787157000.0,1656873000.0,1446641000.0,1242556000.0,1071948000.0,1003732000.0,981890000.0,954327000.0,839497000.0,1499901000.0,1940565000.0,2101132000.0,754797000.0,1197063000.0,200756000.0,175176000.0,153822000.0,151428000.0,111530000.0,1299145000.0,1765389000.0,1947310000.0,603369000.0,1085533000.0,15.03,13.97,13.2,12.42,9.99,
CPRT,0000900075,Copart,Industrials,Diversified Support Services,1660698000.0,1643667000.0,1475233000.0,1800495000.0,619235000.0,1181260000.0,1.51,2114183000.0,9649036000.0,857591000.0,5987440000.0,11006000.0,925811482.0,2026-05-29,2026-05-27,SEC Company Facts,https://data.sec.gov/api/xbrl/companyfacts/CIK0000900075.json,2025-07-31,2024-07-31,2023-07-31,2022-07-31,2021-07-31,2025-09-26,2025-09-26,2025-09-26,2024-09-30,2023-09-28,,,,,,1696714000.0,1572023000.0,1486569000.0,1374997000.0,1136426000.0,1548363000.0,1362347000.0,1237741000.0,1090130000.0,936495000.0,1799750000.0,1472564000.0,1364210000.0,1176683000.0,990891000.0,568990000.0,510990000.0,516636000.0,337448000.0,462996000.0,1230760000.0,961574000.0,847574000.0,839235000.0,527895000.0,1.59,1.4,1.28,1.13,0.97,
CPT,0000906345,Camden Property Trust,Real Estate,Multi-Family Residential REITs,8367000.0,,163632000.0,792797000.0,,,1.4300000000000002,44717000.0,9456080000.0,5577765000.0,3802124000.0,4848300000.0,100539350.0,2026-07-31,2026-07-24,SEC Company Facts,https://data.sec.gov/api/xbrl/companyfacts/CIK0000906345.json,2025-12-31,2024-12-31,2023-12-31,2022-12-31,2021-12-31,2026-02-12,2026-02-12,2026-02-12,2025-02-20,2024-02-22,12967000.0,7137000.0,3451000.0,5188000.0,10532000.0,,,,,,394898000.0,170840000.0,410553000.0,661508000.0,312376000.0,826621000.0,774877000.0,794950000.0,744712000.0,577467000.0,,,,,,,,,,,3.54,1.5,3.7,6.04,2.96,
CRH,0000849395,CRH plc,Materials,Construction Materials,36347000000.0,5021000000.0,3332000000.0,4935000000.0,2713000000.0,2222000000.0,4.77,3025000000.0,58552000000.0,33017000000.0,24035000000.0,17926000000.0,665284511.0,2026-07-30,2026-07-20,SEC Company Facts,https://data.sec.gov/api/xbrl/companyfacts/CIK0000849395.json,2025-12-31,2024-12-31,2023-12-31,2022-12-31,2021-12-31,2026-02-18,2026-02-18,2026-02-18,2025-02-26,2024-02-29,37447000000.0,35572000000.0,34949000000.0,32723000000.0,29206000000.0,5440000000.0,4925000000.0,4186000000.0,3809000000.0,3327000000.0,3790000000.0,3521000000.0,3072000000.0,3889000000.0,2686000000.0,5625000000.0,4989000000.0,5017000000.0,3800000000.0,3979000000.0,2713000000.0,2578000000.0,1817000000.0,1523000000.0,1554000000.0,2912000000.0,2411000000.0,3200000000.0,2277000000.0,2425000000.0,5.51,5.02,4.33,5.11,3.32,
CRL,0001100682,Charles River Laboratories,Health Care,Life Sciences Tools & Services,4028615000.0,124521000.0,-64881000.0,787454000.0,208959000.0,578495000.0,-1.29,192025000.0,7532145000.0,4643618000.0,2839636000.0,1632220000.0,47738872.0,2026-08-05,2026-07-25,SEC Company Facts,https://data.sec.gov/api/xbrl/companyfacts/CIK0001100682.json,2025-12-27,2024-12-28,2023-12-30,2022-12-31,2021-12-25,2026-02-18,2026-02-18,2026-02-18,2025-02-19,2024-02-14,4015382000.0,4049989000.0,4129409000.0,3976060000.0,3540160000.0,25162000.0,227347000.0,617261000.0,650975000.0,589862000.0,-142163000.0,25291000.0,480370000.0,492608000.0,398837000.0,737646000.0,734577000.0,683898000.0,619640000.0,760799000.0,219152000.0,232967000.0,318528000.0,324733000.0,228772000.0,518494000.0,501610000.0,365370000.0,294907000.0,532027000.0,-2.91,0.2,9.22,9.48,7.6,
CRM,0001108524,Salesforce,Information Technology,Application Software,38591000000.0,7438000000.0,-31577000.0,13321000000.0,674000000.0,12647000000.0,6.390000000000001,8935000000.0,106680000000.0,72445000000.0,34235000000.0,39280000000.0,819000000.0,2026-05-28,2026-05-21,SEC Company Facts,https://data.sec.gov/api/xbrl/companyfacts/CIK0001108524.json,2026-01-31,2025-01-31,2024-01-31,2023-01-31,2022-01-31,2026-03-02,2026-03-02,2026-03-02,2025-03-05,2024-03-06,41525000000.0,37895000000.0,34857000000.0,31352000000.0,26492000000.0,8331000000.0,7205000000.0,5011000000.0,1030000000.0,548000000.0,7457000000.0,6197000000.0,4136000000.0,208000000.0,1444000000.0,14996000000.0,13092000000.0,10234000000.0,7111000000.0,6000000000.0,594000000.0,658000000.0,736000000.0,798000000.0,717000000.0,14402000000.0,12434000000.0,9498000000.0,6313000000.0,5283000000.0,7.8,6.36,4.2,0.21,1.48,
CRWD,0001535527,CrowdStrike,Information Technology,Systems Software,,-242049000.0,-163880000.0,1382606000.0,290920000.0,1091686000.0,-0.65,4552801000.0,11270100000.0,6594768000.0,4633877000.0,745843000.0,254564820.0,2026-06-04,2026-05-28,SEC Company Facts,https://data.sec.gov/api/xbrl/companyfacts/CIK0001535527.json,2026-01-31,2025-01-31,2024-01-31,2023-01-31,2022-01-31,2026-03-05,2026-03-05,2026-03-05,2025-03-10,2024-03-07,,,,,,-293292000.0,-116400000.0,-19141000.0,-190112000.0,-142548000.0,-161165000.0,-12566000.0,73439000.0,-182285000.0,-232378000.0,1612349000.0,1381727000.0,1166207000.0,941007000.0,574784000.0,302108000.0,254852000.0,176529000.0,235019000.0,112143000.0,1310241000.0,1126875000.0,989678000.0,705988000.0,462641000.0,-0.65,-0.06,0.3,-0.79,-1.03,
CSCO,0000858877,Cisco,Information Technology,Communications Equipment,55623000000.0,11291000000.0,,13689000000.0,886000000.0,12803000000.0,2.45,7083000000.0,125546000000.0,76685000000.0,48861000000.0,31303000000.0,3941434665.0,2026-05-19,2026-05-14,SEC Company Facts,https://data.sec.gov/api/xbrl/companyfacts/CIK0000858877.json,2025-07-26,2024-07-27,2023-07-29,2022-07-30,2021-07-31,2025-09-03,2025-09-03,2025-09-03,2024-09-05,2023-09-07,56654000000.0,53803000000.0,56998000000.0,51557000000.0,49818000000.0,11760000000.0,12181000000.0,15031000000.0,13969000000.0,12833000000.0,10180000000.0,10320000000.0,12613000000.0,11812000000.0,10591000000.0,14193000000.0,10880000000.0,19886000000.0,13226000000.0,15454000000.0,905000000.0,670000000.0,849000000.0,477000000.0,692000000.0,13288000000.0,10210000000.0,19037000000.0,12749000000.0,14762000000.0,2.55,2.54,3.07,2.82,2.5,
CSGP,0001057352,CoStar Group,Real Estate,Real Estate Services,2914800000.0,-6100000.0,7000000.0,395300000.0,302500000.0,92800000.0,0.26,1266000000.0,10139000000.0,2194000000.0,7932000000.0,994000000.0,405197588.0,2026-07-29,2026-07-27,SEC Company Facts,https://data.sec.gov/api/xbrl/companyfacts/CIK0001057352.json,2025-12-31,2024-12-31,2023-12-31,2022-12-31,2021-12-31,2026-02-26,2026-02-26,2026-02-26,2025-02-20,2024-02-22,3247000000.0,2736000000.0,2455000000.0,2182400000.0,1944100000.0,-72000000.0,5000000.0,282000000.0,451000000.0,432300000.0,7000000.0,139000000.0,375000000.0,369500000.0,292600000.0,430000000.0,393000000.0,490000000.0,478700000.0,469700000.0,307000000.0,579000000.0,118000000.0,35200000.0,123700000.0,123000000.0,-186000000.0,372000000.0,443500000.0,346000000.0,0.02,0.34,0.92,0.93,0.74,
CSX,0000277948,CSX Corporation,Industrials,Rail Transportation,14155000000.0,4784000000.0,3102000000.0,4964000000.0,2958000000.0,2006000000.0,1.6300000000000003,1958000000.0,44726000000.0,30638000000.0,8456000000.0,9832000000.0,1852474917.0,2026-07-22,2026-06-30,SEC Company Facts,https://data.sec.gov/api/xbrl/companyfacts/CIK0000277948.json,2025-12-31,2024-12-31,2023-12-31,2022-12-31,2021-12-31,2026-02-12,2026-02-12,2026-02-12,2025-02-27,2024-02-14,14092000000.0,14540000000.0,14657000000.0,14853000000.0,12522000000.0,4521000000.0,5245000000.0,5499000000.0,5954000000.0,5594000000.0,2889000000.0,3470000000.0,3668000000.0,4114000000.0,3781000000.0,4613000000.0,5247000000.0,5514000000.0,5526000000.0,5099000000.0,2902000000.0,2529000000.0,2257000000.0,2113000000.0,1791000000.0,1711000000.0,2718000000.0,3257000000.0,3413000000.0,3308000000.0,1.54,1.79,1.82,1.92,1.68,
CTAS,0000723254,Cintas,Industrials,Diversified Support Services,10143464000.0,2309868000.0,374442000.0,2207346000.0,396171000.0,1811175000.0,4.31,183204000.0,10233721000.0,5445338000.0,4788383000.0,2614801000.0,400087119.0,2026-04-07,2026-03-31,SEC Company Facts,https://data.sec.gov/api/xbrl/companyfacts/CIK0000723254.json,2025-05-31,2024-05-31,2023-05-31,2022-05-31,2021-05-31,2025-07-28,2025-07-28,2025-07-28,2024-07-25,2023-07-27,10340181000.0,9596615000.0,8815769000.0,7854459000.0,7116340000.0,2359726000.0,2068633000.0,1802664000.0,1587370000.0,1385492000.0,1812281000.0,1571592000.0,1348010000.0,1235757000.0,1110968000.0,2165905000.0,2068500000.0,1586228000.0,1537625000.0,1360740000.0,408884000.0,409469000.0,331109000.0,240672000.0,143470000.0,1757021000.0,1659031000.0,1255119000.0,1296953000.0,1217270000.0,4.4,3.79,3.25,11.65,10.24,
CTSH,0001058290,Cognizant,Information Technology,IT Consulting & Other Services,20091000000.0,3050000000.0,2346000000.0,2429000000.0,295000000.0,2134000000.0,4.75,1504000000.0,20500000000.0,5432000000.0,15068000000.0,573000000.0,473869469.0,2026-04-29,2026-04-24,SEC Company Facts,https://data.sec.gov/api/xbrl/companyfacts/CIK0001058290.json,2025-12-31,2024-12-31,2023-12-31,2022-12-31,2021-12-31,2026-02-12,2026-02-12,2026-02-12,2025-02-12,2024-02-14,21108000000.0,19736000000.0,19353000000.0,19428000000.0,18507000000.0,3389000000.0,2892000000.0,2689000000.0,2968000000.0,2826000000.0,2230000000.0,2240000000.0,2126000000.0,2290000000.0,2137000000.0,2883000000.0,2124000000.0,2330000000.0,2568000000.0,2495000000.0,288000000.0,297000000.0,317000000.0,332000000.0,279000000.0,2595000000.0,1827000000.0,2013000000.0,2236000000.0,2216000000.0,4.56,4.51,4.21,4.41,4.05,
CTVA,0001755672,Corteva,Materials,Fertilizers & Agricultural Chemicals,17177000000.0,,1412000000.0,3141000000.0,1163000000.0,1978000000.0,2.07,2365000000.0,41642000000.0,16483000000.0,25159000000.0,3193000000.0,667196000.0,2026-07-31,2026-07-24,SEC Company Facts,https://data.sec.gov/api/xbrl/companyfacts/CIK0001755672.json,2025-12-31,2024-12-31,2023-12-31,2022-12-31,2021-12-31,2026-02-12,2026-02-12,2026-02-12,2025-02-14,2024-02-08,17401000000.0,16908000000.0,17226000000.0,17455000000.0,15655000000.0,,,,,,1105000000.0,919000000.0,747000000.0,1158000000.0,1769000000.0,3406000000.0,2145000000.0,1769000000.0,872000000.0,2727000000.0,591000000.0,597000000.0,595000000.0,605000000.0,573000000.0,2815000000.0,1548000000.0,1174000000.0,267000000.0,2154000000.0,1.6,1.3,1.03,1.58,2.37,
CVNA,0001690820,Carvana,Consumer Discretionary,Automotive Retail,16274000000.0,1502000000.0,988000000.0,724000000.0,109000000.0,615000000.0,8.45,2630000000.0,14552000000.0,9414000000.0,4028000000.0,5173000000.0,,2026-07-29,2026-06-30,SEC Company Facts,https://data.sec.gov/api/xbrl/companyfacts/CIK0001690820.json,2025-12-31,2024-12-31,2023-12-31,2022-12-31,2021-12-31,2026-02-18,2026-02-18,2026-02-18,2025-02-19,2024-02-22,20322000000.0,13673000000.0,10771000000.0,13604000000.0,12814000000.0,1881000000.0,990000000.0,-80000000.0,-2351000000.0,,1895000000.0,404000000.0,150000000.0,-2894000000.0,-287000000.0,1036000000.0,918000000.0,803000000.0,-1324000000.0,-2594000000.0,147000000.0,91000000.0,87000000.0,512000000.0,557000000.0,889000000.0,827000000.0,716000000.0,-1836000000.0,-3151000000.0,8.45,1.59,0.75,-15.74,-1.63,
CVS,0000064803,CVS Health,Health Care,Health Care Services,221662000000.0,8955000000.0,4489000000.0,7568000000.0,2788000000.0,4780000000.0,3.5900000000000003,11329000000.0,253768000000.0,173869000000.0,79702000000.0,71673000000.0,1278970369.0,2026-08-05,2026-07-29,SEC Company Facts,https://data.sec.gov/api/xbrl/companyfacts/CIK0000064803.json,2025-12-31,2024-12-31,2023-12-31,2022-12-31,2021-12-31,2026-02-10,2026-02-10,2026-02-10,2025-02-12,2024-02-07,402067000000.0,372809000000.0,357776000000.0,322467000000.0,292111000000.0,4660000000.0,8516000000.0,13743000000.0,7954000000.0,13310000000.0,1728000000.0,4586000000.0,8368000000.0,4327000000.0,7989000000.0,10639000000.0,9107000000.0,13426000000.0,16177000000.0,18265000000.0,2832000000.0,2781000000.0,3031000000.0,2727000000.0,2520000000.0,7807000000.0,6326000000.0,10395000000.0,13450000000.0,15745000000.0,1.39,3.66,6.47,3.26,6.02,
CVX,0000093410,Chevron Corporation,Energy,Integrated Oil & Gas,187736000000.0,,13782000000.0,32134000000.0,16032000000.0,16102000000.0,7.770000000000001,4008000000.0,330135000000.0,134577000000.0,189883000000.0,40772000000.0,1975771274.0,2026-08-06,2026-06-30,SEC Company Facts,https://data.sec.gov/api/xbrl/companyfacts/CIK0000093410.json,2025-12-31,2024-12-31,2023-12-31,2022-12-31,2021-12-31,2026-02-24,2026-02-24,2026-02-24,2025-02-21,2024-02-26,184432000000.0,193414000000.0,196913000000.0,235717000000.0,155606000000.0,,,,,,12485000000.0,17749000000.0,21411000000.0,35608000000.0,15689000000.0,33939000000.0,31492000000.0,35609000000.0,49602000000.0,29187000000.0,17347000000.0,16448000000.0,15829000000.0,11974000000.0,8056000000.0,16592000000.0,15044000000.0,19780000000.0,37628000000.0,21131000000.0,6.63,9.72,11.36,18.28,8.14,
D,0000715957,Dominion Energy,Utilities,Multi-Utilities,14743000000.0,3637000000.0,2251000000.0,4219000000.0,5440000000.0,-1221000000.0,2.6,351000000.0,118578000000.0,84870000000.0,29147000000.0,34954000000.0,879455403.0,2026-05-01,2026-04-24,SEC Company Facts,https://data.sec.gov/api/xbrl/companyfacts/CIK0000715957.json,2025-12-31,2024-12-31,2023-12-31,2022-12-31,2021-12-31,2026-02-23,2026-02-23,2026-02-23,2025-02-27,2024-02-23,16523000000.0,14182000000.0,13487000000.0,14552000000.0,11661000000.0,4414000000.0,3247000000.0,3414000000.0,1447000000.0,1996000000.0,3065000000.0,1981000000.0,1962000000.0,1191000000.0,3419000000.0,5361000000.0,5018000000.0,6572000000.0,3700000000.0,4037000000.0,,,,,,,,,,,3.45,2.33,2.25,1.33,4.12,
DAL,0000027904,Delta Air Lines,Industrials,Passenger Airlines,61925000000.0,5785000000.0,4485000000.0,7403000000.0,5171000000.0,2232000000.0,6.880000000000001,4665000000.0,86321000000.0,64506000000.0,21815000000.0,12905000000.0,657623030.0,2026-07-10,2026-06-30,SEC Company Facts,https://data.sec.gov/api/xbrl/companyfacts/CIK0000027904.json,2025-12-31,2024-12-31,2023-12-31,2022-12-31,2021-12-31,2026-02-11,2026-02-11,2026-02-11,2025-02-11,2024-02-12,63364000000.0,61643000000.0,58048000000.0,50582000000.0,29899000000.0,5822000000.0,5995000000.0,5521000000.0,3661000000.0,1886000000.0,5005000000.0,3457000000.0,4609000000.0,1318000000.0,280000000.0,8342000000.0,8025000000.0,6464000000.0,6363000000.0,3264000000.0,4499000000.0,5140000000.0,5323000000.0,6366000000.0,3247000000.0,3843000000.0,2885000000.0,1141000000.0,-3000000.0,17000000.0,7.66,5.33,7.17,2.06,0.44,
DASH,0001792789,DoorDash,Consumer Discretionary,Specialized Consumer Services,11895000000.0,542000000.0,776000000.0,2188000000.0,204000000.0,1984000000.0,1.82,4424000000.0,19561000000.0,9629000000.0,9921000000.0,,,2026-08-05,2026-06-30,SEC Company Facts,https://data.sec.gov/api/xbrl/companyfacts/CIK0001792789.json,2025-12-31,2024-12-31,2023-12-31,2022-12-31,2021-12-31,2026-02-18,2026-02-18,2026-02-18,2025-02-14,2024-02-20,13717000000.0,10722000000.0,8635000000.0,6583000000.0,4888000000.0,723000000.0,-38000000.0,-579000000.0,-1124000000.0,-452000000.0,932000000.0,117000000.0,-565000000.0,-1368000000.0,-468000000.0,2431000000.0,2132000000.0,1673000000.0,367000000.0,692000000.0,257000000.0,104000000.0,123000000.0,176000000.0,129000000.0,2174000000.0,2028000000.0,1550000000.0,191000000.0,563000000.0,2.13,0.29,-1.42,-3.68,-1.39,
DD,0001666700,DuPont,Industrials,Industrial Conglomerates,3978000000.0,,-155000000.0,2112000000.0,148000000.0,1964000000.0,-2.9800000000000004,1740000000.0,21061000000.0,7180000000.0,13769000000.0,7170000000.0,135042975.0,2026-08-04,2026-07-31,SEC Company Facts,https://data.sec.gov/api/xbrl/companyfacts/CIK0001666700.json,2025-12-31,2024-12-31,2023-12-31,2022-12-31,2021-12-31,2026-02-17,2026-02-17,2026-02-17,2025-02-14,2024-02-15,6849000000.0,6719000000.0,6614000000.0,13017000000.0,12566000000.0,,,,,,-738000000.0,738000000.0,462000000.0,5917000000.0,6515000000.0,560000000.0,765000000.0,845000000.0,1249000000.0,1846000000.0,333000000.0,285000000.0,302000000.0,662000000.0,788000000.0,227000000.0,480000000.0,543000000.0,587000000.0,1058000000.0,-1.86,1.68,0.94,11.75,11.89,
DDOG,0001561550,Datadog,Information Technology,Application Software,3016056000.0,-18250000.0,124580000.0,965505000.0,40046000.0,925459000.0,0.36,434957000.0,7547675000.0,3180515000.0,4367160000.0,,,2026-08-06,2026-06-30,SEC Company Facts,https://data.sec.gov/api/xbrl/companyfacts/CIK0001561550.json,2025-12-31,2024-12-31,2023-12-31,2022-12-31,2021-12-31,2026-02-18,2026-02-18,2026-02-18,2025-02-20,2024-02-23,3427158000.0,2684275000.0,2128359000.0,1675100000.0,1028784000.0,-44373000.0,54284000.0,-33464000.0,-58695000.0,-19156000.0,107741000.0,183746000.0,48568000.0,-50160000.0,-20745000.0,1050135000.0,870603000.0,659954000.0,418407000.0,286545000.0,49578000.0,34719000.0,27586000.0,35261000.0,9956000.0,1000557000.0,835884000.0,632368000.0,383146000.0,276589000.0,0.31,0.52,0.14,-0.16,-0.07,
DE,0000315189,Deere & Company,Industrials,Agricultural & Farm Machinery,45568000000.0,9039000000.0,5639000000.0,8855000000.0,1476000000.0,7379000000.0,20.699999999999996,7905000000.0,107001000000.0,79541000000.0,27406000000.0,48079000000.0,269937425.0,2026-05-28,2026-05-03,SEC Company Facts,https://data.sec.gov/api/xbrl/companyfacts/CIK0000315189.json,2025-11-02,2024-10-27,2023-10-29,2022-10-30,2021-10-31,2025-12-18,2025-12-18,2025-12-18,2024-12-12,2023-12-15,45684000000.0,51716000000.0,61251000000.0,52577000000.0,44024000000.0,,9039000000.0,12958000000.0,9508000000.0,8012000000.0,4998000000.0,7088000000.0,10155000000.0,7130000000.0,5965000000.0,7459000000.0,9231000000.0,8589000000.0,4699000000.0,7726000000.0,1360000000.0,1640000000.0,1498000000.0,1134000000.0,848000000.0,6099000000.0,7591000000.0,7091000000.0,3565000000.0,6878000000.0,18.5,25.62,34.63,23.28,18.99,
DECK,0000910521,Deckers Brands,Consumer Discretionary,Footwear,5124803000.0,1211572000.0,-2292000.0,968019000.0,87590000.0,880429000.0,6.51,1602589000.0,3868621000.0,1566939000.0,2301682000.0,,136414227.0,2026-07-30,2026-07-09,SEC Company Facts,https://data.sec.gov/api/xbrl/companyfacts/CIK0000910521.json,2026-03-31,2025-03-31,2024-03-31,2023-03-31,2022-03-31,2026-05-22,2026-05-22,2026-05-22,2025-05-23,2024-05-24,5472296000.0,4985612000.0,4287763000.0,3627286000.0,3150339000.0,1262903000.0,1179092000.0,927514000.0,652751000.0,564707000.0,1024071000.0,966091000.0,759563000.0,516822000.0,451949000.0,1181955000.0,1044523000.0,1033184000.0,537422000.0,172353000.0,84623000.0,86171000.0,89365000.0,81025000.0,51017000.0,1097332000.0,958352000.0,943819000.0,456397000.0,121336000.0,7.02,6.33,4.86,3.23,16.26,
DELL,0001571996,Dell Technologies,Information Technology,"Technology Hardware, Storage & Peripherals",96701000000.0,6437000000.0,5936000000.0,6274000000.0,2624000000.0,3650000000.0,6.38,11578000000.0,114913000000.0,116317000000.0,-1404000000.0,31161000000.0,,2026-06-09,2026-05-01,SEC Company Facts,https://data.sec.gov/api/xbrl/companyfacts/CIK0001571996.json,2026-01-30,2025-01-31,2024-02-02,2023-02-03,2022-01-28,2026-03-16,2026-03-16,2026-03-16,2025-03-25,2024-03-25,113538000000.0,95567000000.0,88425000000.0,102301000000.0,101197000000.0,8149000000.0,6237000000.0,5411000000.0,5771000000.0,4659000000.0,5936000000.0,4576000000.0,3372000000.0,2422000000.0,5707000000.0,11185000000.0,4521000000.0,8676000000.0,3565000000.0,10307000000.0,2633000000.0,2652000000.0,2756000000.0,3003000000.0,2796000000.0,8552000000.0,1869000000.0,5920000000.0,562000000.0,7511000000.0,8.68,6.38,4.6,3.24,,
DG,0000029534,Dollar General,Consumer Staples,Consumer Staples Merchandise Retail,41134266000.0,1744083000.0,1153864000.0,3179413000.0,1258841000.0,1920572000.0,5.24,1353113000.0,31699653000.0,22856369000.0,8843284000.0,6735728000.0,220586647.0,2026-06-02,2026-05-29,SEC Company Facts,https://data.sec.gov/api/xbrl/companyfacts/CIK0000029534.json,2026-01-30,2025-01-31,2024-02-02,2023-02-03,2022-01-28,2026-03-20,2026-03-20,2026-03-20,2025-03-21,2024-03-25,42724369000.0,40612308000.0,38691609000.0,37844863000.0,34220449000.0,2203668000.0,1714074000.0,2446300000.0,3328302000.0,3220675000.0,1512311000.0,1125253000.0,1661274000.0,2415989000.0,2399232000.0,3634500000.0,2996064000.0,2391798000.0,1984555000.0,2865811000.0,1241162000.0,1309888000.0,1700222000.0,1560582000.0,1070460000.0,2393338000.0,1686176000.0,691576000.0,423973000.0,1795351000.0,6.85,5.11,7.55,10.68,10.17,
DGX,0001022079,Quest Diagnostics,Health Care,Health Care Services,10522000000.0,1475000000.0,1004000000.0,1678000000.0,454000000.0,1224000000.0,8.350000000000001,626000000.0,16939000000.0,9423000000.0,7516000000.0,6437000000.0,110373360.0,2026-07-23,2026-07-15,SEC Company Facts,https://data.sec.gov/api/xbrl/companyfacts/CIK0001022079.json,2025-12-31,2024-12-31,2023-12-31,2022-12-31,2021-12-31,2026-02-26,2026-02-26,2026-02-26,2025-02-20,2024-02-22,11035000000.0,9872000000.0,9252000000.0,9883000000.0,10788000000.0,1556000000.0,1346000000.0,1262000000.0,1428000000.0,2381000000.0,1046000000.0,921000000.0,908000000.0,1015000000.0,2080000000.0,1886000000.0,1334000000.0,1272000000.0,1718000000.0,2233000000.0,527000000.0,425000000.0,408000000.0,404000000.0,403000000.0,1359000000.0,909000000.0,864000000.0,1314000000.0,1830000000.0,8.75,7.69,7.49,7.97,15.55,
DHI,0000882184,D. R. Horton,Consumer Discretionary,Homebuilding,34575200000.0,,4003900000.0,2910700000.0,125600000.0,2785100000.0,12.439999999999998,2078700000.0,36511300000.0,12104800000.0,23819500000.0,,279701267.0,2026-07-23,2026-07-16,SEC Company Facts,https://data.sec.gov/api/xbrl/companyfacts/CIK0000882184.json,2025-09-30,2024-09-30,2023-09-30,2022-09-30,2021-09-30,2025-11-19,2025-11-19,2025-11-19,2024-11-19,2023-11-17,34250400000.0,36801400000.0,35460400000.0,33480000000.0,27774200000.0,,,,,,3620900000.0,4806000000.0,4795200000.0,5895600000.0,4191200000.0,3420900000.0,2189800000.0,4304100000.0,561800000.0,534400000.0,137400000.0,165300000.0,148600000.0,148200000.0,93500000.0,3283500000.0,2024500000.0,4155500000.0,413600000.0,440900000.0,11.57,14.34,13.82,16.51,11.41,
DHR,0000313616,Danaher Corporation,Health Care,Life Sciences Tools & Services,24013000000.0,4417000000.0,,6169000000.0,1307000000.0,4862000000.0,4.710000000000001,5687700000.0,92367000000.0,8444400000.0,52581000000.0,26558000000.0,702986054.0,2026-07-21,2026-07-16,SEC Company Facts,https://data.sec.gov/api/xbrl/companyfacts/CIK0000313616.json,2025-12-31,2024-12-31,2023-12-31,2022-12-31,2021-12-31,2026-02-24,2026-02-24,2026-02-24,2025-02-20,2024-02-21,24568000000.0,23875000000.0,23890000000.0,26643000000.0,24802000000.0,4690000000.0,4863000000.0,5202000000.0,7536000000.0,6377000000.0,3614000000.0,3899000000.0,4764000000.0,7209000000.0,6433000000.0,6416000000.0,6688000000.0,7164000000.0,8519000000.0,8358000000.0,1156000000.0,1392000000.0,1383000000.0,1118000000.0,1240000000.0,5260000000.0,5296000000.0,5781000000.0,7401000000.0,7118000000.0,5.05,5.29,6.38,9.66,8.61,
DIS,0001744489,Walt Disney Company (The),Communication Services,Movies & Entertainment,94535000000.0,17726000000.0,12552000000.0,19145000000.0,7597000000.0,11548000000.0,6.38,5185000000.0,204740000000.0,94708000000.0,110032000000.0,46041000000.0,1726686902.0,2026-08-05,2026-07-29,SEC Company Facts,https://data.sec.gov/api/xbrl/companyfacts/CIK0001744489.json,2025-09-27,2024-09-28,2023-09-30,2022-10-01,2021-10-02,2025-11-13,2025-11-13,2025-11-13,2024-11-14,2023-11-21,94425000000.0,91361000000.0,88898000000.0,82722000000.0,67418000000.0,17551000000.0,15601000000.0,12863000000.0,12121000000.0,7766000000.0,13431000000.0,5773000000.0,3390000000.0,3505000000.0,2507000000.0,18101000000.0,13971000000.0,9866000000.0,6002000000.0,5566000000.0,8024000000.0,5412000000.0,4969000000.0,4943000000.0,3578000000.0,10077000000.0,8559000000.0,4897000000.0,1059000000.0,1988000000.0,6.85,2.72,1.29,1.72,1.09,
DLR,0001297996,Digital Realty,Real Estate,Data Center REITs,5631462000.0,519358000.0,406885000.0,2308287000.0,,,1.06,2426631000.0,48859973000.0,23462959000.0,23368753000.0,3271848000.0,351406070.0,2026-05-01,2026-04-29,SEC Company Facts,https://data.sec.gov/api/xbrl/companyfacts/CIK0001297996.json,2025-12-31,2024-12-31,2023-12-31,2022-12-31,2021-12-31,2026-02-13,2026-02-13,2026-02-13,2025-02-25,2024-02-23,6112692000.0,5554968000.0,5477061000.0,4691834000.0,4427882000.0,658492000.0,471864000.0,524461000.0,589968000.0,694009000.0,1313165000.0,588327000.0,950312000.0,380325000.0,1747412000.0,2412136000.0,2261477000.0,1634780000.0,1659388000.0,1702228000.0,,,,,,,,,,,3.58,1.61,2.88,1.11,5.94,
DLTR,0000935703,Dollar Tree,Consumer Staples,Consumer Staples Merchandise Retail,18036700000.0,1464200000.0,-2986800000.0,2310300000.0,702800000.0,1607500000.0,-13.8,1007300000.0,13823800000.0,10316800000.0,3507000000.0,2932600000.0,192174588.0,2026-05-28,2026-05-26,SEC Company Facts,https://data.sec.gov/api/xbrl/companyfacts/CIK0000935703.json,2026-01-31,2025-02-01,2024-02-03,2023-01-28,2022-01-29,2026-03-16,2026-03-16,2026-03-16,2025-03-26,2024-03-20,19395700000.0,17565800000.0,16770300000.0,15405700000.0,26309800000.0,1653100000.0,1462000000.0,1774500000.0,2099300000.0,1811400000.0,1282500000.0,-3030100000.0,-998400000.0,1615400000.0,1327900000.0,2190700000.0,2193300000.0,2400800000.0,1417900000.0,1431500000.0,1134000000.0,1300500000.0,1193800000.0,639000000.0,1021200000.0,1056700000.0,892800000.0,1207000000.0,778900000.0,410300000.0,6.22,-14.03,-4.54,7.21,5.8,
DOC,0000765880,Healthpeak Properties,Real Estate,Health Care REITs,586590000.0,,192493000.0,1244647000.0,894949000.0,349698000.0,0.23999999999999996,1626827000.0,21680046000.0,12181606000.0,7844750000.0,10032186000.0,689527260.0,2026-08-05,2026-08-03,SEC Company Facts,https://data.sec.gov/api/xbrl/companyfacts/CIK0000765880.json,2025-12-31,2024-12-31,2023-12-31,2022-12-31,2021-12-31,2026-02-03,2026-02-03,2026-02-03,2025-02-04,2024-02-09,603989000.0,568475000.0,527417000.0,494935000.0,471325000.0,,,,,,101027000.0,267303000.0,334757000.0,516424000.0,525930000.0,1251959000.0,1070497000.0,956242000.0,900261000.0,795248000.0,894949000.0,736763000.0,774561000.0,961994000.0,759720000.0,357010000.0,333734000.0,181681000.0,-61733000.0,35528000.0,0.1,0.36,0.56,0.92,0.93,
DOV,0000029905,Dover Corporation,Industrials,Industrial Machinery & Supplies & Components,7829059000.0,1279587000.0,2292968000.0,1270062000.0,200785000.0,1069277000.0,16.57,739144000.0,13694216000.0,3731897000.0,7704004000.0,3313968000.0,134680225.0,2026-07-23,2026-07-17,SEC Company Facts,https://data.sec.gov/api/xbrl/companyfacts/CIK0000029905.json,2025-12-31,2024-12-31,2023-12-31,2022-12-31,2021-12-31,2026-02-13,2026-02-13,2026-02-13,2025-02-14,2024-02-09,8092571000.0,7745909000.0,7684476000.0,7844174000.0,7907081000.0,1373361000.0,1206355000.0,1219340000.0,1279641000.0,1281508000.0,1093956000.0,2697126000.0,1056828000.0,1065376000.0,1123818000.0,1338005000.0,1087833000.0,1219546000.0,746754000.0,1115865000.0,220263000.0,167533000.0,183406000.0,211082000.0,171465000.0,1117742000.0,920300000.0,1036140000.0,535672000.0,944400000.0,7.94,19.45,7.52,7.42,7.74,
DOW,0001751788,Dow Inc.,Materials,Commodity Chemicals,42630000000.0,,373000000.0,2541000000.0,2911000000.0,-370000000.0,0.40000000000000013,4110000000.0,59780000000.0,44531000000.0,15249000000.0,16208000000.0,720741438.0,2026-04-24,2026-03-31,SEC Company Facts,https://data.sec.gov/api/xbrl/companyfacts/CIK0001751788.json,2025-12-31,2024-12-31,2023-12-31,2022-12-31,2021-12-31,2026-02-03,2026-02-03,2026-02-03,2025-02-04,2024-01-31,39968000000.0,42964000000.0,44622000000.0,56902000000.0,54968000000.0,,,,,,-2444000000.0,1201000000.0,660000000.0,4640000000.0,6405000000.0,1032000000.0,2914000000.0,5196000000.0,7475000000.0,7009000000.0,2479000000.0,2940000000.0,2356000000.0,1823000000.0,1501000000.0,-1447000000.0,-26000000.0,2840000000.0,5652000000.0,5508000000.0,-3.7,1.57,0.82,6.28,8.38,
DPZ,0001286681,Domino's,Consumer Discretionary,Restaurants,4781233000.0,907622000.0,,717607000.0,104433000.0,613174000.0,17.220000000000002,164836000.0,1763322000.0,5617601000.0,-3982431000.0,1536543000.0,33081735.0,2026-07-20,2026-07-13,SEC Company Facts,https://data.sec.gov/api/xbrl/companyfacts/CIK0001286681.json,2025-12-28,2024-12-29,2023-12-31,2023-01-01,2022-12-31,2026-02-23,2026-02-23,2026-02-23,2025-02-24,2025-02-24,4939994000.0,4706416000.0,4479358000.0,4537158000.0,,953974000.0,878999000.0,819519000.0,767925000.0,767925000.0,601704000.0,584170000.0,519118000.0,452263000.0,,792062000.0,624897000.0,590864000.0,475317000.0,,120558000.0,112885000.0,105396000.0,87234000.0,,671504000.0,512012000.0,485468000.0,388083000.0,,17.57,16.69,14.66,12.53,,
DRI,0000940944,Darden Restaurants,Consumer Discretionary,Restaurants,13210900000.0,1582800000.0,1206700000.0,1853100000.0,734000000.0,1119100000.0,10.38,219500000.0,12862400000.0,10654900000.0,2207500000.0,1574500000.0,114077969.0,2026-07-24,2026-05-31,SEC Company Facts,https://data.sec.gov/api/xbrl/companyfacts/CIK0000940944.json,2026-05-31,2025-05-25,2024-05-26,2023-05-28,2022-05-29,2026-07-24,2026-07-24,2026-07-24,2025-07-18,2024-07-19,13210900000.0,12076700000.0,11390000000.0,10487800000.0,9630000000.0,1582800000.0,1362300000.0,1314200000.0,1201800000.0,1162200000.0,1206700000.0,1049600000.0,1027600000.0,981900000.0,952800000.0,1853100000.0,1707000000.0,1621700000.0,1552800000.0,1264600000.0,734000000.0,644600000.0,601200000.0,564900000.0,376900000.0,1119100000.0,1062400000.0,1020500000.0,987900000.0,887700000.0,10.38,8.86,8.51,7.99,7.39,
DTE,0000936340,DTE Energy,Utilities,Multi-Utilities,11300000000.0,2198000000.0,1316000000.0,3621000000.0,,,7.4,238000000.0,55108000000.0,42785000000.0,12323000000.0,13173000000.0,208028313.0,2026-04-30,2026-03-31,SEC Company Facts,https://data.sec.gov/api/xbrl/companyfacts/CIK0000936340.json,2025-12-31,2024-12-31,2023-12-31,2022-12-31,2021-12-31,2026-02-17,2026-02-17,2026-02-17,2025-02-13,2024-02-08,,,,,,2374000000.0,2091000000.0,2243000000.0,1748000000.0,1495000000.0,1462000000.0,1404000000.0,1397000000.0,1083000000.0,903000000.0,3409000000.0,3643000000.0,3220000000.0,1977000000.0,3067000000.0,,,,,,,,,,,7.03,6.77,6.76,5.52,4.67,
DUK,0001326160,Duke Energy,Utilities,Electric Utilities,,8306000000.0,4867000000.0,12031000000.0,12220000000.0,-189000000.0,6.029999999999999,2140000000.0,198048000000.0,143591000000.0,54457000000.0,87872000000.0,779596217.0,2026-05-05,2026-04-30,SEC Company Facts,https://data.sec.gov/api/xbrl/companyfacts/CIK0001326160.json,2025-12-31,2024-12-31,2023-12-31,2022-12-31,2021-12-31,2026-02-26,2026-02-26,2026-02-26,2025-02-27,2024-02-23,,,,,,8626000000.0,7926000000.0,7070000000.0,6012000000.0,5500000000.0,5071000000.0,4614000000.0,2874000000.0,2455000000.0,3579000000.0,12330000000.0,12328000000.0,9878000000.0,5927000000.0,8290000000.0,14024000000.0,12280000000.0,12604000000.0,11367000000.0,9715000000.0,-1694000000.0,48000000.0,-2726000000.0,-5440000000.0,-1425000000.0,6.31,5.71,3.54,3.17,4.94,
DVA,0000927066,DaVita,Health Care,Health Care Services,13161328000.0,2077018000.0,1152441000.0,1862273000.0,574052000.0,1288221000.0,10.15,668963000.0,17709489000.0,16630051000.0,-765096000.0,5742246000.0,63800000.0,2026-08-04,2026-07-31,SEC Company Facts,https://data.sec.gov/api/xbrl/companyfacts/CIK0000927066.json,2025-12-31,2024-12-31,2023-12-31,2022-12-31,2021-12-31,2026-02-11,2026-02-11,2026-02-11,2025-02-13,2024-02-14,13643069000.0,12815550000.0,12140147000.0,11609894000.0,11618797000.0,2043615000.0,2090483000.0,1602784000.0,1339062000.0,1797370000.0,1078716000.0,1250737000.0,956978000.0,781643000.0,1211762000.0,1886500000.0,2022038000.0,2059031000.0,1564570000.0,1930876000.0,575864000.0,555443000.0,567985000.0,603429000.0,641465000.0,1310636000.0,1466595000.0,1491046000.0,961141000.0,1289411000.0,9.84,10.73,7.42,5.85,8.9,
DVN,0001090012,Devon Energy,Energy,Oil & Gas Exploration & Production,16882000000.0,-8957000000.0,2904000000.0,6814000000.0,535000000.0,6279000000.0,4.4399999999999995,950000000.0,70893000000.0,29146000000.0,41747000000.0,10053000000.0,1100000000.0,2026-08-05,2026-07-22,SEC Company Facts,https://data.sec.gov/api/xbrl/companyfacts/CIK0001090012.json,2025-12-31,2024-12-31,2023-12-31,2022-12-31,2021-12-31,2026-02-18,2026-02-18,2026-02-18,2025-02-19,2024-02-28,16786000000.0,15919000000.0,15140000000.0,19827000000.0,13750000000.0,,,,,,2681000000.0,2942000000.0,3782000000.0,6037000000.0,2833000000.0,6711000000.0,6600000000.0,6544000000.0,8530000000.0,4899000000.0,3592000000.0,3645000000.0,3883000000.0,2542000000.0,1989000000.0,3119000000.0,2955000000.0,2661000000.0,5988000000.0,2910000000.0,4.17,4.56,5.84,9.12,4.19,
DXCM,0001093557,Dexcom,Health Care,Health Care Equipment,4300800000.0,687200000.0,571500000.0,987700000.0,416900000.0,570800000.0,1.42,1105000000.0,6455300000.0,3833900000.0,2621400000.0,2900000.0,377360765.0,2026-07-30,2026-07-23,SEC Company Facts,https://data.sec.gov/api/xbrl/companyfacts/CIK0001093557.json,2025-12-31,2024-12-31,2023-12-31,2022-12-31,2021-12-31,2026-02-12,2026-02-12,2026-02-12,2025-02-18,2024-02-08,4662000000.0,4033000000.0,3622300000.0,2909800000.0,2448500000.0,911800000.0,600000000.0,597700000.0,391200000.0,265800000.0,836300000.0,576200000.0,541500000.0,341200000.0,216900000.0,1440700000.0,989500000.0,748500000.0,669500000.0,442500000.0,363500000.0,358800000.0,236600000.0,364800000.0,389200000.0,1077200000.0,630700000.0,511900000.0,304700000.0,53300000.0,2.09,1.42,1.3,0.82,0.53,
EBAY,0001065088,eBay Inc.,Consumer Discretionary,Broadline Retail,10470000000.0,2228000000.0,2176000000.0,1847000000.0,438000000.0,1409000000.0,4.47,2310000000.0,17933000000.0,13268000000.0,4665000000.0,8566000000.0,445000000.0,2026-08-06,2026-07-31,SEC Company Facts,https://data.sec.gov/api/xbrl/companyfacts/CIK0001065088.json,2025-12-31,2024-12-31,2023-12-31,2022-12-31,2021-12-31,2026-02-19,2026-02-19,2026-02-19,2025-02-27,2024-02-28,11100000000.0,10283000000.0,10112000000.0,9795000000.0,10420000000.0,2277000000.0,2318000000.0,1941000000.0,2350000000.0,2923000000.0,2031000000.0,1975000000.0,2767000000.0,-1269000000.0,13608000000.0,1959000000.0,2414000000.0,2426000000.0,2254000000.0,2657000000.0,525000000.0,458000000.0,456000000.0,449000000.0,444000000.0,1434000000.0,1956000000.0,1970000000.0,1805000000.0,2213000000.0,4.34,3.94,5.19,-2.27,20.54,
ECHO,0001415404,EchoStar,Communication Services,Wireless Telecommunication Services,15452639000.0,-524997000.0,-318807000.0,535980000.0,1229555000.0,-693575000.0,-1.06,439988000.0,39425398000.0,25223994000.0,14155098000.0,1495994000.0,,2026-08-03,2026-06-30,SEC Company Facts,https://data.sec.gov/api/xbrl/companyfacts/CIK0001415404.json,2025-12-31,2024-12-31,2023-12-31,2022-12-31,2021-12-31,2026-03-02,2026-03-02,2026-03-02,2025-02-27,2024-02-29,15004989000.0,15825516000.0,17015598000.0,18634246000.0,19818678000.0,-17723146000.0,-304070000.0,-277909000.0,2232838000.0,3422404000.0,-14506939000.0,-124515000.0,-1634824000.0,2536892000.0,2521435000.0,-99374000.0,1252697000.0,2432647000.0,3621190000.0,4655373000.0,965730000.0,1544877000.0,3100921000.0,3050472000.0,1619312000.0,-1065104000.0,-292180000.0,-668274000.0,570718000.0,3036061000.0,-50.41,-0.44,-6.28,8.05,7.94,
ECL,0000031462,Ecolab,Materials,Specialty Chemicals,15723900000.0,2893000000.0,2155300000.0,2624600000.0,1050700000.0,1573900000.0,7.48,5135300000.0,29927000000.0,19842600000.0,10055500000.0,6150300000.0,280328603.0,2026-08-06,2026-06-30,SEC Company Facts,https://data.sec.gov/api/xbrl/companyfacts/CIK0000031462.json,2025-12-31,2024-12-31,2023-12-31,2022-12-31,2021-12-31,2026-02-23,2026-02-23,2026-02-23,2025-02-21,2024-02-23,16081200000.0,15741400000.0,15320200000.0,14187800000.0,12733100000.0,2737600000.0,2802400000.0,1992300000.0,1562500000.0,1598600000.0,2093300000.0,2131900000.0,1393000000.0,1108900000.0,1144000000.0,2952600000.0,2813900000.0,2411800000.0,1788400000.0,2061900000.0,1048300000.0,994500000.0,774800000.0,712800000.0,643000000.0,1904300000.0,1819400000.0,1637000000.0,1075600000.0,1418900000.0,7.28,7.37,4.79,3.81,3.91,
ED,0001047862,Consolidated Edison,Utilities,Multi-Utilities,16077000000.0,2784000000.0,2163000000.0,3878000000.0,4465000000.0,-587000000.0,5.41,147000000.0,74741000000.0,49145000000.0,25596000000.0,25801000000.0,368529705.0,2026-05-07,2026-04-30,SEC Company Facts,https://data.sec.gov/api/xbrl/companyfacts/CIK0001047862.json,2025-12-31,2024-12-31,2023-12-31,2022-12-31,2021-12-31,2026-02-19,2026-02-19,2026-02-19,2025-02-20,2024-02-15,17049000000.0,15469000000.0,14476000000.0,15455000000.0,13456000000.0,2935000000.0,2670000000.0,3196000000.0,2624000000.0,2826000000.0,2023000000.0,1820000000.0,2516000000.0,1600000000.0,1193000000.0,4800000000.0,3614000000.0,2156000000.0,3935000000.0,2733000000.0,,,,4465000000.0,3964000000.0,,,,-530000000.0,-1231000000.0,5.64,5.24,7.21,4.66,3.85,
EFX,0000033185,Equifax,Industrials,Research & Consulting Services,5840200000.0,1081900000.0,642500000.0,1389300000.0,472300000.0,917000000.0,5.119999999999999,170100000.0,11981800000.0,7461900000.0,4380200000.0,5467100000.0,117484896.0,2026-07-21,2026-07-10,SEC Company Facts,https://data.sec.gov/api/xbrl/companyfacts/CIK0000033185.json,2025-12-31,2024-12-31,2023-12-31,2022-12-31,2021-12-31,2026-02-19,2026-02-19,2026-02-19,2025-02-20,2024-02-22,6074500000.0,5681100000.0,5265200000.0,5122200000.0,4923900000.0,1095200000.0,1042100000.0,933600000.0,1056000000.0,1138000000.0,664300000.0,607300000.0,551700000.0,700200000.0,748500000.0,1615700000.0,1324500000.0,1116800000.0,757100000.0,1334800000.0,481400000.0,511500000.0,601300000.0,624500000.0,469000000.0,1134300000.0,813000000.0,515500000.0,132600000.0,865800000.0,5.32,4.84,4.4,5.65,6.02,
EG,0001095073,Everest Group,Financials,Reinsurance,17675000000.0,,597000000.0,4525000000.0,,,19.14,656095000.0,62167000000.0,46737000000.0,15430000000.0,,38342734.0,2026-08-03,2026-07-27,SEC Company Facts,https://data.sec.gov/api/xbrl/companyfacts/CIK0001095073.json,2025-12-31,2024-12-31,2023-12-31,2022-12-31,2021-12-31,2026-02-26,2026-02-26,2026-02-26,2025-02-27,2024-02-28,17496000000.0,17281000000.0,14587000000.0,12060000000.0,11866000000.0,,,,,,1591000000.0,1373000000.0,2517000000.0,597000000.0,1379000000.0,3068000000.0,4957000000.0,4553000000.0,3695000000.0,3833000000.0,,,,,,,,,,,37.8,31.78,60.19,15.19,34.62,
EIX,0000827052,Edison International,Utilities,Electric Utilities,17332000000.0,4819000000.0,2986000000.0,5195000000.0,5836000000.0,-641000000.0,7.0600000000000005,168000000.0,94475000000.0,75591000000.0,17320000000.0,40307000000.0,384793941.0,2026-04-28,2026-04-21,SEC Company Facts,https://data.sec.gov/api/xbrl/companyfacts/CIK0000827052.json,2025-12-31,2024-12-31,2023-12-31,2022-12-31,2021-12-31,2026-02-18,2026-02-18,2026-02-18,2025-02-27,2024-02-22,19317000000.0,17599000000.0,16338000000.0,17220000000.0,14905000000.0,7093000000.0,2930000000.0,2627000000.0,1483000000.0,1477000000.0,4701000000.0,1546000000.0,1407000000.0,824000000.0,925000000.0,5800000000.0,5014000000.0,3401000000.0,3216000000.0,11000000.0,6515000000.0,5707000000.0,5448000000.0,5778000000.0,5505000000.0,-715000000.0,-693000000.0,-2047000000.0,-2562000000.0,-5494000000.0,11.55,3.31,3.11,1.6,2.0,
EL,0001001250,Estée Lauder Companies (The),Consumer Staples,Personal Care Products,14786000000.0,-628000000.0,-1133000000.0,1560000000.0,612000000.0,948000000.0,-2.42,2181000000.0,19664000000.0,8745000000.0,3993000000.0,1068900000.0,,2026-05-01,2026-03-31,SEC Company Facts,https://data.sec.gov/api/xbrl/companyfacts/CIK0001001250.json,2025-06-30,2024-06-30,2023-06-30,2022-06-30,2021-06-30,2025-08-20,2025-08-20,2025-08-20,2024-08-19,2023-08-18,14326000000.0,15608000000.0,15910000000.0,17737000000.0,16215000000.0,-785000000.0,970000000.0,1509000000.0,3170000000.0,2618000000.0,-1133000000.0,409000000.0,1010000000.0,2408000000.0,2875000000.0,1272000000.0,2360000000.0,1731000000.0,3040000000.0,3631000000.0,602000000.0,919000000.0,1003000000.0,1040000000.0,637000000.0,670000000.0,1441000000.0,728000000.0,2000000000.0,2994000000.0,-3.15,1.08,2.79,6.55,7.79,
ELV,0001156039,Elevance Health,Health Care,Managed Health Care,189215000000.0,7676000000.0,5349000000.0,6454000000.0,1117000000.0,5337000000.0,23.569999999999997,10232000000.0,126438000000.0,81416000000.0,44883000000.0,31044000000.0,216869290.0,2026-07-15,2026-07-10,SEC Company Facts,https://data.sec.gov/api/xbrl/companyfacts/CIK0001156039.json,2025-12-31,2024-12-31,2023-12-31,2022-12-31,2021-12-31,2026-02-06,2026-02-06,2026-02-06,2025-02-20,2024-02-21,199125000000.0,177011000000.0,171340000000.0,156595000000.0,138639000000.0,7199000000.0,7862000000.0,8499000000.0,8283000000.0,7559000000.0,5661000000.0,5971000000.0,5991000000.0,5888000000.0,6149000000.0,4290000000.0,5808000000.0,8061000000.0,8399000000.0,8364000000.0,1116000000.0,1256000000.0,1296000000.0,1152000000.0,1087000000.0,3174000000.0,4552000000.0,6765000000.0,7247000000.0,7277000000.0,25.21,25.68,25.22,24.28,24.95,
EME,0000105634,Emcor,Industrials,Construction & Engineering,,1486070000.0,1105261000.0,1298094000.0,89595000.0,1208499000.0,24.070000000000004,924411000.0,10157082000.0,6077138000.0,4078907000.0,0.0,44109901.0,2026-07-30,2026-07-24,SEC Company Facts,https://data.sec.gov/api/xbrl/companyfacts/CIK0000105634.json,2025-12-31,2024-12-31,2023-12-31,2022-12-31,2021-12-31,2026-02-26,2026-02-26,2026-02-26,2025-02-26,2024-02-28,16986422000.0,14566116000.0,12582873000.0,11076120000.0,9903580000.0,1713418000.0,1344863000.0,875756000.0,564877000.0,530800000.0,1272817000.0,1007145000.0,633329000.0,406122000.0,383701000.0,1302063000.0,1407894000.0,899655000.0,497933000.0,318817000.0,112750000.0,74950000.0,78404000.0,49289000.0,36192000.0,1189313000.0,1332944000.0,821251000.0,448644000.0,282625000.0,28.19,21.52,13.31,8.1,7.06,
EMR,0000032604,Emerson Electric,Industrials,Electrical Components & Equipment,17780000000.0,,2577000000.0,3172000000.0,431000000.0,2741000000.0,4.66,2354000000.0,42208000000.0,21829000000.0,20379000000.0,13113000000.0,557800000.0,2026-08-04,2026-06-30,SEC Company Facts,https://data.sec.gov/api/xbrl/companyfacts/CIK0000032604.json,2025-09-30,2024-09-30,2023-09-30,2022-09-30,2021-09-30,2025-11-10,2025-11-10,2025-11-10,2024-11-12,2023-11-13,18016000000.0,17492000000.0,15165000000.0,13804000000.0,12932000000.0,,,,,,2246000000.0,1955000000.0,13200000000.0,3230000000.0,2327000000.0,3098000000.0,3332000000.0,637000000.0,2922000000.0,3575000000.0,431000000.0,419000000.0,363000000.0,299000000.0,404000000.0,2667000000.0,2913000000.0,274000000.0,2623000000.0,3171000000.0,4.04,3.43,22.88,5.41,3.82,
EOG,0000821189,EOG Resources,Energy,Oil & Gas Exploration & Production,22697000000.0,7287000000.0,5732000000.0,10672000000.0,,,10.309999999999999,4907000000.0,54783000000.0,22919000000.0,31864000000.0,7926000000.0,524529176.0,2026-08-04,2026-07-28,SEC Company Facts,https://data.sec.gov/api/xbrl/companyfacts/CIK0000821189.json,2025-12-31,2024-12-31,2023-12-31,2022-12-31,2021-12-31,2026-02-24,2026-02-24,2026-02-24,2025-02-27,2024-02-22,22632000000.0,23698000000.0,24186000000.0,25702000000.0,18642000000.0,6385000000.0,8082000000.0,9603000000.0,9966000000.0,6102000000.0,4980000000.0,6403000000.0,7594000000.0,7759000000.0,4664000000.0,10044000000.0,12143000000.0,11340000000.0,11093000000.0,8791000000.0,,,,,,,,,,,9.12,11.25,13.0,13.22,7.99,
EQIX,0001101239,Equinix,Real Estate,Data Center REITs,8943000000.0,1480000000.0,992000000.0,3492000000.0,233865000.0,3258135000.0,10.17,979000000.0,41076000000.0,26678000000.0,14382000000.0,19873000000.0,98671686.0,2026-07-29,2026-07-28,SEC Company Facts,https://data.sec.gov/api/xbrl/companyfacts/CIK0001101239.json,2025-12-31,2024-12-31,2023-12-31,2022-12-31,2021-12-31,2026-02-11,2026-02-11,2026-02-11,2025-02-12,2024-02-16,9217000000.0,8748000000.0,8188000000.0,7263000000.0,6635537000.0,1848000000.0,1328000000.0,1443000000.0,1200000000.0,1108162000.0,1348000000.0,814000000.0,969000000.0,705000000.0,499728000.0,3911000000.0,3249000000.0,3217000000.0,2963000000.0,2547206000.0,4311000000.0,3066000000.0,2781000000.0,2278000000.0,2751512000.0,-400000000.0,183000000.0,436000000.0,685000000.0,-204306000.0,13.76,8.5,10.31,7.67,5.53,
EQR,0000906107,Equity Residential,Real Estate,Multi-Family Residential REITs,2720910000.0,1160585000.0,1045971000.0,1540709000.0,2997000.0,1537712000.0,2.66,36405000.0,20275577000.0,9388998000.0,10514980000.0,8241242000.0,374944409.0,2026-07-30,2026-07-24,SEC Company Facts,https://data.sec.gov/api/xbrl/companyfacts/CIK0000906107.json,2025-12-31,2024-12-31,2023-12-31,2022-12-31,2021-12-31,2026-02-13,2026-02-13,2026-02-13,2025-02-13,2024-02-15,,,,,,,,1160585000.0,1116046000.0,1675841000.0,1151949000.0,1070975000.0,868488000.0,806995000.0,1396714000.0,1648763000.0,1573607000.0,1532798000.0,1454756000.0,1260184000.0,,,,,,,,,,,2.94,2.72,2.2,2.05,3.54,
EQT,0000033213,EQT Corporation,Energy,Oil & Gas Exploration & Production,4559507000.0,2129893000.0,1301887000.0,4332131000.0,2210365000.0,2121766000.0,1.9,112863000.0,41320840000.0,12457443000.0,25258876000.0,5655714000.0,625516000.0,2026-07-22,2026-07-14,SEC Company Facts,https://data.sec.gov/api/xbrl/companyfacts/CIK0000033213.json,2025-12-31,2024-12-31,2023-12-31,2022-12-31,2021-12-31,2026-02-18,2026-02-18,2026-02-18,2025-02-19,2024-02-14,8644211000.0,5273309000.0,6908923000.0,7497689000.0,6804020000.0,3249619000.0,685296000.0,2314411000.0,2717997000.0,-1360975000.0,2325658000.0,242115000.0,1734544000.0,1780942000.0,-1141501000.0,5125952000.0,2826973000.0,3178850000.0,3465560000.0,1662448000.0,2288425000.0,2253709000.0,2019037000.0,1400443000.0,1055128000.0,2837527000.0,573264000.0,1159813000.0,2065117000.0,607320000.0,3.31,0.45,4.22,4.38,-3.54,
ERIE,0000922621,Erie Indemnity,Financials,Insurance Brokers,3973472000.0,697984000.0,634000000.0,688323000.0,124288000.0,564035000.0,,266417000.0,3557016000.0,1089910000.0,2467106000.0,0.0,,2026-07-30,2026-06-30,SEC Company Facts,https://data.sec.gov/api/xbrl/companyfacts/CIK0000922621.json,2025-12-31,2024-12-31,2023-12-31,2022-12-31,2021-12-31,2026-02-23,2026-02-23,2026-02-23,2025-02-27,2024-02-26,4067258000.0,3795115000.0,3268940000.0,2840124000.0,2633977000.0,717184000.0,676455000.0,520256000.0,376214000.0,318097000.0,559335000.0,600314000.0,446061000.0,298569000.0,297860000.0,686657000.0,611249000.0,381205000.0,366152000.0,402794000.0,115692000.0,124845000.0,92647000.0,67204000.0,148800000.0,570965000.0,486404000.0,288558000.0,298948000.0,253994000.0,,,,,,
ES,0000072741,Eversource Energy,Utilities,Electric Utilities,12991135000.0,2549682000.0,865499000.0,3295615000.0,4309013000.0,-1013398000.0,2.2900000000000005,1819319000.0,63415743000.0,47075566000.0,16340177000.0,29111619000.0,376674754.0,2026-08-03,2026-07-31,SEC Company Facts,https://data.sec.gov/api/xbrl/companyfacts/CIK0000072741.json,2025-12-31,2024-12-31,2023-12-31,2022-12-31,2021-12-31,2026-02-17,2026-02-17,2026-02-17,2025-02-14,2024-02-14,13547244000.0,11900809000.0,11910705000.0,12289336000.0,9863085000.0,2988589000.0,2408709000.0,2399335000.0,2198154000.0,1993321000.0,1699891000.0,819172000.0,-434721000.0,1412394000.0,1228046000.0,4113572000.0,2159737000.0,1646161000.0,2401293000.0,1962600000.0,4158669000.0,4480529000.0,4336849000.0,3441852000.0,3175080000.0,-45097000.0,-2320792000.0,-2690688000.0,-1040559000.0,-1212480000.0,4.56,2.27,-1.26,4.05,3.54,
ESS,0000920522,Essex Property Trust,Real Estate,Multi-Family Residential REITs,9696000.0,970067000.0,871484000.0,1032155000.0,,,12.439999999999998,58327000.0,12898302000.0,7385413000.0,5323073000.0,6386526000.0,64268439.0,2026-07-30,2026-07-23,SEC Company Facts,https://data.sec.gov/api/xbrl/companyfacts/CIK0000920522.json,2025-12-31,2024-12-31,2023-12-31,2022-12-31,2021-12-31,2026-02-20,2026-02-20,2026-02-20,2025-02-21,2024-02-23,9381000.0,10265000.0,11131000.0,11139000.0,9138000.0,899316000.0,703095000.0,584342000.0,595229000.0,529995000.0,702773000.0,811306000.0,430708000.0,432985000.0,515691000.0,1074423000.0,1068305000.0,980064000.0,975649000.0,905259000.0,,,,,,,,,,,10.4,11.54,6.32,6.27,7.51,
ETN,0001551182,Eaton Corporation,Industrials,Electrical Components & Equipment,25989000000.0,3675000000.0,3929000000.0,4062000000.0,787000000.0,3275000000.0,9.940000000000001,483000000.0,56181000000.0,35927000000.0,20254000000.0,18520000000.0,388400000.0,2026-07-31,2026-06-30,SEC Company Facts,https://data.sec.gov/api/xbrl/companyfacts/CIK0001551182.json,2025-12-31,2024-12-31,2023-12-31,2022-12-31,2021-12-31,2026-02-26,2026-02-26,2026-02-26,2025-02-27,2024-02-29,27448000000.0,24878000000.0,23196000000.0,20752000000.0,19628000000.0,,,,,,4090000000.0,3798000000.0,3223000000.0,2465000000.0,2146000000.0,4472000000.0,4327000000.0,3624000000.0,2533000000.0,2163000000.0,919000000.0,808000000.0,757000000.0,598000000.0,575000000.0,3553000000.0,3519000000.0,2867000000.0,1935000000.0,1588000000.0,10.45,9.5,8.02,6.14,5.34,
ETR,0000065984,Entergy,Utilities,Electric Utilities,11862153000.0,3113212000.0,1337555000.0,4503606000.0,5537356000.0,-1033750000.0,3.09,3571053000.0,75804140000.0,58457399000.0,17346741000.0,32676089000.0,457832070.0,2026-05-01,2026-03-31,SEC Company Facts,https://data.sec.gov/api/xbrl/companyfacts/CIK0000065984.json,2025-12-31,2024-12-31,2023-12-31,2022-12-31,2021-12-31,2026-02-19,2026-02-19,2026-02-19,2025-02-18,2024-02-23,12946686000.0,11879653000.0,12147412000.0,13764237000.0,11742896000.0,3202278000.0,2651090000.0,2617975000.0,2050775000.0,1845626000.0,1773328000.0,1061184000.0,2362310000.0,1097138000.0,1118719000.0,5150651000.0,4488510000.0,4294328000.0,2585490000.0,2300713000.0,7684922000.0,4838339000.0,4440652000.0,5065126000.0,168304000.0,-2534271000.0,-349829000.0,-146324000.0,-2479636000.0,2132409000.0,3.91,2.45,5.55,2.68,5.54,
EVRG,0001711269,Evergy,Utilities,Electric Utilities,5718300000.0,1499400000.0,935100000.0,2116000000.0,2310800000.0,-194800000.0,3.8,18400000.0,34481500000.0,24324900000.0,10156600000.0,13514000000.0,230513025.0,2026-05-07,2026-04-30,SEC Company Facts,https://data.sec.gov/api/xbrl/companyfacts/CIK0001711269.json,2025-12-31,2024-12-31,2023-12-31,2022-12-31,2021-12-31,2026-02-19,2026-02-19,2026-02-19,2025-02-27,2024-02-29,5705100000.0,5704400000.0,5345100000.0,5589200000.0,5329100000.0,1532900000.0,1468000000.0,1282400000.0,1267200000.0,1354900000.0,867900000.0,885800000.0,743600000.0,765000000.0,891900000.0,2045200000.0,1983700000.0,1980200000.0,1801900000.0,1351700000.0,2796900000.0,2336600000.0,2334000000.0,2166500000.0,1972500000.0,-751700000.0,-352900000.0,-353800000.0,-364600000.0,-620800000.0,3.66,3.79,3.17,3.27,3.83,
EW,0001099800,Edwards Lifesciences,Health Care,Health Care Equipment,5685100000.0,1469200000.0,4141600000.0,794900000.0,207000000.0,587900000.0,6.960000000000001,2906500000.0,13867100000.0,3142200000.0,10618000000.0,598700000.0,576400000.0,2026-08-04,2026-07-31,SEC Company Facts,https://data.sec.gov/api/xbrl/companyfacts/CIK0001099800.json,2025-12-31,2024-12-31,2023-12-31,2022-12-31,2021-12-31,2026-02-25,2026-02-25,2026-02-25,2025-02-28,2024-02-12,6067600000.0,5439500000.0,5010000000.0,4464000000.0,5232500000.0,1264200000.0,1378700000.0,1308900000.0,1498400000.0,1690300000.0,1069400000.0,4169700000.0,1399400000.0,1521900000.0,1503100000.0,1595200000.0,542300000.0,895800000.0,1218200000.0,1732100000.0,260200000.0,252400000.0,253000000.0,244600000.0,325800000.0,1335000000.0,289900000.0,642800000.0,973600000.0,1406300000.0,1.83,6.97,2.3,2.44,2.38,
EXC,0001109357,Exelon,Utilities,Electric Utilities,23699000000.0,4741000000.0,2397000000.0,5777000000.0,7276000000.0,-1499000000.0,1.98,713000000.0,117545000000.0,88230000000.0,29315000000.0,49524000000.0,1023208142.0,2026-05-06,2026-03-31,SEC Company Facts,https://data.sec.gov/api/xbrl/companyfacts/CIK0001109357.json,2025-12-31,2024-12-31,2023-12-31,2022-12-31,2021-12-31,2026-02-12,2026-02-12,2026-02-12,2025-02-12,2024-02-21,24258000000.0,23028000000.0,21727000000.0,19078000000.0,17938000000.0,5148000000.0,4319000000.0,4023000000.0,3315000000.0,2682000000.0,2768000000.0,2460000000.0,2328000000.0,2171000000.0,1829000000.0,6254000000.0,5569000000.0,4703000000.0,4870000000.0,3012000000.0,8529000000.0,7097000000.0,7408000000.0,7147000000.0,7981000000.0,-2275000000.0,-1528000000.0,-2705000000.0,-2277000000.0,-4969000000.0,,,,,1.74,
EXE,0000895126,Expand Energy,Energy,Oil & Gas Exploration & Production,,-1103000000.0,-114000000.0,2109000000.0,1699000000.0,410000000.0,-5.789999999999999,2220000000.0,29521000000.0,9975000000.0,19546000000.0,4133000000.0,239228849.0,2026-04-28,2026-04-24,SEC Company Facts,https://data.sec.gov/api/xbrl/companyfacts/CIK0000895126.json,2025-12-31,2024-12-31,2023-12-31,2022-12-31,2021-12-31,2026-02-18,2026-02-18,2026-02-18,2025-02-26,2024-02-21,12124000000.0,4235000000.0,8721000000.0,11743000000.0,5549000000.0,2471000000.0,-803000000.0,3142000000.0,3780000000.0,938000000.0,1819000000.0,-714000000.0,2419000000.0,4936000000.0,945000000.0,4575000000.0,1565000000.0,2380000000.0,4125000000.0,1809000000.0,2736000000.0,1557000000.0,1829000000.0,1823000000.0,669000000.0,1839000000.0,8000000.0,551000000.0,2302000000.0,1140000000.0,7.57,-4.55,16.92,33.36,8.12,
EXPD,0000746515,Expeditors International,Industrials,Air Freight & Logistics,11273140000.0,1116222000.0,854100000.0,861522000.0,51369000.0,810153000.0,6.129999999999999,1031448000.0,5134910000.0,3016208000.0,2118702000.0,,129990622.0,2026-08-05,2026-07-31,SEC Company Facts,https://data.sec.gov/api/xbrl/companyfacts/CIK0000746515.json,2025-12-31,2024-12-31,2023-12-31,2022-12-31,2021-12-31,2026-02-25,2026-02-25,2026-02-25,2025-02-21,2024-02-23,11069009000.0,10600515000.0,9300110000.0,17071284000.0,16523517000.0,1052546000.0,1041323000.0,939933000.0,1824371000.0,1909326000.0,812048000.0,811633000.0,751779000.0,1360605000.0,1418845000.0,1006501000.0,723361000.0,1053191000.0,2129675000.0,868494000.0,53101000.0,40466000.0,39314000.0,86824000.0,36247000.0,953400000.0,682895000.0,1013877000.0,2042851000.0,832247000.0,5.95,5.72,5.01,8.26,8.27,
EXPE,0001324424,Expedia Group,Consumer Discretionary,"Hotels, Resorts & Cruise Lines",14018000000.0,1393000000.0,1110000000.0,2778000000.0,781000000.0,1997000000.0,8.120000000000001,6682000000.0,29061000000.0,27852000000.0,1209000000.0,5459000000.0,,2026-08-06,2026-06-30,SEC Company Facts,https://data.sec.gov/api/xbrl/companyfacts/CIK0001324424.json,2025-12-31,2024-12-31,2023-12-31,2022-12-31,2021-12-31,2026-02-13,2026-02-13,2026-02-13,2025-02-07,2024-02-09,14733000000.0,13691000000.0,12839000000.0,11667000000.0,8598000000.0,1871000000.0,1319000000.0,1033000000.0,1085000000.0,186000000.0,1301000000.0,1224000000.0,688000000.0,343000000.0,15000000.0,3880000000.0,3085000000.0,2690000000.0,3440000000.0,3748000000.0,770000000.0,756000000.0,846000000.0,662000000.0,673000000.0,3110000000.0,2329000000.0,1844000000.0,2778000000.0,3075000000.0,9.81,8.95,5.31,2.17,-1.8,
EXR,0001289490,Extra Space Storage,Real Estate,Self-Storage REITs,123796000.0,1445471000.0,1028387000.0,1901895000.0,695144000.0,1206751000.0,4.6000000000000005,695171000.0,29660493000.0,15483159000.0,13257895000.0,560613000.0,211269558.0,2026-07-31,2026-07-24,SEC Company Facts,https://data.sec.gov/api/xbrl/companyfacts/CIK0001289490.json,2025-12-31,2024-12-31,2023-12-31,2022-12-31,2021-12-31,2026-02-20,2026-02-20,2026-02-20,2025-02-28,2024-02-29,129476000.0,120855000.0,101986000.0,83904000.0,66264000.0,1412691000.0,1323360000.0,1170141000.0,1050402000.0,975953000.0,1022538000.0,900232000.0,850453000.0,921156000.0,877758000.0,1850193000.0,1887430000.0,1402474000.0,1238139000.0,952436000.0,561723000.0,479059000.0,135577000.0,1193261000.0,,1288470000.0,1408371000.0,1266897000.0,44878000.0,,4.59,4.03,4.74,6.41,6.19,
F,0000037996,Ford Motor Company,Consumer Discretionary,Automobile Manufacturers,182874000000.0,4313000000.0,4768000000.0,17717000000.0,8408000000.0,9309000000.0,1.25,17649000000.0,282434000000.0,244950000000.0,37453000000.0,291000000.0,3727332952.0,2026-04-30,2026-03-31,SEC Company Facts,https://data.sec.gov/api/xbrl/companyfacts/CIK0000037996.json,2025-12-31,2024-12-31,2023-12-31,2022-12-31,2021-12-31,2026-02-11,2026-02-11,2026-02-11,2025-02-06,2024-02-07,187267000000.0,184992000000.0,176191000000.0,158057000000.0,136341000000.0,-9169000000.0,5219000000.0,5458000000.0,6276000000.0,4523000000.0,-8162000000.0,5894000000.0,4329000000.0,-2152000000.0,17910000000.0,21282000000.0,15423000000.0,14918000000.0,6853000000.0,15787000000.0,8815000000.0,8684000000.0,8236000000.0,6866000000.0,6227000000.0,12467000000.0,6739000000.0,6682000000.0,-13000000.0,9560000000.0,-2.06,1.46,1.08,-0.49,4.45,
FANG,0001539838,Diamondback Energy,Energy,Oil & Gas Exploration & Production,9049000000.0,4934000000.0,4228000000.0,7582000000.0,,,13.8,462000000.0,70218000000.0,26233000000.0,37900000000.0,12614000000.0,280024353.0,2026-08-05,2026-07-31,SEC Company Facts,https://data.sec.gov/api/xbrl/companyfacts/CIK0001539838.json,2025-12-31,2024-12-31,2023-12-31,2022-12-31,2021-12-31,2026-02-25,2026-02-25,2026-02-25,2025-02-26,2024-02-22,15026000000.0,11066000000.0,8412000000.0,9643000000.0,6797000000.0,1266000000.0,4396000000.0,4570000000.0,6508000000.0,4001000000.0,1547000000.0,3701000000.0,3336000000.0,4562000000.0,2276000000.0,8758000000.0,6413000000.0,5920000000.0,6325000000.0,3944000000.0,,,,,,,,,,,5.73,15.53,17.34,24.61,12.24,
FAST,0000815556,Fastenal,Industrials,Trading Companies & Distributors,7774400000.0,1562900000.0,1189100000.0,1120500000.0,244600000.0,875900000.0,1.04,204700000.0,5293500000.0,1224700000.0,4068800000.0,120000000.0,1147497573.0,2026-07-16,2026-07-10,SEC Company Facts,https://data.sec.gov/api/xbrl/companyfacts/CIK0000815556.json,2025-12-31,2024-12-31,2023-12-31,2022-12-31,2021-12-31,2026-02-05,2026-02-05,2026-02-05,2025-02-06,2024-02-06,8200500000.0,7546000000.0,7346700000.0,6980600000.0,6010900000.0,1655700000.0,1510000000.0,1528700000.0,1453600000.0,1217400000.0,1258400000.0,1150600000.0,1155000000.0,1086900000.0,925000000.0,1295900000.0,1173300000.0,1432700000.0,941000000.0,770100000.0,245300000.0,226500000.0,172800000.0,173800000.0,156600000.0,1050600000.0,946800000.0,1259900000.0,767200000.0,613500000.0,1.09,1.0,1.01,1.89,1.6,
FCX,0000831259,Freeport-McMoRan,Materials,Copper,25660000000.0,6916000000.0,4297000000.0,6561000000.0,4726000000.0,1835000000.0,2.92,4080000000.0,59727000000.0,27505000000.0,20109000000.0,8170000000.0,1436017523.0,2026-08-06,2026-07-31,SEC Company Facts,https://data.sec.gov/api/xbrl/companyfacts/CIK0000831259.json,2025-12-31,2024-12-31,2023-12-31,2022-12-31,2021-12-31,2026-02-13,2026-02-13,2026-02-13,2025-02-14,2024-02-16,25186000000.0,25169000000.0,22703000000.0,23271000000.0,22422000000.0,6518000000.0,6864000000.0,6225000000.0,7037000000.0,8366000000.0,4152000000.0,4399000000.0,3751000000.0,4479000000.0,5365000000.0,5610000000.0,7160000000.0,5279000000.0,5139000000.0,7715000000.0,4494000000.0,4808000000.0,4824000000.0,3469000000.0,2115000000.0,1116000000.0,2352000000.0,455000000.0,1670000000.0,5600000000.0,,,,,2.9,
FDS,0001013237,FactSet,Financials,Financial Exchanges & Data,2287034000.0,698840000.0,532920000.0,677321000.0,60786000.0,616535000.0,13.859999999999998,288114000.0,4191997000.0,2159707000.0,2032290000.0,1389701000.0,35565543.0,2026-07-01,2026-06-25,SEC Company Facts,https://data.sec.gov/api/xbrl/companyfacts/CIK0001013237.json,2025-08-31,2024-08-31,2023-08-31,2022-08-31,2021-08-31,2025-10-22,2025-10-22,2025-10-22,2024-10-29,2023-10-27,2321748000.0,2203056000.0,2085508000.0,1843892000.0,1591445000.0,748303000.0,701299000.0,629207000.0,475482000.0,474041000.0,597040000.0,537126000.0,468173000.0,396917000.0,399590000.0,726260000.0,700338000.0,645573000.0,538277000.0,555226000.0,108806000.0,85681000.0,60786000.0,51156000.0,61325000.0,617454000.0,614657000.0,584787000.0,487121000.0,493901000.0,15.55,13.91,12.04,10.25,10.36,
FDX,0001048911,FedEx,Industrials,Air Freight & Logistics,94720000000.0,5463000000.0,4395000000.0,8925000000.0,3809000000.0,5116000000.0,18.55,13311000000.0,98937000000.0,67290000000.0,31647000000.0,23455000000.0,236581188.0,2026-07-20,2026-07-16,SEC Company Facts,https://data.sec.gov/api/xbrl/companyfacts/CIK0001048911.json,2026-05-31,2025-05-31,2024-05-31,2023-05-31,2022-05-31,2026-07-20,2026-07-20,2026-07-20,2025-07-21,2024-07-15,94720000000.0,87926000000.0,87693000000.0,90155000000.0,93512000000.0,5463000000.0,5217000000.0,5559000000.0,4912000000.0,6245000000.0,4433000000.0,4092000000.0,4331000000.0,3972000000.0,3826000000.0,8925000000.0,7036000000.0,8312000000.0,8848000000.0,9832000000.0,3809000000.0,4055000000.0,5176000000.0,6174000000.0,6763000000.0,5116000000.0,2981000000.0,3136000000.0,2674000000.0,3069000000.0,18.55,16.81,17.21,15.48,14.33,
FDXF,0002082247,FedEx Freight,Industrials,Cargo Ground Transportation,8795000000.0,540000000.0,655000000.0,167000000.0,379000000.0,-212000000.0,4.38,,6884000000.0,7381000000.0,-497000000.0,4264000000.0,149518133.0,2026-08-05,2026-08-03,SEC Company Facts,https://data.sec.gov/api/xbrl/companyfacts/CIK0002082247.json,2026-05-31,2025-05-31,2024-05-31,,,2026-08-05,2026-08-05,2026-08-05,,,8795000000.0,8892000000.0,9424000000.0,,,540000000.0,1404000000.0,1753000000.0,,,655000000.0,1346000000.0,1574000000.0,,,167000000.0,1531000000.0,1541000000.0,,,379000000.0,437000000.0,461000000.0,,,-212000000.0,1094000000.0,1080000000.0,,,4.38,9.0,10.53,,,
FE,0001031296,FirstEnergy,Utilities,Electric Utilities,11112000000.0,2517000000.0,1213000000.0,3568000000.0,4245000000.0,-677000000.0,1.88,52000000.0,56917000000.0,42811000000.0,12654000000.0,723000000.0,578431175.0,2026-04-28,2026-03-31,SEC Company Facts,https://data.sec.gov/api/xbrl/companyfacts/CIK0001031296.json,2025-12-31,2024-12-31,2023-12-31,2022-12-31,2021-12-31,2026-02-18,2026-02-18,2026-02-18,2025-02-27,2024-02-13,15090000000.0,13472000000.0,12870000000.0,12459000000.0,11132000000.0,2206000000.0,2375000000.0,2266000000.0,1910000000.0,1726000000.0,1271000000.0,1127000000.0,1176000000.0,439000000.0,1283000000.0,3700000000.0,2891000000.0,1387000000.0,2683000000.0,2811000000.0,4705000000.0,4030000000.0,3356000000.0,2848000000.0,2487000000.0,-1005000000.0,-1139000000.0,-1969000000.0,-165000000.0,324000000.0,1.76,1.7,1.92,0.71,2.35,
FERG,0002011641,Ferguson Enterprises,Industrials,Building Products,30830000000.0,2785000000.0,1873000000.0,2133000000.0,,,9.349999999999998,437000000.0,19303000000.0,13102000000.0,6201000000.0,4904000000.0,193452717.0,2026-08-10,2026-08-03,SEC Company Facts,https://data.sec.gov/api/xbrl/companyfacts/CIK0002011641.json,2025-07-31,2024-07-31,2023-07-31,2022-07-31,,2025-09-26,2025-09-26,2025-09-26,2024-09-25,,30762000000.0,29635000000.0,29734000000.0,28566000000.0,,2606000000.0,2652000000.0,2659000000.0,2820000000.0,,1856000000.0,1735000000.0,1889000000.0,2122000000.0,,1908000000.0,1873000000.0,2723000000.0,1149000000.0,,305000000.0,372000000.0,441000000.0,290000000.0,,1603000000.0,1501000000.0,2282000000.0,859000000.0,,9.32,8.53,9.12,9.69,,
FFIV,0001048695,"F5, Inc.",Information Technology,Communications Equipment,3024656000.0,751321000.0,667183000.0,988103000.0,33179000.0,954924000.0,11.34,1605782000.0,6829074000.0,1628778000.0,3855729000.0,0.0,56627182.0,2026-08-06,2026-08-03,SEC Company Facts,https://data.sec.gov/api/xbrl/companyfacts/CIK0001048695.json,2025-09-30,2024-09-30,2023-09-30,2022-09-30,2021-09-30,2025-11-25,2025-11-25,2025-11-25,2024-11-18,2023-11-14,3088072000.0,2816120000.0,2813169000.0,2695845000.0,2603416000.0,765949000.0,658591000.0,472568000.0,403792000.0,394025000.0,692380000.0,566778000.0,394948000.0,322160000.0,331241000.0,949666000.0,792419000.0,653409000.0,442631000.0,645196000.0,43260000.0,30412000.0,54184000.0,33624000.0,30651000.0,906406000.0,762007000.0,599225000.0,409007000.0,614545000.0,11.8,9.55,6.55,5.27,5.34,
FICO,0000814547,Fair Isaac,Information Technology,Application Software,1928927000.0,884872000.0,632623000.0,781616000.0,6505000.0,775111000.0,25.560000000000002,248444000.0,2037373000.0,6134508000.0,-4097135000.0,5297389000.0,21597635.0,2026-07-29,2026-07-17,SEC Company Facts,https://data.sec.gov/api/xbrl/companyfacts/CIK0000814547.json,2025-09-30,2024-09-30,2023-09-30,2022-09-30,2021-09-30,2025-11-07,2025-11-07,2025-11-07,2024-11-06,2023-11-08,1990869000.0,1717526000.0,1513557000.0,1377270000.0,1316536000.0,924850000.0,733629000.0,642830000.0,542414000.0,505489000.0,651946000.0,512811000.0,429375000.0,373541000.0,392084000.0,778807000.0,632964000.0,468915000.0,509450000.0,423817000.0,8922000.0,8884000.0,4237000.0,6029000.0,7569000.0,769885000.0,624080000.0,464678000.0,503421000.0,416248000.0,26.54,20.45,16.93,14.18,13.4,
FIS,0001136893,Fidelity National Information Services,Financials,Transaction & Payment Processing Services,10317000000.0,1739000000.0,115000000.0,4335000000.0,130000000.0,4205000000.0,0.18999999999999995,744000000.0,44106000000.0,28065000000.0,16038000000.0,16948000000.0,515705917.0,2026-08-04,2026-07-31,SEC Company Facts,https://data.sec.gov/api/xbrl/companyfacts/CIK0001136893.json,2025-12-31,2024-12-31,2023-12-31,2022-12-31,2021-12-31,2026-02-24,2026-02-24,2026-02-24,2025-02-13,2024-02-26,10677000000.0,10127000000.0,9831000000.0,9720000000.0,9339000000.0,1741000000.0,1709000000.0,1447000000.0,1176000000.0,1040000000.0,385000000.0,1453000000.0,-6648000000.0,-16740000000.0,424000000.0,2608000000.0,2175000000.0,2078000000.0,1622000000.0,4810000000.0,154000000.0,97000000.0,115000000.0,227000000.0,320000000.0,2454000000.0,2078000000.0,1963000000.0,1395000000.0,4490000000.0,0.73,2.61,-11.26,-27.74,0.67,
FISV,0000798354,Fiserv,Financials,Transaction & Payment Processing Services,18284000000.0,6361000000.0,3397000000.0,6772000000.0,1615000000.0,5157000000.0,5.98,627000000.0,80886000000.0,53960000000.0,26904000000.0,5254000000.0,531766721.0,2026-08-07,2026-07-31,SEC Company Facts,https://data.sec.gov/api/xbrl/companyfacts/CIK0000798354.json,2025-12-31,2024-12-31,2023-12-31,2022-12-31,2021-12-31,2026-02-19,2026-02-19,2026-02-19,2025-02-20,2024-02-22,21193000000.0,20456000000.0,19093000000.0,17737000000.0,16226000000.0,5818000000.0,5879000000.0,5014000000.0,3740000000.0,2288000000.0,3490000000.0,3180000000.0,3129000000.0,2582000000.0,1403000000.0,6062000000.0,6631000000.0,5162000000.0,4618000000.0,4034000000.0,1763000000.0,1569000000.0,1388000000.0,1479000000.0,1160000000.0,4299000000.0,5062000000.0,3774000000.0,3139000000.0,2874000000.0,6.34,5.38,4.98,3.91,1.99,
FITB,0000035527,Fifth Third Bancorp,Financials,Regional Banks,,,2512000000.0,4298000000.0,518000000.0,3780000000.0,3.210000000000001,4374000000.0,300180000000.0,265698000000.0,34482000000.0,17636000000.0,906892564.0,2026-08-04,2026-07-31,SEC Company Facts,https://data.sec.gov/api/xbrl/companyfacts/CIK0000035527.json,2025-12-31,2024-12-31,2023-12-31,2022-12-31,2021-12-31,2026-02-24,2026-02-24,2026-02-24,2025-02-24,2024-02-27,,,,,,,,,,,2522000000.0,2314000000.0,2349000000.0,2446000000.0,2770000000.0,4514000000.0,2824000000.0,4509000000.0,6428000000.0,2704000000.0,584000000.0,414000000.0,491000000.0,348000000.0,309000000.0,3930000000.0,2410000000.0,4018000000.0,6080000000.0,2395000000.0,3.53,3.14,3.22,3.35,3.73,
FIX,0001035983,Comfort Systems USA,Industrials,Construction & Engineering,2776935000.0,938210000.0,692242000.0,677187000.0,116216000.0,560971000.0,19.45,1854794000.0,8487806000.0,5270537000.0,3217269000.0,54209000.0,35194329.0,2026-07-23,2026-07-17,SEC Company Facts,https://data.sec.gov/api/xbrl/companyfacts/CIK0001035983.json,2025-12-31,2024-12-31,2023-12-31,2022-12-31,2021-12-31,2026-02-19,2026-02-19,2026-02-19,2025-02-20,2024-02-22,9101641000.0,7027476000.0,5206760000.0,4140364000.0,3073636000.0,1314589000.0,749369000.0,418388000.0,253849000.0,188438000.0,1022558000.0,522433000.0,323398000.0,245947000.0,143348000.0,1186356000.0,849057000.0,639568000.0,301531000.0,180151000.0,154903000.0,111071000.0,94838000.0,48359000.0,22330000.0,1031453000.0,737986000.0,544730000.0,253172000.0,157821000.0,28.88,14.6,9.01,6.82,3.93,
FLEX,0000866374,Flex Ltd.,Information Technology,Electronic Manufacturing Services,26074000000.0,1247000000.0,891000000.0,1564000000.0,460000000.0,1104000000.0,2.27,2840000000.0,25198000000.0,19698000000.0,5500000000.0,5280534000.0,369402978.0,2026-07-31,2026-07-24,SEC Company Facts,https://data.sec.gov/api/xbrl/companyfacts/CIK0000866374.json,2026-03-31,2025-03-31,2024-03-31,2023-03-31,2022-03-31,2026-05-20,2026-05-20,2026-05-20,2025-05-21,2024-05-17,27914000000.0,25813000000.0,26415000000.0,28502000000.0,24633000000.0,1368000000.0,1169000000.0,853000000.0,1017000000.0,890000000.0,880000000.0,838000000.0,1245000000.0,1033000000.0,940000000.0,1685000000.0,1505000000.0,1326000000.0,950000000.0,1024000000.0,633000000.0,438000000.0,530000000.0,635000000.0,443000000.0,1052000000.0,1067000000.0,796000000.0,315000000.0,581000000.0,2.33,2.11,2.28,1.72,1.94,
FOX,0001754301,Fox Corporation (Class B),Communication Services,Broadcasting,17126000000.0,,1727000000.0,1970000000.0,502000000.0,1468000000.0,3.84,2818000000.0,22482000000.0,10854000000.0,11628000000.0,6606000000.0,1.0,2026-08-06,2026-06-30,SEC Company Facts,https://data.sec.gov/api/xbrl/companyfacts/CIK0001754301.json,2026-06-30,2025-06-30,2024-06-30,2023-06-30,2022-06-30,2026-08-06,2026-08-06,2026-08-06,2025-08-06,2024-08-08,17126000000.0,16300000000.0,13980000000.0,14913000000.0,13974000000.0,,,,,,1727000000.0,2293000000.0,1554000000.0,1253000000.0,1233000000.0,1970000000.0,3324000000.0,1840000000.0,1800000000.0,1884000000.0,502000000.0,331000000.0,345000000.0,357000000.0,307000000.0,1468000000.0,2993000000.0,1495000000.0,1443000000.0,1577000000.0,3.84,4.91,3.13,2.33,2.11,
FOXA,0001754301,Fox Corporation (Class A),Communication Services,Broadcasting,17126000000.0,,1727000000.0,1970000000.0,502000000.0,1468000000.0,3.84,2818000000.0,22482000000.0,10854000000.0,11628000000.0,6606000000.0,1.0,2026-08-06,2026-06-30,SEC Company Facts,https://data.sec.gov/api/xbrl/companyfacts/CIK0001754301.json,2026-06-30,2025-06-30,2024-06-30,2023-06-30,2022-06-30,2026-08-06,2026-08-06,2026-08-06,2025-08-06,2024-08-08,17126000000.0,16300000000.0,13980000000.0,14913000000.0,13974000000.0,,,,,,1727000000.0,2293000000.0,1554000000.0,1253000000.0,1233000000.0,1970000000.0,3324000000.0,1840000000.0,1800000000.0,1884000000.0,502000000.0,331000000.0,345000000.0,357000000.0,307000000.0,1468000000.0,2993000000.0,1495000000.0,1443000000.0,1577000000.0,3.84,4.91,3.13,2.33,2.11,
FRT,0000034903,Federal Realty Investment Trust,Real Estate,Retail REITs,1220283000.0,480295000.0,312896000.0,612447000.0,,,3.4799999999999995,115633000.0,9096770000.0,5532426000.0,3311137000.0,4963602000.0,86389197.0,2026-05-01,2026-04-28,SEC Company Facts,https://data.sec.gov/api/xbrl/companyfacts/CIK0000034903.json,2025-12-31,2024-12-31,2023-12-31,2022-12-31,2021-12-31,2026-02-12,2026-02-12,2026-02-12,2025-02-13,2024-02-12,1278975000.0,1202452000.0,1132154000.0,1074378000.0,951224000.0,602199000.0,472356000.0,406470000.0,526408000.0,394725000.0,423648000.0,304334000.0,247217000.0,395661000.0,269081000.0,622378000.0,574563000.0,555830000.0,516769000.0,471352000.0,,,,,,,,,,,4.68,3.42,2.8,4.71,3.26,
FSLR,0001274494,First Solar,Information Technology,Semiconductors,4343437000.0,1361619000.0,1257475000.0,298857000.0,1241558000.0,-942701000.0,11.7,1688279000.0,13388598000.0,3068260000.0,10320338000.0,37635000.0,107469788.0,2026-07-30,2026-07-24,SEC Company Facts,https://data.sec.gov/api/xbrl/companyfacts/CIK0001274494.json,2025-12-31,2024-12-31,2023-12-31,2022-12-31,2021-12-31,2026-02-24,2026-02-24,2026-02-24,2025-02-25,2024-02-27,5219376000.0,4206289000.0,3318602000.0,2619319000.0,2923377000.0,1596864000.0,1394420000.0,857266000.0,-27236000.0,586751000.0,1528229000.0,1292044000.0,830777000.0,-44166000.0,468693000.0,2057105000.0,1217999000.0,602260000.0,873369000.0,237559000.0,869875000.0,1526076000.0,1386775000.0,903605000.0,540291000.0,1187230000.0,-308077000.0,-784515000.0,-30236000.0,-302732000.0,14.21,12.02,7.74,-0.41,4.38,
FTNT,0001262039,Fortinet,Information Technology,Systems Software,6337900000.0,1956800000.0,1745200000.0,2400900000.0,389300000.0,2011600000.0,2.51,2934900000.0,10859200000.0,9308100000.0,1551100000.0,496900000.0,733713653.0,2026-07-30,2026-07-28,SEC Company Facts,https://data.sec.gov/api/xbrl/companyfacts/CIK0001262039.json,2025-12-31,2024-12-31,2023-12-31,2022-12-31,2021-12-31,2026-02-25,2026-02-25,2026-02-25,2025-02-21,2024-02-26,6799600000.0,5955800000.0,5304800000.0,4417400000.0,3342200000.0,2084700000.0,1803400000.0,1241100000.0,969600000.0,650400000.0,1853400000.0,1745200000.0,1147800000.0,856600000.0,606700000.0,2590600000.0,2258100000.0,1935500000.0,1730600000.0,1499700000.0,364800000.0,378900000.0,204100000.0,281200000.0,295900000.0,2225800000.0,1879200000.0,1731400000.0,1449400000.0,1203800000.0,2.42,2.26,1.46,1.06,0.73,
FTV,0001659166,Fortive,Industrials,Industrial Machinery & Supplies & Components,4235400000.0,746600000.0,789900000.0,1076300000.0,110600000.0,965700000.0,1.67,356100000.0,11584100000.0,5501000000.0,6083100000.0,3489100000.0,304861021.0,2026-04-30,2026-04-24,SEC Company Facts,https://data.sec.gov/api/xbrl/companyfacts/CIK0001659166.json,2025-12-31,2024-12-31,2023-12-31,2022-12-31,2021-12-31,2026-02-25,2026-02-25,2026-02-25,2025-02-25,2024-02-27,4159100000.0,4080900000.0,3913900000.0,5825700000.0,5254700000.0,720200000.0,716300000.0,574000000.0,987400000.0,812800000.0,579200000.0,832900000.0,865800000.0,755200000.0,608400000.0,1083200000.0,1526800000.0,1353600000.0,1303200000.0,961100000.0,105100000.0,86100000.0,78600000.0,95800000.0,50000000.0,978100000.0,1440700000.0,1275000000.0,1207400000.0,911100000.0,1.73,2.36,2.43,2.1,1.63,
GD,0000040533,General Dynamics,Industrials,Aerospace & Defense,53808000000.0,5508000000.0,4341000000.0,7423000000.0,1222000000.0,6201000000.0,15.45,3654000000.0,59029000000.0,32950000000.0,26079000000.0,8014000000.0,270430187.0,2026-04-29,2026-04-05,SEC Company Facts,https://data.sec.gov/api/xbrl/companyfacts/CIK0000040533.json,2025-12-31,2024-12-31,2023-12-31,2022-12-31,2021-12-31,2026-01-30,2026-01-30,2026-01-30,2025-02-07,2024-02-08,52550000000.0,47716000000.0,42272000000.0,39407000000.0,38469000000.0,5356000000.0,4796000000.0,4245000000.0,4211000000.0,4163000000.0,4210000000.0,3782000000.0,3315000000.0,3390000000.0,3257000000.0,5120000000.0,4112000000.0,4710000000.0,4579000000.0,4271000000.0,1161000000.0,916000000.0,904000000.0,1114000000.0,887000000.0,3959000000.0,3196000000.0,3806000000.0,3465000000.0,3384000000.0,15.45,13.63,12.02,12.19,11.55,
GDDY,0001609711,GoDaddy,Information Technology,Internet Services & Infrastructure,4752100000.0,1023000000.0,875000000.0,1480300000.0,27100000.0,1453200000.0,5.600000000000001,966700000.0,7996600000.0,7989900000.0,6700000.0,3774400000.0,126647704.0,2026-07-31,2026-07-24,SEC Company Facts,https://data.sec.gov/api/xbrl/companyfacts/CIK0001609711.json,2025-12-31,2024-12-31,2023-12-31,2022-12-31,2021-12-31,2026-02-25,2026-02-25,2026-02-25,2025-02-20,2024-02-29,4951100000.0,4573200000.0,4254100000.0,4091300000.0,3815700000.0,1127300000.0,893500000.0,547400000.0,498800000.0,382100000.0,875000000.0,936900000.0,1375600000.0,352900000.0,242800000.0,1599400000.0,1287700000.0,1047600000.0,979700000.0,829300000.0,23900000.0,26600000.0,42000000.0,59700000.0,51100000.0,1575500000.0,1261100000.0,1005600000.0,920000000.0,778200000.0,6.22,6.45,9.08,,,
GE,0000040545,GE Aerospace,Industrials,Aerospace & Defense,,22460000000.0,7726000000.0,6560000000.0,1157000000.0,5403000000.0,7.170000000000001,43299000000.0,127672000000.0,109805000000.0,17640000000.0,20469000000.0,1037562513.0,2026-07-16,2026-06-30,SEC Company Facts,https://data.sec.gov/api/xbrl/companyfacts/CIK0000040545.json,2025-12-31,2024-12-31,2023-12-31,2022-12-31,2021-12-31,2026-01-29,2026-01-29,2026-01-29,2025-02-03,2024-02-02,45855000000.0,38702000000.0,35348000000.0,29139000000.0,56469000000.0,,,,,,8698000000.0,6566000000.0,9445000000.0,403000000.0,-6408000000.0,8537000000.0,4710000000.0,5189000000.0,5917000000.0,3481000000.0,1273000000.0,1032000000.0,862000000.0,662000000.0,1113000000.0,7264000000.0,3678000000.0,4327000000.0,5255000000.0,2368000000.0,8.14,5.99,8.36,0.05,-6.0,
GEHC,0001932393,GE HealthCare,Health Care,Health Care Equipment,19799000000.0,2714000000.0,2250000000.0,1427000000.0,,,4.76,2261000000.0,37125000000.0,26227000000.0,10668000000.0,10129000000.0,454891786.0,2026-04-29,2026-04-22,SEC Company Facts,https://data.sec.gov/api/xbrl/companyfacts/CIK0001932393.json,2025-12-31,2024-12-31,2023-12-31,2022-12-31,2021-12-31,2026-02-04,2026-02-04,2026-02-04,2025-02-13,2024-02-06,20625000000.0,19672000000.0,19552000000.0,18341000000.0,17585000000.0,2763000000.0,2625000000.0,2435000000.0,2522000000.0,2795000000.0,2154000000.0,2050000000.0,1614000000.0,1967000000.0,2293000000.0,1987000000.0,1955000000.0,2101000000.0,2134000000.0,1607000000.0,482000000.0,401000000.0,387000000.0,310000000.0,248000000.0,1505000000.0,1554000000.0,1714000000.0,1824000000.0,1359000000.0,4.55,4.34,3.03,4.22,4.95,
GEN,0000849399,Gen Digital,Information Technology,Systems Software,4227000000.0,1639000000.0,977000000.0,1366000000.0,17000000.0,1349000000.0,0.96,1006000000.0,15644000000.0,12988000000.0,2656000000.0,8156000000.0,598587032.0,2026-08-07,2026-08-04,SEC Company Facts,https://data.sec.gov/api/xbrl/companyfacts/CIK0000849399.json,2026-04-03,2025-03-28,2024-03-29,2023-03-31,2022-04-01,2026-05-21,2026-05-21,2026-05-21,2025-05-15,2024-05-16,5000000000.0,3935000000.0,3800000000.0,3317000000.0,2796000000.0,2120000000.0,1610000000.0,1110000000.0,1206000000.0,1005000000.0,973000000.0,643000000.0,607000000.0,1334000000.0,836000000.0,1545000000.0,1221000000.0,2064000000.0,757000000.0,974000000.0,22000000.0,15000000.0,20000000.0,6000000.0,6000000.0,1523000000.0,1206000000.0,2044000000.0,751000000.0,968000000.0,1.57,1.03,0.95,2.14,1.41,
GEV,0001996810,GE Vernova,Industrials,Heavy Electrical Equipment,36615000000.0,654000000.0,1141000000.0,3576000000.0,868000000.0,2708000000.0,4.13,13120000000.0,80800000000.0,67685000000.0,11957000000.0,,266333581.0,2026-07-22,2026-06-30,SEC Company Facts,https://data.sec.gov/api/xbrl/companyfacts/CIK0001996810.json,2025-12-31,2024-12-31,2023-12-31,2022-12-31,,2026-01-29,2026-01-29,2026-01-29,2025-02-06,,38068000000.0,34935000000.0,33239000000.0,29654000000.0,,1388000000.0,471000000.0,-923000000.0,-2881000000.0,,4879000000.0,1559000000.0,-474000000.0,-2722000000.0,,4987000000.0,2583000000.0,1186000000.0,-114000000.0,,1277000000.0,883000000.0,744000000.0,513000000.0,,3710000000.0,1700000000.0,442000000.0,-627000000.0,,17.69,5.58,-1.6,-10.0,,
GILD,0000882095,Gilead Sciences,Health Care,Biotechnology,28863000000.0,8051000000.0,8510000000.0,9868000000.0,499000000.0,9369000000.0,5.039999999999999,5412000000.0,49362000000.0,37533000000.0,11829000000.0,26246000000.0,1239955155.0,2026-08-06,2026-07-31,SEC Company Facts,https://data.sec.gov/api/xbrl/companyfacts/CIK0000882095.json,2025-12-31,2024-12-31,2023-12-31,2022-12-31,2021-12-31,2026-02-24,2026-02-24,2026-02-24,2025-02-28,2024-02-23,29443000000.0,28754000000.0,27116000000.0,27281000000.0,27305000000.0,10022000000.0,1662000000.0,7605000000.0,7330000000.0,9918000000.0,8510000000.0,480000000.0,5613000000.0,4566000000.0,6201000000.0,10019000000.0,10828000000.0,8006000000.0,9072000000.0,11384000000.0,563000000.0,523000000.0,585000000.0,728000000.0,579000000.0,9456000000.0,10305000000.0,7421000000.0,8344000000.0,10805000000.0,6.78,0.38,4.5,3.64,4.93,
GIS,0000040704,General Mills,Consumer Staples,Packaged Foods & Meats,18424600000.0,885800000.0,-85300000.0,2166200000.0,539900000.0,1626300000.0,-0.16,453800000.0,30016700000.0,22636100000.0,7368400000.0,13469600000.0,533708396.0,2026-07-01,2026-06-15,SEC Company Facts,https://data.sec.gov/api/xbrl/companyfacts/CIK0000040704.json,2026-05-31,2025-05-25,2024-05-26,2023-05-28,2022-05-29,2026-07-01,2026-07-01,2026-07-01,2025-06-26,2024-06-26,18424600000.0,19486600000.0,19857200000.0,20094200000.0,18992800000.0,885800000.0,3304800000.0,3431700000.0,3433800000.0,3475800000.0,-85300000.0,2318900000.0,2518600000.0,2609600000.0,2735000000.0,2166200000.0,2918200000.0,3302600000.0,2778600000.0,3316100000.0,539900000.0,625300000.0,774100000.0,689500000.0,568700000.0,1626300000.0,2292900000.0,2528500000.0,2089100000.0,2747400000.0,-0.16,4.1,4.31,4.31,4.42,
GL,0000320335,Globe Life,Financials,Life & Health Insurance,5883393000.0,1376509000.0,1065502000.0,1417330000.0,68994000.0,1348336000.0,12.499999999999998,38792000.0,31562519000.0,25406704000.0,6155815000.0,2665296000.0,76849447.0,2026-08-05,2026-07-31,SEC Company Facts,https://data.sec.gov/api/xbrl/companyfacts/CIK0000320335.json,2025-12-31,2024-12-31,2023-12-31,2022-12-31,2021-12-31,2026-02-25,2026-02-25,2026-02-25,2025-02-26,2024-02-28,5994318000.0,5778069000.0,5447533000.0,5226740000.0,5112038000.0,,,1265012000.0,1186466000.0,1227190000.0,1161238000.0,1070762000.0,970755000.0,894386000.0,1031114000.0,1396391000.0,1402440000.0,1482425000.0,1422194000.0,1437680000.0,142484000.0,71045000.0,49553000.0,27929000.0,38244000.0,1253907000.0,1331395000.0,1432872000.0,1394265000.0,1399436000.0,14.07,11.94,10.07,9.04,9.99,
GLW,0000024741,Corning Inc.,Information Technology,Electronic Components,10859000000.0,1326000000.0,343000000.0,1994000000.0,,,0.52,1755000000.0,31253000000.0,18904000000.0,11812000000.0,3458000000.0,860637825.0,2026-05-01,2026-04-24,SEC Company Facts,https://data.sec.gov/api/xbrl/companyfacts/CIK0000024741.json,2025-12-31,2024-12-31,2023-12-31,2022-12-31,2021-12-31,2026-02-12,2026-02-12,2026-02-12,2025-02-13,2024-02-12,15629000000.0,13118000000.0,12588000000.0,14189000000.0,14082000000.0,2279000000.0,1135000000.0,890000000.0,1438000000.0,2112000000.0,1742000000.0,592000000.0,648000000.0,1386000000.0,1935000000.0,2695000000.0,1939000000.0,2005000000.0,2615000000.0,3412000000.0,,,,,,,,,,,1.83,0.58,0.68,1.54,1.28,
GM,0001467858,General Motors,Consumer Discretionary,Automobile Manufacturers,171063000000.0,10652000000.0,4880000000.0,23970000000.0,9431000000.0,14539000000.0,6.550000000000001,20134000000.0,282742000000.0,219101000000.0,62000000000.0,,877451541.0,2026-07-21,2026-07-10,SEC Company Facts,https://data.sec.gov/api/xbrl/companyfacts/CIK0001467858.json,2025-12-31,2024-12-31,2023-12-31,2022-12-31,2021-12-31,2026-01-27,2026-01-27,2026-01-27,2025-01-28,2024-01-30,167971000000.0,171606000000.0,157658000000.0,143975000000.0,113590000000.0,2909000000.0,12784000000.0,9298000000.0,10315000000.0,9324000000.0,2780000000.0,5963000000.0,9840000000.0,9708000000.0,9945000000.0,26867000000.0,20129000000.0,20930000000.0,16043000000.0,15188000000.0,9303000000.0,10830000000.0,10970000000.0,9238000000.0,7509000000.0,17564000000.0,9299000000.0,9960000000.0,6805000000.0,7679000000.0,3.27,6.37,7.32,6.13,6.7,
GNRC,0001474735,Generac,Industrials,Heavy Electrical Equipment,4411654000.0,562065000.0,350155000.0,682080000.0,170614000.0,511466000.0,6.009999999999999,264921000.0,5772151000.0,2894156000.0,2877623000.0,1212527000.0,59006361.0,2026-08-04,2026-07-31,SEC Company Facts,https://data.sec.gov/api/xbrl/companyfacts/CIK0001474735.json,2025-12-31,2024-12-31,2023-12-31,2022-12-31,2021-12-31,2026-02-18,2026-02-18,2026-02-18,2025-02-19,2024-02-21,4209147000.0,4295834000.0,4022667000.0,4564737000.0,3737184000.0,289191000.0,536742000.0,386199000.0,566330000.0,721136000.0,161354000.0,316978000.0,217120000.0,408870000.0,556569000.0,437978000.0,741301000.0,521670000.0,58516000.0,411156000.0,169850000.0,136733000.0,129060000.0,86188000.0,109992000.0,268128000.0,604568000.0,392610000.0,-27672000.0,301164000.0,2.69,5.39,3.27,5.42,8.3,
GOOG,0001652044,Alphabet Inc. (Class C),Communication Services,Interactive Media & Services,318146000000.0,121370000000.0,115573000000.0,133708000000.0,66980000000.0,66728000000.0,9.38,55911000000.0,921983000000.0,281503000000.0,640480000000.0,99494000000.0,,2026-07-23,2026-06-30,SEC Company Facts,https://data.sec.gov/api/xbrl/companyfacts/CIK0001652044.json,2025-12-31,2024-12-31,2023-12-31,2022-12-31,2021-12-31,2026-02-05,2026-02-05,2026-02-05,2025-02-05,2024-01-31,402836000000.0,350018000000.0,307394000000.0,282836000000.0,257637000000.0,129039000000.0,112390000000.0,84293000000.0,74842000000.0,78714000000.0,132170000000.0,100118000000.0,73795000000.0,59972000000.0,76033000000.0,164713000000.0,125299000000.0,101746000000.0,91495000000.0,91652000000.0,91447000000.0,52535000000.0,32251000000.0,31485000000.0,24640000000.0,73266000000.0,72764000000.0,69495000000.0,60010000000.0,67012000000.0,10.81,8.04,5.8,4.56,5.61,
GOOGL,0001652044,Alphabet Inc. (Class A),Communication Services,Interactive Media & Services,318146000000.0,121370000000.0,115573000000.0,133708000000.0,66980000000.0,66728000000.0,9.38,55911000000.0,921983000000.0,281503000000.0,640480000000.0,99494000000.0,,2026-07-23,2026-06-30,SEC Company Facts,https://data.sec.gov/api/xbrl/companyfacts/CIK0001652044.json,2025-12-31,2024-12-31,2023-12-31,2022-12-31,2021-12-31,2026-02-05,2026-02-05,2026-02-05,2025-02-05,2024-01-31,402836000000.0,350018000000.0,307394000000.0,282836000000.0,257637000000.0,129039000000.0,112390000000.0,84293000000.0,74842000000.0,78714000000.0,132170000000.0,100118000000.0,73795000000.0,59972000000.0,76033000000.0,164713000000.0,125299000000.0,101746000000.0,91495000000.0,91652000000.0,91447000000.0,52535000000.0,32251000000.0,31485000000.0,24640000000.0,73266000000.0,72764000000.0,69495000000.0,60010000000.0,67012000000.0,10.81,8.04,5.8,4.56,5.61,
GPC,0000040987,Genuine Parts Company,Consumer Discretionary,Distributors,23770865000.0,1430505000.0,679424000.0,808451000.0,556916000.0,251535000.0,5.809999999999999,900123000.0,21058293000.0,16532281000.0,4526012000.0,4226648000.0,137859758.0,2026-07-21,2026-07-17,SEC Company Facts,https://data.sec.gov/api/xbrl/companyfacts/CIK0000040987.json,2025-12-31,2024-12-31,2023-12-31,2022-12-31,2021-12-31,2026-02-20,2026-02-20,2026-02-20,2025-02-21,2024-02-22,24300141000.0,23486569000.0,23090610000.0,22095973000.0,18870510000.0,,,,,,65945000.0,904076000.0,1316524000.0,1182701000.0,898790000.0,890762000.0,1251251000.0,1435610000.0,1466971000.0,1258285000.0,469838000.0,567339000.0,512675000.0,339632000.0,266136000.0,420924000.0,683912000.0,922935000.0,1127339000.0,992149000.0,0.47,6.47,9.33,8.31,6.23,
GPN,0001123360,Global Payments,Financials,Transaction & Payment Processing Services,7720456000.0,1904788000.0,1490686000.0,3091818000.0,98537000.0,2993281000.0,5.710000000000001,5408962000.0,63573787000.0,39604137000.0,23110707000.0,9268462000.0,264618390.0,2026-08-05,2026-07-31,SEC Company Facts,https://data.sec.gov/api/xbrl/companyfacts/CIK0001123360.json,2025-12-31,2024-12-31,2023-12-31,2022-12-31,2021-12-31,2026-02-20,2026-02-20,2026-02-20,2025-02-14,2024-02-14,7705878000.0,7735970000.0,7379784000.0,8975515000.0,8523762000.0,1754624000.0,1974500000.0,1315614000.0,640151000.0,1358876000.0,1456047000.0,1644153000.0,1028823000.0,143313000.0,987864000.0,2656592000.0,3057583000.0,2549805000.0,2244040000.0,2780825000.0,617769000.0,674917000.0,658142000.0,615652000.0,493216000.0,2038823000.0,2382666000.0,1891663000.0,1628388000.0,2287609000.0,5.78,6.16,3.77,0.4,3.29,
GRMN,0001121788,Garmin,Consumer Discretionary,Consumer Electronics,6450353000.0,1628408000.0,1468244000.0,1417954000.0,200465000.0,1217489000.0,7.59,2289916000.0,10952438000.0,1681414000.0,9271024000.0,,192856206.0,2026-04-29,2026-04-24,SEC Company Facts,https://data.sec.gov/api/xbrl/companyfacts/CIK0001121788.json,2025-12-27,2024-12-28,2023-12-30,2022-12-31,2021-12-25,2026-02-18,2026-02-18,2026-02-18,2025-02-19,2024-02-21,7245519000.0,6296903000.0,5228252000.0,4860286000.0,4982795000.0,1876076000.0,1593994000.0,1092160000.0,1027845000.0,1218620000.0,1663887000.0,1411436000.0,1289636000.0,973585000.0,1082200000.0,1633359000.0,1432471000.0,1376265000.0,788259000.0,1012427000.0,270446000.0,193571000.0,193524000.0,244286000.0,307645000.0,1362913000.0,1238900000.0,1182741000.0,543973000.0,704782000.0,8.59,7.3,6.71,5.04,5.61,
GS,0000886982,Goldman Sachs,Financials,Investment Banking & Brokerage,,,23367000000.0,-22852000000.0,2027000000.0,-24879000000.0,45.4,187266000000.0,2127711000000.0,2004969000000.0,122742000000.0,228723000000.0,291171408.0,2026-08-03,2026-07-17,SEC Company Facts,https://data.sec.gov/api/xbrl/companyfacts/CIK0000886982.json,2025-12-31,2024-12-31,2023-12-31,2022-12-31,2021-12-31,2026-02-25,2026-02-25,2026-02-25,2025-02-27,2024-02-23,,,,,,,,,,,17176000000.0,14276000000.0,8516000000.0,11261000000.0,21635000000.0,-45154000000.0,-13212000000.0,-12587000000.0,8708000000.0,6298000000.0,2064000000.0,2091000000.0,2316000000.0,3748000000.0,4667000000.0,-47218000000.0,-15303000000.0,-14903000000.0,4960000000.0,1631000000.0,51.32,40.54,22.87,30.06,59.45,
GWW,0000277135,W. W. Grainger,Industrials,Industrial Machinery & Supplies & Components,17481000000.0,2669000000.0,2010000000.0,2062000000.0,646000000.0,1416000000.0,39.41,589000000.0,9618000000.0,5487000000.0,4131000000.0,2408000000.0,47100942.0,2026-08-04,2026-07-28,SEC Company Facts,https://data.sec.gov/api/xbrl/companyfacts/CIK0000277135.json,2025-12-31,2024-12-31,2023-12-31,2022-12-31,2021-12-31,2026-02-19,2026-02-19,2026-02-19,2025-02-20,2024-02-22,17942000000.0,17168000000.0,16478000000.0,15228000000.0,13022000000.0,2495000000.0,2637000000.0,2565000000.0,2215000000.0,1547000000.0,1808000000.0,1989000000.0,1903000000.0,1613000000.0,1114000000.0,2015000000.0,2111000000.0,2031000000.0,1333000000.0,937000000.0,684000000.0,541000000.0,445000000.0,256000000.0,255000000.0,1331000000.0,1570000000.0,1586000000.0,1077000000.0,682000000.0,35.4,38.71,36.23,30.06,19.84,
HAL,0000045012,Halliburton,Energy,Oil & Gas Equipment & Services,15422000000.0,2961000000.0,1877000000.0,3570000000.0,1421000000.0,2149000000.0,-1.99,2048000000.0,25828000000.0,14776000000.0,11010000000.0,7539000000.0,833130367.0,2026-07-24,2026-07-17,SEC Company Facts,https://data.sec.gov/api/xbrl/companyfacts/CIK0000045012.json,2025-12-31,2024-12-31,2023-12-31,2022-12-31,2021-12-31,2026-02-06,2026-02-06,2026-02-06,2025-02-12,2024-02-06,,,,,,2260000000.0,3822000000.0,4083000000.0,2707000000.0,1800000000.0,1292000000.0,2516000000.0,2662000000.0,1595000000.0,1468000000.0,2926000000.0,3865000000.0,3458000000.0,2242000000.0,1911000000.0,1254000000.0,1442000000.0,1379000000.0,1011000000.0,799000000.0,1672000000.0,2423000000.0,2079000000.0,1231000000.0,1112000000.0,,,,,,
HAS,0000046080,Hasbro,Consumer Discretionary,Leisure Products,4250800000.0,-265800000.0,-558400000.0,691700000.0,67600000.0,624100000.0,-4.07,1181200000.0,6037200000.0,5306900000.0,2995530000.0,3538200000.0,141044467.0,2026-07-30,2026-07-20,SEC Company Facts,https://data.sec.gov/api/xbrl/companyfacts/CIK0000046080.json,2025-12-28,2024-12-29,2023-12-31,2022-12-25,2021-12-26,2026-02-25,2026-02-25,2026-02-25,2025-02-27,2024-02-28,4701300000.0,4135500000.0,5003300000.0,5856700000.0,6420400000.0,11100000.0,690000000.0,-1538800000.0,407700000.0,763300000.0,-318200000.0,394400000.0,-1487800000.0,203000000.0,435300000.0,893200000.0,847400000.0,725600000.0,372900000.0,817900000.0,63300000.0,87200000.0,135500000.0,128200000.0,132700000.0,829900000.0,760200000.0,590100000.0,244700000.0,685200000.0,-2.3,2.75,-10.73,1.46,3.1,
HBAN,0000049196,Huntington Bancshares,Financials,Regional Banks,1483000000.0,,2067000000.0,1867000000.0,165000000.0,1702000000.0,1.3,1636000000.0,285372000000.0,252791000000.0,32535000000.0,21594000000.0,2027130587.0,2026-04-30,2026-03-31,SEC Company Facts,https://data.sec.gov/api/xbrl/companyfacts/CIK0000049196.json,2025-12-31,2024-12-31,2023-12-31,2022-12-31,2021-12-31,2026-02-13,2026-02-13,2026-02-13,2025-02-14,2024-02-16,1562000000.0,1468000000.0,1400000000.0,1318000000.0,1113000000.0,,,,,,2229000000.0,1960000000.0,1971000000.0,2249000000.0,1297000000.0,2482000000.0,1836000000.0,2657000000.0,4027000000.0,2062000000.0,267000000.0,143000000.0,140000000.0,214000000.0,247000000.0,2215000000.0,1693000000.0,2517000000.0,3813000000.0,1815000000.0,1.39,1.22,1.24,1.45,0.9,
HCA,0000860730,HCA Healthcare,Health Care,Health Care Facilities,71585000000.0,,6680000000.0,9696000000.0,4748000000.0,4948000000.0,22.52,940000000.0,61450000000.0,45623000000.0,-6303000000.0,48023000000.0,221839800.0,2026-04-29,2026-04-27,SEC Company Facts,https://data.sec.gov/api/xbrl/companyfacts/CIK0000860730.json,2025-12-31,2024-12-31,2023-12-31,2022-12-31,2021-12-31,2026-02-10,2026-02-10,2026-02-10,2025-02-14,2024-02-16,75600000000.0,70603000000.0,64968000000.0,60233000000.0,58752000000.0,,,,,,7782000000.0,6657000000.0,6091000000.0,6834000000.0,7721000000.0,12636000000.0,10514000000.0,9431000000.0,8522000000.0,8959000000.0,4944000000.0,4875000000.0,4744000000.0,4395000000.0,3577000000.0,7692000000.0,5639000000.0,4687000000.0,4127000000.0,5382000000.0,28.33,22.0,18.97,19.15,21.16,
HD,0000354950,Home Depot (The),Consumer Discretionary,Home Improvement Retail,162952000000.0,21580000000.0,14639000000.0,18638000000.0,3444000000.0,15194000000.0,14.73,1601000000.0,107904000000.0,94030000000.0,13874000000.0,9749000000.0,997116682.0,2026-05-27,2026-05-19,SEC Company Facts,https://data.sec.gov/api/xbrl/companyfacts/CIK0000354950.json,2026-02-01,2025-02-02,2024-01-28,2023-01-29,2022-01-30,2026-03-18,2026-03-18,2026-03-18,2025-03-21,2024-03-13,164683000000.0,159514000000.0,152669000000.0,157403000000.0,151157000000.0,20890000000.0,21526000000.0,21689000000.0,24039000000.0,23040000000.0,14156000000.0,14806000000.0,15143000000.0,17105000000.0,16433000000.0,16325000000.0,19810000000.0,21172000000.0,14615000000.0,16571000000.0,3679000000.0,3485000000.0,3226000000.0,3119000000.0,2566000000.0,12646000000.0,16325000000.0,17946000000.0,11496000000.0,14005000000.0,14.23,14.91,15.11,16.69,15.53,
HIG,0000874766,Hartford (The),Financials,Property & Casualty Insurance,958000000.0,-3607000000.0,1341000000.0,5828000000.0,112000000.0,5716000000.0,11.01,203000000.0,87983000000.0,68350000000.0,19633000000.0,10915000000.0,270872002.0,2026-07-23,2026-07-22,SEC Company Facts,https://data.sec.gov/api/xbrl/companyfacts/CIK0000874766.json,2025-12-31,2024-12-31,2023-12-31,2022-12-31,2021-12-31,2026-02-20,2026-02-20,2026-02-20,2025-02-21,2024-02-23,1506000000.0,1458000000.0,1382000000.0,1423000000.0,1569000000.0,,,,,,3836000000.0,3111000000.0,2504000000.0,1819000000.0,2371000000.0,5922000000.0,5909000000.0,4220000000.0,4008000000.0,4093000000.0,169000000.0,145000000.0,215000000.0,175000000.0,133000000.0,5753000000.0,5764000000.0,4005000000.0,3833000000.0,3960000000.0,13.32,10.35,7.97,5.46,6.64,
HII,0001501585,Huntington Ingalls Industries,Industrials,Aerospace & Defense,11569000000.0,516000000.0,525000000.0,1032000000.0,365000000.0,667000000.0,13.370000000000001,10000000.0,12682000000.0,7370000000.0,5073000000.0,3205000000.0,39404598.0,2026-07-30,2026-07-24,SEC Company Facts,https://data.sec.gov/api/xbrl/companyfacts/CIK0001501585.json,2025-12-31,2024-12-31,2023-12-31,2022-12-31,2021-12-31,2026-02-05,2026-02-05,2026-02-05,2025-02-06,2024-02-01,12484000000.0,11535000000.0,11454000000.0,10676000000.0,9524000000.0,657000000.0,535000000.0,781000000.0,565000000.0,513000000.0,605000000.0,550000000.0,681000000.0,579000000.0,544000000.0,1196000000.0,393000000.0,970000000.0,766000000.0,760000000.0,402000000.0,367000000.0,292000000.0,284000000.0,331000000.0,794000000.0,26000000.0,678000000.0,482000000.0,429000000.0,15.39,13.96,17.07,14.44,13.5,
HLT,0001585689,Hilton Worldwide,Consumer Discretionary,"Hotels, Resorts & Cruise Lines",11482000000.0,2426000000.0,1591000000.0,2356000000.0,107000000.0,2249000000.0,6.499999999999999,1009000000.0,16928000000.0,23198000000.0,-6303000000.0,11000000.0,225064910.0,2026-07-28,2026-07-23,SEC Company Facts,https://data.sec.gov/api/xbrl/companyfacts/CIK0001585689.json,2025-12-31,2024-12-31,2023-12-31,2022-12-31,2021-12-31,2026-02-11,2026-02-11,2026-02-11,2025-02-06,2024-02-07,12039000000.0,11174000000.0,10235000000.0,8773000000.0,5788000000.0,2693000000.0,2370000000.0,2225000000.0,2094000000.0,1010000000.0,1461000000.0,1539000000.0,1151000000.0,1257000000.0,407000000.0,2129000000.0,2013000000.0,1946000000.0,1681000000.0,109000000.0,101000000.0,96000000.0,151000000.0,39000000.0,35000000.0,2028000000.0,1917000000.0,1795000000.0,1642000000.0,74000000.0,6.12,6.14,4.33,4.53,1.46,
HON,0000773840,Honeywell Technologies,Industrials,Industrial Conglomerates,34282000000.0,7531000000.0,5741000000.0,6194000000.0,795000000.0,5399000000.0,13.46,8751000000.0,77344000000.0,58807000000.0,18537000000.0,31510000000.0,316940010.0,2026-07-24,2026-06-30,SEC Company Facts,https://data.sec.gov/api/xbrl/companyfacts/CIK0000773840.json,2025-12-31,2024-12-31,2023-12-31,2022-12-31,2021-12-31,2026-02-17,2026-02-17,2026-02-17,2025-02-14,2024-02-16,37442000000.0,34717000000.0,33009000000.0,35466000000.0,34392000000.0,8127000000.0,7667000000.0,7563000000.0,8022000000.0,,4772000000.0,5740000000.0,5672000000.0,4967000000.0,5610000000.0,6408000000.0,6097000000.0,5340000000.0,5274000000.0,6038000000.0,986000000.0,871000000.0,741000000.0,766000000.0,895000000.0,5422000000.0,5226000000.0,4599000000.0,4508000000.0,5143000000.0,7.36,8.71,8.47,7.27,7.91,
HONA,0002089271,Honeywell Aerospace,Industrials,Aerospace & Defense,,,,,,,,1057000000.0,19371000000.0,24994000000.0,-5697000000.0,15853000000.0,316952725.0,2026-08-05,2026-07-25,SEC Company Facts,https://data.sec.gov/api/xbrl/companyfacts/CIK0002089271.json,,,,,,,,,,,,,,,,,,,,,,,,,,,,,,,,,,,,,,,,,,,,,,
HOOD,0001783879,Robinhood Markets,Financials,Investment Banking & Brokerage,,,1788000000.0,4563000000.0,42000000.0,4521000000.0,1.9700000000000002,5362000000.0,56550000000.0,47009000000.0,8567000000.0,,,2026-07-30,2026-06-30,SEC Company Facts,https://data.sec.gov/api/xbrl/companyfacts/CIK0001783879.json,2025-12-31,2024-12-31,2023-12-31,2022-12-31,2021-12-31,2026-02-18,2026-02-18,2026-02-18,2025-02-18,2024-02-27,4473000000.0,2951000000.0,1865000000.0,1358000000.0,1815000000.0,,,,,,1883000000.0,1411000000.0,-541000000.0,-1028000000.0,-3687000000.0,1638000000.0,-157000000.0,1181000000.0,-852000000.0,-885000000.0,,,,28000000.0,63000000.0,,,,-880000000.0,-948000000.0,2.05,1.56,-0.61,-1.17,-7.49,
HPE,0001645590,Hewlett Packard Enterprise,Information Technology,"Technology Hardware, Storage & Peripherals",31649000000.0,564000000.0,2595000000.0,2333000000.0,2226000000.0,107000000.0,1.0399999999999998,5292000000.0,79512000000.0,14276000000.0,25292000000.0,21246000000.0,1324203521.0,2026-06-02,2026-05-26,SEC Company Facts,https://data.sec.gov/api/xbrl/companyfacts/CIK0001645590.json,2025-10-31,2024-10-31,2023-10-31,2022-10-31,2021-10-31,2025-12-18,2025-12-18,2025-12-18,2024-12-19,2023-12-22,34296000000.0,30127000000.0,29135000000.0,28496000000.0,27784000000.0,-437000000.0,2190000000.0,2089000000.0,782000000.0,1132000000.0,57000000.0,2579000000.0,2025000000.0,873000000.0,3436000000.0,2919000000.0,4341000000.0,4428000000.0,4593000000.0,5871000000.0,2292000000.0,2367000000.0,2828000000.0,3122000000.0,2502000000.0,627000000.0,1974000000.0,1600000000.0,1471000000.0,3369000000.0,-0.04,1.93,1.54,0.66,2.58,
HPQ,0000047217,HP Inc.,Information Technology,"Technology Hardware, Storage & Peripherals",54298000000.0,3430000000.0,4554000000.0,3459000000.0,,,2.6,3703000000.0,42936000000.0,43080000000.0,-144000000.0,9666000000.0,914522690.0,2026-05-28,2026-05-20,SEC Company Facts,https://data.sec.gov/api/xbrl/companyfacts/CIK0000047217.json,2025-10-31,2024-10-31,2023-10-31,2022-10-31,2021-10-31,2025-12-10,2025-12-10,2025-12-10,2024-12-13,2023-12-18,55295000000.0,53559000000.0,53718000000.0,62910000000.0,63460000000.0,3174000000.0,3818000000.0,3456000000.0,4559000000.0,5359000000.0,2529000000.0,2775000000.0,3263000000.0,3132000000.0,6541000000.0,3697000000.0,3749000000.0,3571000000.0,4463000000.0,6409000000.0,897000000.0,592000000.0,593000000.0,765000000.0,582000000.0,2800000000.0,3157000000.0,2978000000.0,3698000000.0,5827000000.0,2.65,2.81,3.26,2.98,5.36,
HRL,0000048465,Hormel Foods,Consumer Staples,Packaged Foods & Meats,9302852000.0,1007856000.0,746967000.0,992257000.0,296516000.0,695741000.0,1.3699999999999999,826750000.0,13344286000.0,5394966000.0,7949320000.0,2856339000.0,,2026-05-28,2026-04-26,SEC Company Facts,https://data.sec.gov/api/xbrl/companyfacts/CIK0000048465.json,2025-10-26,2024-10-27,2023-10-29,2022-10-30,2021-10-31,2025-12-05,2025-12-05,2025-12-05,2024-12-05,2023-12-06,,,,,,718603000.0,1067932000.0,1072046000.0,1312607000.0,1122599000.0,477764000.0,804631000.0,792920000.0,1000226000.0,909140000.0,845251000.0,1266738000.0,1047847000.0,1134977000.0,1001934000.0,310902000.0,256441000.0,270211000.0,278918000.0,232416000.0,534349000.0,1010297000.0,777636000.0,856059000.0,769518000.0,0.87,1.47,1.45,1.82,1.66,
HSIC,0001000228,Henry Schein,Health Care,Health Care Distributors,12773000000.0,638000000.0,402000000.0,512000000.0,133000000.0,379000000.0,3.11,88115000.0,11381000000.0,6658000000.0,3157000000.0,451546000.0,111446542.0,2026-08-04,2026-07-27,SEC Company Facts,https://data.sec.gov/api/xbrl/companyfacts/CIK0001000228.json,2025-12-27,2024-12-28,2023-12-30,2022-12-31,2021-12-25,2026-02-24,2026-02-24,2026-02-24,2025-02-25,2024-02-28,13184000000.0,12673000000.0,12339000000.0,12647000000.0,12401000000.0,653000000.0,621000000.0,615000000.0,747000000.0,852000000.0,419000000.0,398000000.0,436000000.0,566000000.0,660000000.0,712000000.0,848000000.0,500000000.0,602000000.0,710000000.0,139000000.0,148000000.0,147000000.0,96000000.0,79000000.0,573000000.0,700000000.0,353000000.0,506000000.0,631000000.0,3.27,3.05,3.16,3.91,4.45,
HST,0001070750,Host Hotels & Resorts,Real Estate,Hotel & Resort REITs,5927000000.0,854000000.0,669000000.0,1429000000.0,0.0,1429000000.0,0.9400000000000002,1953000000.0,13253000000.0,6635000000.0,6388000000.0,1274000000.0,685124399.0,2026-08-07,2026-08-05,SEC Company Facts,https://data.sec.gov/api/xbrl/companyfacts/CIK0001070750.json,2025-12-31,2024-12-31,2023-12-31,2022-12-31,2021-12-31,2026-02-25,2026-02-25,2026-02-25,2025-02-26,2024-02-28,6114000000.0,5684000000.0,5311000000.0,4907000000.0,2890000000.0,855000000.0,875000000.0,827000000.0,775000000.0,-250000000.0,776000000.0,707000000.0,752000000.0,643000000.0,-11000000.0,1510000000.0,1498000000.0,1441000000.0,1416000000.0,292000000.0,,,,,,,,,,,1.1,0.99,1.04,0.88,-0.02,
HSY,0000047111,Hershey Company (The),Consumer Staples,Packaged Foods & Meats,11295171000.0,2114343000.0,1861787000.0,2145754000.0,493100000.0,1652654000.0,2.22,365963000.0,13973052000.0,9410362000.0,4636750000.0,5189135000.0,223805223.0,2026-07-30,2026-06-28,SEC Company Facts,https://data.sec.gov/api/xbrl/companyfacts/CIK0000047111.json,2025-12-31,2024-12-31,2023-12-31,2022-12-31,2021-12-31,2026-02-17,2026-02-17,2026-02-17,2025-02-18,2024-02-20,11692576000.0,11202263000.0,11164992000.0,10419294000.0,8971337000.0,1441528000.0,2898232000.0,2560867000.0,2260787000.0,2043722000.0,883259000.0,2221239000.0,1861787000.0,1644817000.0,1482819000.0,2277367000.0,2531596000.0,2323190000.0,2327837000.0,2082884000.0,454622000.0,605942000.0,771109000.0,519481000.0,495877000.0,1822745000.0,1925654000.0,1552081000.0,1808356000.0,1587007000.0,,,,,,
HUBB,0000048898,Hubbell Incorporated,Industrials,Industrial Machinery & Supplies & Components,5594600000.0,1095000000.0,800100000.0,936400000.0,166100000.0,770300000.0,14.690000000000001,501600000.0,8417700000.0,4638500000.0,3768600000.0,2573000000.0,52841777.0,2026-05-01,2026-04-27,SEC Company Facts,https://data.sec.gov/api/xbrl/companyfacts/CIK0000048898.json,2025-12-31,2024-12-31,2023-12-31,2022-12-31,2021-12-31,2026-02-12,2026-02-12,2026-02-12,2025-02-13,2024-02-08,5844600000.0,5628500000.0,5372900000.0,4947900000.0,4194100000.0,1208800000.0,1093100000.0,1027400000.0,709100000.0,532300000.0,891900000.0,784700000.0,757600000.0,551400000.0,405600000.0,1029800000.0,991200000.0,880800000.0,636200000.0,513700000.0,155100000.0,180400000.0,165700000.0,129300000.0,90200000.0,874700000.0,810800000.0,715100000.0,506900000.0,423500000.0,16.54,14.39,13.89,10.07,7.28,
HUM,0000049071,Humana,Health Care,Managed Health Care,120262000000.0,3340000000.0,1717000000.0,2874000000.0,493000000.0,2381000000.0,14.170000000000002,4951000000.0,55280000000.0,36634000000.0,18580000000.0,13993000000.0,120061500.0,2026-04-29,2026-03-31,SEC Company Facts,https://data.sec.gov/api/xbrl/companyfacts/CIK0000049071.json,2025-12-31,2024-12-31,2023-12-31,2022-12-31,2021-12-31,2026-02-19,2026-02-19,2026-02-19,2025-02-20,2024-02-15,129664000000.0,117761000000.0,106374000000.0,92870000000.0,83064000000.0,2704000000.0,2562000000.0,4013000000.0,3800000000.0,3148000000.0,1203000000.0,1214000000.0,2484000000.0,2802000000.0,2934000000.0,921000000.0,2966000000.0,3981000000.0,4587000000.0,2262000000.0,546000000.0,575000000.0,1004000000.0,1137000000.0,1342000000.0,375000000.0,2391000000.0,2977000000.0,3450000000.0,920000000.0,9.84,9.98,20.0,22.08,22.67,
HWM,0000004281,Howmet Aerospace,Industrials,Aerospace & Defense,7721000000.0,1881000000.0,469000000.0,1423000000.0,405000000.0,1018000000.0,3.4200000000000004,563000000.0,13251000000.0,7519000000.0,5732000000.0,4501000000.0,398801399.0,2026-08-06,2026-08-03,SEC Company Facts,https://data.sec.gov/api/xbrl/companyfacts/CIK0000004281.json,2025-12-31,2024-12-31,2023-12-31,2022-12-31,2021-12-31,2026-02-12,2026-02-12,2026-02-12,2025-02-14,2024-02-13,8252000000.0,7430000000.0,6640000000.0,5663000000.0,4972000000.0,2046000000.0,1633000000.0,1203000000.0,919000000.0,748000000.0,1508000000.0,1155000000.0,765000000.0,469000000.0,258000000.0,1884000000.0,1298000000.0,901000000.0,733000000.0,449000000.0,453000000.0,321000000.0,219000000.0,193000000.0,199000000.0,1431000000.0,977000000.0,682000000.0,540000000.0,250000000.0,3.71,2.81,1.83,1.11,0.59,
IBKR,0001381197,Interactive Brokers,Financials,Investment Banking & Brokerage,2235000000.0,,3773000000.0,15143000000.0,,,1.9,7711000000.0,247309000000.0,225059000000.0,5904000000.0,,42231651.0,2026-08-06,2026-06-30,SEC Company Facts,https://data.sec.gov/api/xbrl/companyfacts/CIK0001381197.json,2025-12-31,2024-12-31,2023-12-31,2022-12-31,2021-12-31,2026-02-27,2026-02-27,2026-02-27,2025-02-27,2024-02-27,2440000000.0,1977000000.0,1557000000.0,1506000000.0,1568000000.0,,,,,,4357000000.0,3407000000.0,2812000000.0,1842000000.0,1636000000.0,15811000000.0,8724000000.0,4544000000.0,3968000000.0,5896000000.0,,,,,,,,,,,2.22,1.73,1.42,3.75,3.24,
IBM,0000051143,IBM,Information Technology,IT Consulting & Other Services,64041000000.0,,5521000000.0,13282000000.0,1043000000.0,12239000000.0,6.18,7172000000.0,152099000000.0,117558000000.0,34452000000.0,66462000000.0,942134390.0,2026-07-23,2026-06-30,SEC Company Facts,https://data.sec.gov/api/xbrl/companyfacts/CIK0000051143.json,2025-12-31,2024-12-31,2023-12-31,2022-12-31,2021-12-31,2026-02-24,2026-02-24,2026-02-24,2025-02-25,2024-02-26,67535000000.0,62753000000.0,61860000000.0,60530000000.0,57350000000.0,,,,,,10593000000.0,6023000000.0,7502000000.0,1639000000.0,5743000000.0,13193000000.0,13445000000.0,13931000000.0,10435000000.0,12796000000.0,1091000000.0,1048000000.0,1245000000.0,1346000000.0,2062000000.0,12102000000.0,12397000000.0,12686000000.0,9089000000.0,10734000000.0,11.17,6.43,8.14,1.8,6.35,
ICE,0001571949,Intercontinental Exchange,Financials,Financial Exchanges & Data,12554000000.0,4698000000.0,3057000000.0,4876000000.0,418000000.0,4458000000.0,5.210000000000001,1067000000.0,174247000000.0,144595000000.0,29551000000.0,19846000000.0,561394487.0,2026-07-30,2026-07-27,SEC Company Facts,https://data.sec.gov/api/xbrl/companyfacts/CIK0001571949.json,2025-12-31,2024-12-31,2023-12-31,2022-12-31,2021-12-31,2026-02-05,2026-02-05,2026-02-05,2025-02-06,2024-02-08,12640000000.0,11761000000.0,9903000000.0,9636000000.0,9168000000.0,4929000000.0,4309000000.0,3694000000.0,3638000000.0,3449000000.0,3370000000.0,2802000000.0,2438000000.0,1498000000.0,4069000000.0,4662000000.0,4609000000.0,3542000000.0,3554000000.0,3123000000.0,373000000.0,406000000.0,190000000.0,225000000.0,179000000.0,4289000000.0,4203000000.0,3352000000.0,3329000000.0,2944000000.0,5.77,4.78,4.19,2.58,7.18,
IDXX,0000874716,Idexx Laboratories,Health Care,Health Care Equipment,4037715000.0,1255158000.0,845042000.0,905809000.0,121472000.0,784337000.0,12.019999999999998,196933000.0,3442335000.0,1829760000.0,1612575000.0,449864000.0,78781116.0,2026-08-04,2026-07-31,SEC Company Facts,https://data.sec.gov/api/xbrl/companyfacts/CIK0000874716.json,2025-12-31,2024-12-31,2023-12-31,2022-12-31,2021-12-31,2026-02-20,2026-02-20,2026-02-20,2025-02-21,2024-02-22,4303702000.0,3897504000.0,3660953000.0,3367324000.0,3215360000.0,1360031000.0,1128337000.0,1097128000.0,898765000.0,932028000.0,1059464000.0,887867000.0,845042000.0,679089000.0,744844000.0,1181805000.0,929001000.0,906510000.0,542984000.0,755546000.0,124676000.0,120922000.0,133631000.0,148838000.0,119549000.0,1057129000.0,808079000.0,772879000.0,394146000.0,635997000.0,13.08,10.67,10.06,8.03,8.6,
IEX,0000832101,IDEX Corporation,Industrials,Industrial Machinery & Supplies & Components,3340800000.0,663200000.0,468600000.0,645300000.0,58300000.0,587000000.0,6.180000000000001,621300000.0,6930000000.0,2923400000.0,4008000000.0,1859000000.0,73719896.0,2026-07-29,2026-07-24,SEC Company Facts,https://data.sec.gov/api/xbrl/companyfacts/CIK0000832101.json,2025-12-31,2024-12-31,2023-12-31,2022-12-31,2021-12-31,2026-02-19,2026-02-19,2026-02-19,2025-02-20,2024-02-22,3457500000.0,3268800000.0,3273900000.0,3181900000.0,2764800000.0,699300000.0,677200000.0,732500000.0,751400000.0,637000000.0,482500000.0,504600000.0,595600000.0,586700000.0,449300000.0,680400000.0,668100000.0,716700000.0,557400000.0,565300000.0,63600000.0,65100000.0,89900000.0,68000000.0,72700000.0,616800000.0,603000000.0,626800000.0,489400000.0,492600000.0,6.41,6.64,7.85,7.71,5.88,
IFF,0000051253,International Flavors & Fragrances,Materials,Specialty Chemicals,9665000000.0,696000000.0,-384000000.0,1102000000.0,537000000.0,565000000.0,-1.4899999999999998,569000000.0,25154000000.0,11178000000.0,13976000000.0,5699000000.0,255149963.0,2026-08-04,2026-07-31,SEC Company Facts,https://data.sec.gov/api/xbrl/companyfacts/CIK0000051253.json,2025-12-31,2024-12-31,2023-12-31,2022-12-31,2021-12-31,2026-02-27,2026-02-27,2026-02-27,2025-02-28,2024-02-28,10890000000.0,11484000000.0,11479000000.0,12440000000.0,11656000000.0,-382000000.0,766000000.0,-2110000000.0,-1326000000.0,585000000.0,-359000000.0,267000000.0,-2587000000.0,-1864000000.0,279000000.0,850000000.0,1070000000.0,1455000000.0,397000000.0,1437000000.0,594000000.0,463000000.0,503000000.0,504000000.0,393000000.0,256000000.0,607000000.0,952000000.0,-107000000.0,1044000000.0,-1.41,1.04,-10.14,-7.32,1.1,
INCY,0000879169,Incyte,Health Care,Biotechnology,4413226000.0,174636000.0,21270000.0,382593000.0,,,0.20000000000000007,3461114000.0,7339113000.0,1716266000.0,5622847000.0,230513000.0,199782155.0,2026-04-28,2026-04-21,SEC Company Facts,https://data.sec.gov/api/xbrl/companyfacts/CIK0000879169.json,2025-12-31,2024-12-31,2023-12-31,2022-12-31,2021-12-31,2026-02-10,2026-02-10,2026-02-10,2025-02-10,2024-02-13,5141242000.0,4241217000.0,3695649000.0,3394635000.0,2986267000.0,1514859000.0,61366000.0,620525000.0,579440000.0,585777000.0,1286650000.0,32615000.0,597599000.0,340660000.0,948581000.0,1413498000.0,335337000.0,496487000.0,969941000.0,749488000.0,,,,77833000.0,181006000.0,,,,892108000.0,568482000.0,6.41,0.15,2.65,1.52,4.27,
INTC,0000050863,Intel,Information Technology,Semiconductors,53070000000.0,-12122000000.0,-21053000000.0,10082000000.0,21025000000.0,-10943000000.0,-4.7700000000000005,12874000000.0,202439000000.0,114897000000.0,87542000000.0,50537000000.0,5044000000.0,2026-07-24,2026-07-17,SEC Company Facts,https://data.sec.gov/api/xbrl/companyfacts/CIK0000050863.json,2025-12-27,2024-12-28,2023-12-30,2022-12-31,2021-12-25,2026-01-23,2026-01-23,2026-01-23,2025-01-31,2024-01-26,52853000000.0,53101000000.0,54228000000.0,63054000000.0,79024000000.0,-2214000000.0,-11678000000.0,93000000.0,2334000000.0,19456000000.0,26000000.0,-19233000000.0,1675000000.0,8017000000.0,19868000000.0,9697000000.0,8288000000.0,11471000000.0,15433000000.0,29456000000.0,14646000000.0,23944000000.0,25750000000.0,24844000000.0,18733000000.0,-4949000000.0,-15656000000.0,-14279000000.0,-9411000000.0,10723000000.0,-0.06,-4.38,0.4,1.94,4.86,
INTU,0000896878,Intuit,Information Technology,Application Software,18184000000.0,4433000000.0,3468000000.0,6243000000.0,82000000.0,6161000000.0,12.249999999999998,4681000000.0,39330000000.0,18701000000.0,20629000000.0,5412000000.0,273537000.0,2026-05-20,2026-05-14,SEC Company Facts,https://data.sec.gov/api/xbrl/companyfacts/CIK0000896878.json,2025-07-31,2024-07-31,2023-07-31,2022-07-31,2021-07-31,2025-09-03,2025-09-03,2025-09-03,2024-09-04,2023-09-01,18831000000.0,16285000000.0,14368000000.0,12726000000.0,9633000000.0,4923000000.0,3630000000.0,3141000000.0,2571000000.0,2500000000.0,3869000000.0,2963000000.0,2384000000.0,2066000000.0,2062000000.0,6207000000.0,4884000000.0,5046000000.0,3889000000.0,3250000000.0,84000000.0,191000000.0,210000000.0,157000000.0,53000000.0,6123000000.0,4693000000.0,4836000000.0,3732000000.0,3197000000.0,13.67,10.43,8.42,7.28,7.56,
INVH,0001687229,Invitation Homes,Real Estate,Single-Family Residential REITs,-11859000.0,140952000.0,546797000.0,1129401000.0,4027000.0,1125374000.0,0.89,75786000.0,18448310000.0,9355699000.0,9054417000.0,8526691000.0,590623226.0,2026-07-30,2026-07-29,SEC Company Facts,https://data.sec.gov/api/xbrl/companyfacts/CIK0001687229.json,2025-12-31,2024-12-31,2023-12-31,2022-12-31,2021-12-31,2026-02-19,2026-02-19,2026-02-19,2025-02-27,2024-02-21,2729296000.0,2618942000.0,2432278000.0,2238121000.0,1996615000.0,,,,,,589909000.0,455365000.0,521028000.0,384799000.0,262776000.0,1206230000.0,1081805000.0,1107088000.0,1023587000.0,907660000.0,,,,,,,,,,,0.96,0.74,0.85,0.63,0.45,
IP,0000051434,International Paper,Materials,Paper & Plastic Packaging Products & Materials,17888000000.0,2097000000.0,172000000.0,1106000000.0,534000000.0,572000000.0,-0.06000000000000005,726000000.0,36521000000.0,22066000000.0,14455000000.0,9841000000.0,529569895.0,2026-08-05,2026-07-31,SEC Company Facts,https://data.sec.gov/api/xbrl/companyfacts/CIK0000051434.json,2025-12-31,2024-12-31,2023-12-31,2022-12-31,2021-12-31,2026-02-27,2026-02-27,2026-02-27,2025-02-21,2024-02-16,23634000000.0,15835000000.0,16033000000.0,21161000000.0,19363000000.0,,,,,,-3516000000.0,557000000.0,288000000.0,1504000000.0,1754000000.0,1698000000.0,1678000000.0,1833000000.0,2174000000.0,2030000000.0,1857000000.0,921000000.0,1141000000.0,931000000.0,480000000.0,-159000000.0,757000000.0,692000000.0,1243000000.0,1550000000.0,-6.95,1.57,0.82,4.1,4.47,
IQV,0001478242,IQVIA,Health Care,Life Sciences Tools & Services,15497000000.0,2192000000.0,1333000000.0,2762000000.0,599000000.0,2163000000.0,7.33,1947000000.0,29675000000.0,23326000000.0,6221000000.0,15833000000.0,166900000.0,2026-05-05,2026-04-30,SEC Company Facts,https://data.sec.gov/api/xbrl/companyfacts/CIK0001478242.json,2025-12-31,2024-12-31,2023-12-31,2022-12-31,2021-12-31,2026-02-17,2026-02-17,2026-02-17,2025-02-13,2024-02-15,16310000000.0,15405000000.0,14984000000.0,14410000000.0,13874000000.0,2182000000.0,2202000000.0,1977000000.0,1799000000.0,1393000000.0,1361000000.0,1373000000.0,1358000000.0,1091000000.0,971000000.0,2654000000.0,2716000000.0,2149000000.0,2260000000.0,2942000000.0,603000000.0,602000000.0,649000000.0,674000000.0,640000000.0,2051000000.0,2114000000.0,1500000000.0,1586000000.0,2302000000.0,7.84,7.49,7.29,5.72,4.95,
IR,0001699150,Ingersoll Rand,Industrials,Industrial Machinery & Supplies & Components,7364300000.0,1114000000.0,529900000.0,1432300000.0,134000000.0,1298300000.0,1.2900000000000003,1173500000.0,18194100000.0,7951100000.0,10177300000.0,2778100000.0,387999429.0,2026-07-31,2026-07-24,SEC Company Facts,https://data.sec.gov/api/xbrl/companyfacts/CIK0001699150.json,2025-12-31,2024-12-31,2023-12-31,2022-12-31,2021-12-31,2026-02-17,2026-02-17,2026-02-17,2025-02-19,2024-02-23,7650900000.0,7235000000.0,6876100000.0,5916300000.0,5152400000.0,1144600000.0,1300100000.0,1164300000.0,817300000.0,565700000.0,588800000.0,846300000.0,785100000.0,608500000.0,565000000.0,1355700000.0,1396700000.0,1377400000.0,865400000.0,627800000.0,135600000.0,149100000.0,105400000.0,94600000.0,64100000.0,1220100000.0,1247600000.0,1272000000.0,770800000.0,563700000.0,1.45,2.06,1.9,1.47,1.34,
IRM,0001020569,Iron Mountain,Real Estate,Other Specialized REITs,6443114000.0,1047792000.0,44913000.0,1256918000.0,2245186000.0,-988268000.0,0.14,250710000.0,21955442000.0,23236362000.0,-1280920000.0,17349649000.0,297702812.0,2026-08-05,2026-07-24,SEC Company Facts,https://data.sec.gov/api/xbrl/companyfacts/CIK0001020569.json,2025-12-31,2024-12-31,2023-12-31,2022-12-31,2021-12-31,2026-02-12,2026-02-12,2026-02-12,2025-02-14,2024-02-22,6901737000.0,6149909000.0,5480289000.0,5103574000.0,4491531000.0,1163822000.0,1009519000.0,921778000.0,1049871000.0,854172000.0,152254000.0,183666000.0,187263000.0,562149000.0,452725000.0,1339999000.0,1196708000.0,1113567000.0,927695000.0,758902000.0,2271628000.0,1791564000.0,1339223000.0,875378000.0,611082000.0,-931629000.0,-594856000.0,-225656000.0,52317000.0,147820000.0,0.49,0.61,0.63,1.9,1.55,
ISRG,0001035267,Intuitive Surgical,Health Care,Health Care Equipment,9145000000.0,2633700000.0,2626500000.0,2826100000.0,,,7.17,2760400000.0,20876600000.0,2578900000.0,18168400000.0,,353278038.0,2026-07-21,2026-07-16,SEC Company Facts,https://data.sec.gov/api/xbrl/companyfacts/CIK0001035267.json,2025-12-31,2024-12-31,2023-12-31,2022-12-31,2021-12-31,2026-02-03,2026-02-03,2026-02-03,2025-01-31,2024-01-31,10064700000.0,8352100000.0,7124100000.0,6222200000.0,5710100000.0,2945500000.0,2348900000.0,1766800000.0,1577100000.0,1821000000.0,2876600000.0,2337500000.0,1817300000.0,1344400000.0,1728100000.0,3030500000.0,2415000000.0,1813800000.0,1490800000.0,2089400000.0,539800000.0,1111200000.0,1064200000.0,532400000.0,339500000.0,2490700000.0,1303800000.0,749600000.0,958400000.0,1749900000.0,7.87,6.42,5.03,3.65,4.66,
IT,0000749251,Gartner,Information Technology,IT Consulting & Other Services,6420009000.0,1168747000.0,1265344000.0,1623199000.0,,,16.22,1488706000.0,7193674000.0,7361019000.0,-167345000.0,3184281000.0,63148976.0,2026-08-04,2026-07-31,SEC Company Facts,https://data.sec.gov/api/xbrl/companyfacts/CIK0000749251.json,2025-12-31,2024-12-31,2023-12-31,2022-12-31,2021-12-31,2026-02-12,2026-02-12,2026-02-12,2025-02-13,2024-02-15,6497226000.0,6267411000.0,5906956000.0,5475846000.0,4733962000.0,1025711000.0,1156287000.0,1236894000.0,1100106000.0,915751000.0,729231000.0,1253715000.0,882466000.0,807799000.0,793560000.0,1290365000.0,1484922000.0,1155737000.0,1101422000.0,1312470000.0,,,,,,,,,,,9.65,16.0,11.08,9.96,9.21,
ITW,0000049826,Illinois Tool Works,Industrials,Industrial Machinery & Supplies & Components,15790000000.0,4102000000.0,3365000000.0,3147000000.0,423000000.0,2724000000.0,11.39,839000000.0,16494000000.0,8251707000.0,8242293000.0,9694000000.0,284800000.0,2026-08-06,2026-06-30,SEC Company Facts,https://data.sec.gov/api/xbrl/companyfacts/CIK0000049826.json,2025-12-31,2024-12-31,2023-12-31,2022-12-31,2021-12-31,2026-02-13,2026-02-13,2026-02-13,2025-02-14,2024-02-09,16044000000.0,15898000000.0,16107000000.0,15932000000.0,14455000000.0,4216000000.0,4264000000.0,4040000000.0,3790000000.0,3477000000.0,3066000000.0,3488000000.0,2957000000.0,3034000000.0,2694000000.0,3126000000.0,3281000000.0,3539000000.0,2348000000.0,2557000000.0,419000000.0,437000000.0,455000000.0,412000000.0,296000000.0,2707000000.0,2844000000.0,3084000000.0,1936000000.0,2261000000.0,10.49,11.71,9.74,9.77,8.51,
IVZ,0000914208,Invesco,Financials,Asset Management & Custody Banks,6153100000.0,903700000.0,807000000.0,1218600000.0,62300000.0,1156300000.0,0.9299999999999998,915400000.0,27473100000.0,14002900000.0,12471900000.0,1445600000.0,441499780.0,2026-08-04,2026-06-30,SEC Company Facts,https://data.sec.gov/api/xbrl/companyfacts/CIK0000914208.json,2025-12-31,2024-12-31,2023-12-31,2022-12-31,2021-12-31,2026-02-24,2026-02-24,2026-02-24,2025-02-25,2024-02-21,6377100000.0,6067000000.0,5716400000.0,6048900000.0,6894500000.0,-695700000.0,832100000.0,-434800000.0,1317700000.0,1788200000.0,-174800000.0,752400000.0,-168200000.0,925500000.0,1969400000.0,1525300000.0,1190000000.0,1300800000.0,703200000.0,1078100000.0,84300000.0,69100000.0,164300000.0,192900000.0,108800000.0,1441000000.0,1120900000.0,1136500000.0,510300000.0,969300000.0,-1.6,1.18,-0.73,1.49,2.99,
J,0000052988,Jacobs Solutions,Industrials,Construction & Engineering,14984646000.0,848284000.0,523173000.0,500151000.0,87997000.0,412154000.0,3.9600000000000004,1172914000.0,11743702000.0,8479213000.0,3264489000.0,3579376000.0,117038611.0,2026-08-04,2026-07-24,SEC Company Facts,https://data.sec.gov/api/xbrl/companyfacts/CIK0000052988.json,2025-09-26,2024-09-27,2023-09-29,2022-09-30,2021-10-01,2025-11-20,2025-11-20,2025-11-20,2024-11-25,2023-11-21,,,,,,863634000.0,692436000.0,676484000.0,539884000.0,688089000.0,303956000.0,852643000.0,719656000.0,715412000.0,430829000.0,686704000.0,1054673000.0,974763000.0,474709000.0,726276000.0,79232000.0,121114000.0,137486000.0,127615000.0,92814000.0,607472000.0,933559000.0,837277000.0,347094000.0,633462000.0,2.38,6.32,5.3,4.98,3.2,
JBHT,0000728535,J.B. Hunt,Industrials,Cargo Ground Transportation,7189568000.0,807101000.0,553884000.0,1462380000.0,861964000.0,600416000.0,5.499999999999999,4162000.0,7944778000.0,4362070000.0,3657115000.0,1395337000.0,93914939.0,2026-07-24,2026-06-30,SEC Company Facts,https://data.sec.gov/api/xbrl/companyfacts/CIK0000728535.json,2025-12-31,2024-12-31,2023-12-31,2022-12-31,2021-12-31,2026-02-24,2026-02-24,2026-02-24,2025-02-21,2024-02-23,,,,,,865069000.0,831225000.0,993196000.0,1331553000.0,1045530000.0,598282000.0,570886000.0,728287000.0,969351000.0,760806000.0,1678272000.0,1483156000.0,1744618000.0,1776882000.0,1223898000.0,730687000.0,865373000.0,1862431000.0,1540796000.0,947563000.0,947585000.0,617783000.0,-117813000.0,236086000.0,276335000.0,6.12,5.56,6.97,9.21,7.14,
JBL,0000898293,Jabil,Information Technology,Electronic Manufacturing Services,28514000000.0,1163000000.0,577000000.0,1587000000.0,423000000.0,1164000000.0,5.25,1360000000.0,23819000000.0,22492000000.0,1323000000.0,3306019000.0,104787089.0,2026-06-30,2026-06-24,SEC Company Facts,https://data.sec.gov/api/xbrl/companyfacts/CIK0000898293.json,2025-08-31,2024-08-31,2023-08-31,2022-08-31,2021-08-31,2025-10-17,2025-10-17,2025-10-17,2024-10-28,2023-10-20,29802000000.0,28883000000.0,34702000000.0,33478000000.0,29285000000.0,1182000000.0,2013000000.0,1537000000.0,1393000000.0,1055000000.0,657000000.0,1388000000.0,818000000.0,996000000.0,698000000.0,1640000000.0,1716000000.0,1734000000.0,1651000000.0,1433000000.0,468000000.0,784000000.0,1030000000.0,1385000000.0,1159000000.0,1172000000.0,932000000.0,704000000.0,266000000.0,274000000.0,5.92,11.17,6.02,6.9,4.58,
JCI,0000833444,Johnson Controls,Industrials,Building Products,23248000000.0,474000000.0,2707000000.0,2292000000.0,494000000.0,1798000000.0,3.73,698000000.0,38354000000.0,7228000000.0,13518000000.0,9195000000.0,610115603.0,2026-05-06,2026-03-31,SEC Company Facts,https://data.sec.gov/api/xbrl/companyfacts/CIK0000833444.json,2025-09-30,2024-09-30,2023-09-30,2022-09-30,2021-09-30,2025-11-14,2025-11-14,2025-11-14,2024-11-19,2023-12-14,23596000000.0,22952000000.0,22331000000.0,20637000000.0,23668000000.0,,,,,,3513000000.0,1900000000.0,2033000000.0,1723000000.0,1870000000.0,2554000000.0,1568000000.0,1856000000.0,1237000000.0,2551000000.0,434000000.0,494000000.0,446000000.0,487000000.0,552000000.0,2120000000.0,1074000000.0,1410000000.0,750000000.0,1999000000.0,5.03,2.52,2.69,2.19,2.27,
JKHY,0000779152,Jack Henry & Associates,Financials,Transaction & Payment Processing Services,2319828000.0,538643000.0,429217000.0,546191000.0,64957000.0,481234000.0,5.870000000000001,20573000.0,3050557000.0,915746000.0,2134811000.0,125000000.0,71050780.0,2026-05-07,2026-04-24,SEC Company Facts,https://data.sec.gov/api/xbrl/companyfacts/CIK0000779152.json,2025-06-30,2024-06-30,2023-06-30,2022-06-30,2021-06-30,2025-08-25,2025-08-25,2025-08-25,2024-08-26,2023-08-24,2375288000.0,2215543000.0,2077702000.0,1942884000.0,1758225000.0,568715000.0,489391000.0,480688000.0,474619000.0,398719000.0,455748000.0,381816000.0,366646000.0,362916000.0,311469000.0,641504000.0,568041000.0,381559000.0,504631000.0,462129000.0,53358000.0,58118000.0,39179000.0,34659000.0,22988000.0,588146000.0,509923000.0,342380000.0,469972000.0,439141000.0,6.24,5.23,5.02,4.94,4.12,
JNJ,0000200406,Johnson & Johnson,Health Care,Pharmaceuticals,90627000000.0,17581000000.0,16323000000.0,23028000000.0,4479000000.0,18549000000.0,9.34,20422000000.0,201061000000.0,116090000000.0,84971000000.0,45844000000.0,2409898597.0,2026-07-23,2026-07-17,SEC Company Facts,https://data.sec.gov/api/xbrl/companyfacts/CIK0000200406.json,2025-12-28,2024-12-29,2023-12-31,2023-01-01,2022-01-02,2026-02-11,2026-02-11,2026-02-11,2025-02-13,2024-02-16,94193000000.0,88821000000.0,85159000000.0,79990000000.0,78740000000.0,,,,,,26804000000.0,14066000000.0,35153000000.0,17941000000.0,20878000000.0,24530000000.0,24266000000.0,22791000000.0,21194000000.0,23410000000.0,4832000000.0,4424000000.0,4543000000.0,4009000000.0,3652000000.0,19698000000.0,19842000000.0,18248000000.0,17185000000.0,19758000000.0,11.03,5.79,13.72,6.73,7.81,
JPM,0000019617,JPMorgan Chase,Financials,Diversified Banks,182447000000.0,,17923000000.0,-148615000000.0,,,19.5,278793000000.0,5015069000000.0,4640471000000.0,374598000000.0,269929000000.0,2658186195.0,2026-08-06,2026-06-30,SEC Company Facts,https://data.sec.gov/api/xbrl/companyfacts/CIK0000019617.json,2025-12-31,2024-12-31,2023-12-31,2022-12-31,2021-12-31,2026-02-13,2026-02-13,2026-02-13,2025-02-14,2024-02-16,182447000000.0,177556000000.0,158104000000.0,128695000000.0,121649000000.0,,,,,,57048000000.0,58471000000.0,49552000000.0,37676000000.0,48334000000.0,-147782000000.0,-42012000000.0,12974000000.0,107119000000.0,78084000000.0,,,,,,,,,,,20.02,19.75,16.23,12.09,15.36,
KDP,0001418135,Keurig Dr Pepper,Consumer Staples,Soft Drinks & Non-alcoholic Beverages,15759000000.0,2664000000.0,1535000000.0,2117000000.0,516000000.0,1601000000.0,1.1300000000000001,1517000000.0,87619000000.0,53973000000.0,25032000000.0,29980000000.0,1360826038.0,2026-08-10,2026-08-10,SEC Company Facts,https://data.sec.gov/api/xbrl/companyfacts/CIK0001418135.json,2025-12-31,2024-12-31,2023-12-31,2022-12-31,2021-12-31,2026-02-24,2026-02-24,2026-02-24,2025-02-25,2024-02-22,16603000000.0,15351000000.0,14814000000.0,14057000000.0,12683000000.0,3575000000.0,2591000000.0,3192000000.0,2605000000.0,2894000000.0,2079000000.0,1441000000.0,2181000000.0,1435000000.0,2145000000.0,1991000000.0,2219000000.0,1329000000.0,2837000000.0,2874000000.0,486000000.0,563000000.0,425000000.0,353000000.0,423000000.0,1505000000.0,1656000000.0,904000000.0,2484000000.0,2451000000.0,1.53,1.05,1.55,1.01,1.5,
KEY,0000091576,KeyCorp,Financials,Regional Banks,1705000000.0,,861000000.0,1616000000.0,157000000.0,1459000000.0,-0.08000000000000007,1711000000.0,191317000000.0,171519000000.0,19798000000.0,10967000000.0,1067128554.0,2026-08-04,2026-07-31,SEC Company Facts,https://data.sec.gov/api/xbrl/companyfacts/CIK0000091576.json,2025-12-31,2024-12-31,2023-12-31,2022-12-31,2021-12-31,2026-02-23,2026-02-23,2026-02-23,2025-02-21,2024-02-22,1749000000.0,1643000000.0,1435000000.0,1594000000.0,7292000000.0,,,,,,1829000000.0,-161000000.0,967000000.0,1917000000.0,2625000000.0,2208000000.0,664000000.0,2903000000.0,4469000000.0,1153000000.0,107000000.0,65000000.0,142000000.0,96000000.0,66000000.0,2101000000.0,599000000.0,2761000000.0,4373000000.0,1087000000.0,1.52,-0.32,0.88,1.93,2.63,
KEYS,0001601046,Keysight Technologies,Information Technology,Electronic Equipment & Instruments,5921000000.0,860000000.0,742000000.0,1476000000.0,130000000.0,1346000000.0,4.26,2412000000.0,11738000000.0,5407000000.0,6331000000.0,1832000000.0,170895368.0,2026-06-04,2026-05-29,SEC Company Facts,https://data.sec.gov/api/xbrl/companyfacts/CIK0001601046.json,2025-10-31,2024-10-31,2023-10-31,2022-10-31,2021-10-31,2025-12-17,2025-12-17,2025-12-17,2024-12-17,2023-12-15,5375000000.0,4979000000.0,5464000000.0,5420000000.0,4941000000.0,876000000.0,833000000.0,1358000000.0,1334000000.0,1080000000.0,850000000.0,618000000.0,1057000000.0,1124000000.0,894000000.0,1409000000.0,1052000000.0,1408000000.0,1144000000.0,1322000000.0,128000000.0,154000000.0,197000000.0,185000000.0,174000000.0,1281000000.0,898000000.0,1211000000.0,959000000.0,1148000000.0,4.91,3.51,5.91,6.18,4.78,
KHC,0001637459,Kraft Heinz,Consumer Staples,Packaged Foods & Meats,,-6919000000.0,-5267000000.0,4400000000.0,906000000.0,3494000000.0,-4.460000000000001,2419000000.0,73065000000.0,36935000000.0,36006000000.0,13636000000.0,1185823758.0,2026-08-05,2026-08-01,SEC Company Facts,https://data.sec.gov/api/xbrl/companyfacts/CIK0001637459.json,2025-12-27,2024-12-28,2023-12-30,2022-12-31,2021-12-25,2026-02-12,2026-02-12,2026-02-12,2025-02-13,2024-02-15,,,,,,-4669000000.0,1683000000.0,4572000000.0,3634000000.0,3460000000.0,-5848000000.0,2746000000.0,2846000000.0,2368000000.0,1024000000.0,4462000000.0,4184000000.0,3976000000.0,2469000000.0,5364000000.0,801000000.0,1024000000.0,1013000000.0,916000000.0,905000000.0,3661000000.0,3160000000.0,2963000000.0,1553000000.0,4459000000.0,-4.93,2.26,2.31,1.91,0.82,
KIM,0000879101,Kimco Realty,Real Estate,Retail REITs,2094828000.0,723979000.0,605870000.0,1064687000.0,,,0.97,699242000.0,20030952000.0,9607911000.0,10265601000.0,7718700000.0,670789373.0,2026-08-04,2026-07-28,SEC Company Facts,https://data.sec.gov/api/xbrl/companyfacts/CIK0000879101.json,2025-12-31,2024-12-31,2023-12-31,2022-12-31,2021-12-31,2026-02-20,2026-02-20,2026-02-20,2025-02-21,2024-02-26,2140116000.0,2037014000.0,1783400000.0,1727684000.0,1364585000.0,770823000.0,629088000.0,638777000.0,565464000.0,424286000.0,592810000.0,419439000.0,665949000.0,114534000.0,849696000.0,1120015000.0,1005621000.0,1071607000.0,861114000.0,618875000.0,18400000.0,,,,,1101615000.0,,,,,,,,,,
KKR,0001404912,KKR & Co.,Financials,Asset Management & Custody Banks,2006791000.0,,4857913000.0,4753085000.0,194569000.0,4558516000.0,,5363009000.0,414463237000.0,334012983000.0,31047399000.0,36914472000.0,897635601.0,2026-08-06,2026-08-05,SEC Company Facts,https://data.sec.gov/api/xbrl/companyfacts/CIK0001404912.json,2025-12-31,2024-12-31,2023-12-31,2022-12-31,2021-12-31,2026-02-27,2026-02-27,2026-02-27,2025-02-28,2024-02-29,19464307000.0,21878698000.0,14499312000.0,5704180000.0,16226040000.0,,,,,,6145412000.0,4906037000.0,5357086000.0,-417614000.0,12451717000.0,477760000.0,6649878000.0,-1493812000.0,-5279259000.0,-7176708000.0,,,,,,,,,,,,,,,,
KLAC,0000319201,KLA Corporation,Information Technology,Semiconductor Materials & Equipment,13579476000.0,786691000.0,4061643000.0,4143079000.0,375945000.0,3767134000.0,3.66,1649842000.0,17951535000.0,11601715000.0,6349820000.0,3422097000.0,1306546783.0,2026-08-06,2026-08-03,SEC Company Facts,https://data.sec.gov/api/xbrl/companyfacts/CIK0000319201.json,2026-06-30,2025-06-30,2024-06-30,2023-06-30,2022-06-30,2026-08-06,2026-08-06,2026-08-06,2025-08-08,2024-08-05,13579476000.0,12156162000.0,9812247000.0,10496056000.0,9211883000.0,,,,,,4830771000.0,4061643000.0,2761896000.0,3387351000.0,3322060000.0,4143079000.0,4081903000.0,3308575000.0,3669805000.0,3312702000.0,375945000.0,335259000.0,277384000.0,341591000.0,307320000.0,3767134000.0,3746644000.0,3031191000.0,3328214000.0,3005382000.0,3.66,3.04,2.03,24.15,21.92,
KMB,0000055785,Kimberly-Clark,Consumer Staples,Household Products,16465000000.0,2669000000.0,2452000000.0,2872000000.0,770000000.0,2102000000.0,7.26,956000000.0,18554000000.0,16804000000.0,1750000000.0,6482000000.0,332579038.0,2026-08-04,2026-07-28,SEC Company Facts,https://data.sec.gov/api/xbrl/companyfacts/CIK0000055785.json,2025-12-31,2024-12-31,2023-12-31,2022-12-31,2021-12-31,2026-02-12,2026-02-12,2026-02-12,2025-02-13,2024-02-08,16447000000.0,16805000000.0,17146000000.0,20175000000.0,19440000000.0,2351000000.0,2700000000.0,1928000000.0,2681000000.0,2561000000.0,2049000000.0,2578000000.0,1764000000.0,1961000000.0,1844000000.0,2777000000.0,3234000000.0,3542000000.0,2733000000.0,2730000000.0,1138000000.0,721000000.0,766000000.0,876000000.0,1007000000.0,1639000000.0,2513000000.0,2776000000.0,1857000000.0,1723000000.0,6.07,7.55,5.21,5.72,5.35,
KMI,0001506307,Kinder Morgan,Energy,Oil & Gas Storage & Transportation,14328000000.0,4420000000.0,2830000000.0,5570000000.0,2842000000.0,2728000000.0,1.2200000000000002,89000000.0,74062000000.0,41183000000.0,31631000000.0,32248000000.0,2226802089.0,2026-07-24,2026-07-23,SEC Company Facts,https://data.sec.gov/api/xbrl/companyfacts/CIK0001506307.json,2025-12-31,2024-12-31,2023-12-31,2022-12-31,2021-12-31,2026-02-13,2026-02-13,2026-02-13,2025-02-13,2024-02-20,15202000000.0,13483000000.0,13647000000.0,18128000000.0,16154000000.0,4724000000.0,4384000000.0,4263000000.0,4065000000.0,2916000000.0,3160000000.0,2720000000.0,2486000000.0,2625000000.0,1850000000.0,5917000000.0,5635000000.0,6491000000.0,4967000000.0,5708000000.0,3026000000.0,2629000000.0,2317000000.0,1621000000.0,1281000000.0,2891000000.0,3006000000.0,4174000000.0,3346000000.0,4427000000.0,1.37,1.17,1.06,1.12,0.78,
KO,0000021344,Coca-Cola Company (The),Consumer Staples,Soft Drinks & Non-alcoholic Beverages,49284000000.0,14462000000.0,13768000000.0,14631000000.0,2069000000.0,12562000000.0,3.18,10574000000.0,104217000000.0,70584000000.0,33633000000.0,36496000000.0,4302482418.0,2026-04-30,2026-04-28,SEC Company Facts,https://data.sec.gov/api/xbrl/companyfacts/CIK0000021344.json,2025-12-31,2024-12-31,2023-12-31,2022-12-31,2021-12-31,2026-02-20,2026-02-20,2026-02-20,2025-02-20,2024-02-20,47941000000.0,47061000000.0,45754000000.0,43004000000.0,38655000000.0,13762000000.0,9992000000.0,11311000000.0,10909000000.0,10308000000.0,13137000000.0,10649000000.0,10703000000.0,9571000000.0,9804000000.0,7408000000.0,6805000000.0,11599000000.0,11018000000.0,12625000000.0,2112000000.0,2064000000.0,1852000000.0,1484000000.0,1367000000.0,5296000000.0,4741000000.0,9747000000.0,9534000000.0,11258000000.0,3.04,2.46,2.47,2.19,2.25,
KR,0000056873,Kroger,Consumer Staples,Food Retail,146972000000.0,3877000000.0,1060000000.0,5601000000.0,3757000000.0,1844000000.0,3.67,2873000000.0,50292000000.0,43814000000.0,6472000000.0,15378000000.0,612647282.0,2026-06-26,2026-06-24,SEC Company Facts,https://data.sec.gov/api/xbrl/companyfacts/CIK0000056873.json,2026-01-31,2025-02-01,2024-02-03,2023-01-28,2022-01-29,2026-03-31,2026-03-31,2026-03-31,2025-04-01,2024-04-02,147642000000.0,147123000000.0,150039000000.0,148258000000.0,137888000000.0,1890000000.0,3849000000.0,3096000000.0,4126000000.0,3477000000.0,1024000000.0,2672000000.0,2169000000.0,2249000000.0,1666000000.0,7311000000.0,5794000000.0,6788000000.0,4498000000.0,6190000000.0,3855000000.0,4017000000.0,3904000000.0,3078000000.0,2614000000.0,3456000000.0,1777000000.0,2884000000.0,1420000000.0,3576000000.0,1.54,3.67,2.96,3.06,2.17,
KVUE,0001944048,Kenvue,Consumer Staples,Personal Care Products,15141000000.0,2387000000.0,1418000000.0,2091000000.0,458000000.0,1633000000.0,0.75,1110000000.0,26735000000.0,16182000000.0,10553000000.0,7687000000.0,1920773467.0,2026-08-06,2026-07-31,SEC Company Facts,https://data.sec.gov/api/xbrl/companyfacts/CIK0001944048.json,2025-12-28,2024-12-29,2023-12-31,2023-01-01,2022-01-02,2026-02-20,2026-02-20,2026-02-20,2025-02-24,2024-03-01,15124000000.0,15455000000.0,15444000000.0,14950000000.0,15054000000.0,2414000000.0,1841000000.0,2512000000.0,2675000000.0,2920000000.0,1470000000.0,1030000000.0,1664000000.0,2064000000.0,2078000000.0,2197000000.0,1769000000.0,3168000000.0,2525000000.0,334000000.0,475000000.0,434000000.0,469000000.0,375000000.0,295000000.0,1722000000.0,1335000000.0,2699000000.0,2150000000.0,39000000.0,0.76,0.54,0.9,1.2,1.21,
L,0000060086,Loews Corporation,Financials,Multi-line Insurance,3087000000.0,,1422000000.0,3617000000.0,546000000.0,3071000000.0,6.299999999999999,508000000.0,87228000000.0,67196000000.0,19115000000.0,10072000000.0,204427720.0,2026-08-03,2026-07-31,SEC Company Facts,https://data.sec.gov/api/xbrl/companyfacts/CIK0000060086.json,2025-12-31,2024-12-31,2023-12-31,2022-12-31,2021-12-31,2026-02-10,2026-02-10,2026-02-10,2025-02-11,2024-02-06,3174000000.0,2893000000.0,2360000000.0,2087000000.0,2005000000.0,,,,,,1772000000.0,1494000000.0,1545000000.0,891000000.0,1685000000.0,3279000000.0,3025000000.0,3907000000.0,3314000000.0,2623000000.0,579000000.0,632000000.0,686000000.0,660000000.0,482000000.0,2700000000.0,2393000000.0,3221000000.0,2654000000.0,2141000000.0,7.97,6.41,6.29,3.38,6.0,
LDOS,0001336920,Leidos,Industrials,Diversified Support Services,16979000000.0,2038000000.0,1402000000.0,1485000000.0,121000000.0,1364000000.0,10.6,748000000.0,15632000000.0,10296000000.0,5284000000.0,1164000000.0,125492209.0,2026-08-04,2026-07-28,SEC Company Facts,https://data.sec.gov/api/xbrl/companyfacts/CIK0001336920.json,2026-01-02,2025-01-03,2023-12-29,2022-12-30,2021-12-31,2026-02-17,2026-02-17,2026-02-17,2025-02-11,2024-02-13,17107000000.0,16576000000.0,15339000000.0,14287000000.0,13617000000.0,2109000000.0,1827000000.0,621000000.0,1088000000.0,1152000000.0,1462000000.0,1251000000.0,208000000.0,693000000.0,759000000.0,1750000000.0,1435000000.0,1187000000.0,992000000.0,1033000000.0,125000000.0,149000000.0,207000000.0,129000000.0,104000000.0,1625000000.0,1286000000.0,980000000.0,863000000.0,929000000.0,11.14,9.22,1.44,4.96,5.27,
LEN,0000920760,Lennar,Consumer Discretionary,Homebuilding,35371977000.0,4421666000.0,3297681000.0,409689000.0,131029000.0,278660000.0,12.070000000000002,3756305000.0,33701455000.0,11935729000.0,21620638000.0,5874995000.0,,2026-06-29,2026-05-31,SEC Company Facts,https://data.sec.gov/api/xbrl/companyfacts/CIK0000920760.json,2025-11-30,2024-11-30,2023-11-30,2022-11-30,2021-11-30,2026-01-28,2026-01-28,2026-01-28,2025-01-23,2024-01-26,34186934000.0,35441452000.0,34233366000.0,33671010000.0,27130676000.0,,,,,,2108300000.0,3967655000.0,3961291000.0,4648501000.0,4456549000.0,216812000.0,2403379000.0,5179738000.0,3265668000.0,2532774000.0,188629000.0,171503000.0,99799000.0,57214000.0,65172000.0,28183000.0,2231876000.0,5079939000.0,3208454000.0,2467602000.0,,14.31,13.73,15.72,14.27,
LH,0000920148,Labcorp,Health Care,Health Care Services,13483800000.0,1191100000.0,764500000.0,1693600000.0,431800000.0,1261800000.0,9.07,141800000.0,18532300000.0,9909100000.0,8606800000.0,6857900000.0,81100000.0,2026-08-05,2026-08-04,SEC Company Facts,https://data.sec.gov/api/xbrl/companyfacts/CIK0000920148.json,2025-12-31,2024-12-31,2023-12-31,2022-12-31,2021-12-31,2026-02-24,2026-02-24,2026-02-24,2025-02-25,2024-02-26,13951700000.0,13008900000.0,12161600000.0,11863900000.0,13136100000.0,1384700000.0,1086700000.0,725600000.0,1436500000.0,3048600000.0,877700000.0,747100000.0,419200000.0,1280600000.0,2379500000.0,1640500000.0,1585800000.0,1327700000.0,1955900000.0,3109600000.0,434500000.0,489900000.0,453600000.0,429300000.0,421500000.0,1206000000.0,1095900000.0,874100000.0,1526600000.0,2688100000.0,10.46,8.84,4.77,13.97,24.39,
LHX,0000202058,L3Harris,Industrials,Aerospace & Defense,22392000000.0,2320000000.0,1732000000.0,3292000000.0,484000000.0,2808000000.0,9.899999999999999,1521000000.0,42938000000.0,22088000000.0,19882000000.0,9738000000.0,186214616.0,2026-07-30,2026-07-24,SEC Company Facts,https://data.sec.gov/api/xbrl/companyfacts/CIK0000202058.json,2026-01-02,2025-01-03,2023-12-29,2022-12-30,2021-12-31,2026-02-12,2026-02-12,2026-02-12,2025-02-14,2024-02-20,,21325000000.0,19419000000.0,17062000000.0,17814000000.0,2110000000.0,1918000000.0,1426000000.0,1127000000.0,2109000000.0,1606000000.0,1512000000.0,1198000000.0,1061000000.0,1842000000.0,3106000000.0,2559000000.0,2096000000.0,2158000000.0,2687000000.0,424000000.0,408000000.0,449000000.0,252000000.0,342000000.0,2682000000.0,2151000000.0,1647000000.0,1906000000.0,2345000000.0,8.53,7.87,6.44,5.49,9.09,
LII,0001069202,Lennox International,Industrials,Building Products,5366800000.0,1041600000.0,816400000.0,932700000.0,159600000.0,773100000.0,22.82,48200000.0,4292700000.0,3078800000.0,1213900000.0,18300000.0,34799968.0,2026-04-29,2026-04-22,SEC Company Facts,https://data.sec.gov/api/xbrl/companyfacts/CIK0001069202.json,2025-12-31,2024-12-31,2023-12-31,2022-12-31,2021-12-31,2026-02-17,2026-02-17,2026-02-17,2025-02-11,2024-02-13,5195300000.0,5341300000.0,4981900000.0,4718400000.0,4194100000.0,1041500000.0,1040400000.0,791500000.0,656200000.0,590300000.0,805800000.0,811100000.0,591200000.0,497100000.0,464000000.0,757600000.0,945700000.0,736200000.0,302300000.0,515500000.0,118800000.0,163600000.0,250200000.0,101100000.0,106800000.0,638800000.0,782100000.0,486000000.0,201200000.0,408700000.0,22.79,22.66,16.58,13.88,12.39,
LIN,0001707925,Linde plc,Materials,Industrial Gases,33245000000.0,8894000000.0,6885000000.0,9912000000.0,4843000000.0,5069000000.0,14.07,4898000000.0,88349000000.0,47719000000.0,39081000000.0,23152000000.0,460980163.0,2026-07-31,2026-06-30,SEC Company Facts,https://data.sec.gov/api/xbrl/companyfacts/CIK0001707925.json,2025-12-31,2024-12-31,2023-12-31,2022-12-31,2021-12-31,2026-02-25,2026-02-25,2026-02-25,2025-02-26,2024-02-28,33986000000.0,33005000000.0,32854000000.0,33364000000.0,30793000000.0,8923000000.0,8635000000.0,8024000000.0,5369000000.0,4984000000.0,7058000000.0,6737000000.0,6341000000.0,4281000000.0,3961000000.0,10350000000.0,9423000000.0,9305000000.0,8864000000.0,9725000000.0,5261000000.0,4497000000.0,3787000000.0,3173000000.0,3086000000.0,5089000000.0,4926000000.0,5518000000.0,5691000000.0,6639000000.0,14.61,13.62,12.59,8.23,7.33,
LITE,0001633978,Lumentum,Information Technology,Communications Equipment,1645000000.0,-305100000.0,-439900000.0,97800000.0,201700000.0,-103900000.0,-6.46,2617800000.0,7027900000.0,4054500000.0,2973400000.0,3281800000.0,77800000.0,2026-05-06,2026-04-30,SEC Company Facts,https://data.sec.gov/api/xbrl/companyfacts/CIK0001633978.json,2025-06-28,2024-06-29,2023-07-01,2022-07-02,2021-07-03,2025-08-19,2025-08-19,2025-08-19,2024-08-21,2023-08-23,1645000000.0,1359200000.0,1767000000.0,1712600000.0,,-180100000.0,-434000000.0,-115700000.0,303300000.0,527000000.0,25900000.0,-546500000.0,-131600000.0,198900000.0,397300000.0,126300000.0,24700000.0,179800000.0,459300000.0,738700000.0,231000000.0,133000000.0,128500000.0,91200000.0,84800000.0,-104700000.0,-108300000.0,51300000.0,368100000.0,653900000.0,0.37,-8.12,-1.93,2.68,5.07,
LLY,0000059478,Lilly (Eli),Health Care,Pharmaceuticals,53258200000.0,,,10938800000.0,1127700000.0,9811100000.0,15.300000000000002,8950000000.0,142283000000.0,108404000000.0,33879000000.0,54908000000.0,941357065.0,2026-08-05,2026-08-03,SEC Company Facts,https://data.sec.gov/api/xbrl/companyfacts/CIK0000059478.json,2025-12-31,2024-12-31,2023-12-31,2022-12-31,2021-12-31,2026-02-12,2026-02-12,2026-02-12,2025-02-19,2024-02-21,65179000000.0,45043000000.0,34124000000.0,28541400000.0,28318400000.0,,,,,,20640000000.0,10590000000.0,5240000000.0,6244800000.0,5581700000.0,16813000000.0,8818000000.0,4240000000.0,7585700000.0,7365900000.0,,,,,,,,,,,22.95,11.71,5.8,6.9,6.12,
LMT,0000936468,Lockheed Martin,Industrials,Aerospace & Defense,59812000000.0,5956000000.0,4204000000.0,5071000000.0,932000000.0,4139000000.0,17.82,3791000000.0,62450000000.0,53682000000.0,8768000000.0,21038000000.0,230790753.0,2026-07-23,2026-07-20,SEC Company Facts,https://data.sec.gov/api/xbrl/companyfacts/CIK0000936468.json,2025-12-31,2024-12-31,2023-12-31,2022-12-31,2021-12-31,2026-01-29,2026-01-29,2026-01-29,2025-01-28,2024-01-23,75048000000.0,71043000000.0,67571000000.0,65984000000.0,67044000000.0,7731000000.0,7013000000.0,8507000000.0,8348000000.0,9123000000.0,5017000000.0,5336000000.0,6920000000.0,5732000000.0,6315000000.0,8557000000.0,6972000000.0,7920000000.0,7802000000.0,9221000000.0,1649000000.0,1685000000.0,1691000000.0,1670000000.0,1522000000.0,6908000000.0,5287000000.0,6229000000.0,6132000000.0,7699000000.0,21.49,22.31,27.55,21.66,22.76,
LNT,0000352541,Alliant Energy,Utilities,Electric Utilities,4078000000.0,921000000.0,1013000000.0,1109000000.0,1560000000.0,-451000000.0,2.9,115000000.0,24813000000.0,17391000000.0,7422000000.0,11007000000.0,258277037.0,2026-05-01,2026-03-31,SEC Company Facts,https://data.sec.gov/api/xbrl/companyfacts/CIK0000352541.json,2025-12-31,2024-12-31,2023-12-31,2022-12-31,2021-12-31,2026-02-20,2026-02-20,2026-02-20,2025-02-21,2024-02-16,4362000000.0,3981000000.0,4027000000.0,4205000000.0,3669000000.0,1025000000.0,886000000.0,943000000.0,928000000.0,795000000.0,810000000.0,690000000.0,703000000.0,686000000.0,674000000.0,1169000000.0,1167000000.0,867000000.0,486000000.0,582000000.0,,,,1484000000.0,1169000000.0,,,,-998000000.0,-587000000.0,3.14,2.69,2.78,2.73,2.63,
LOW,0000060667,Lowe's,Consumer Discretionary,Home Improvement Retail,83240000000.0,10307000000.0,6437000000.0,8742000000.0,2063000000.0,6679000000.0,12.09,786000000.0,54941000000.0,64211000000.0,-9270000000.0,5077000000.0,560707041.0,2026-05-28,2026-05-26,SEC Company Facts,https://data.sec.gov/api/xbrl/companyfacts/CIK0000060667.json,2026-01-30,2025-01-31,2024-02-02,2023-02-03,2022-01-28,2026-03-23,2026-03-23,2026-03-23,2025-03-24,2024-03-25,86286000000.0,83674000000.0,86377000000.0,97059000000.0,96250000000.0,10153000000.0,10466000000.0,11557000000.0,10159000000.0,12093000000.0,6654000000.0,6957000000.0,7726000000.0,6437000000.0,8442000000.0,9864000000.0,9625000000.0,8140000000.0,8589000000.0,10113000000.0,2213000000.0,1927000000.0,1964000000.0,1829000000.0,1853000000.0,7651000000.0,7698000000.0,6176000000.0,6760000000.0,8260000000.0,11.85,12.23,13.2,10.17,12.04,
LRCX,0000707549,Lam Research,Information Technology,Semiconductor Materials & Equipment,23232690000.0,8199795000.0,7265396000.0,5857657000.0,966405000.0,4891252000.0,5.76,5579171000.0,23529743000.0,11058822000.0,12470921000.0,4561791000.0,1251321000.0,2026-08-07,2026-08-04,SEC Company Facts,https://data.sec.gov/api/xbrl/companyfacts/CIK0000707549.json,2026-06-28,2025-06-29,2024-06-30,2023-06-25,2022-06-26,2026-08-07,2026-08-07,2026-08-07,2025-08-11,2024-08-29,23232690000.0,18435591000.0,14905386000.0,17428516000.0,17227039000.0,8199795000.0,5900968000.0,4263913000.0,5174860000.0,5381822000.0,7265396000.0,5358217000.0,3827772000.0,4510931000.0,4605286000.0,5857657000.0,6173264000.0,4652269000.0,5178938000.0,3099674000.0,966405000.0,759186000.0,396670000.0,501568000.0,546034000.0,4891252000.0,5414078000.0,4255599000.0,4677370000.0,2553640000.0,5.76,4.15,2.9,3.32,32.75,
LULU,0001397187,Lululemon Athletica,Consumer Discretionary,"Apparel, Accessories & Luxury Goods",10749895000.0,2511680000.0,239033000.0,2026235000.0,710814000.0,1315421000.0,14.700000000000003,881320000.0,8531441000.0,3705840000.0,4825601000.0,,108437957.0,2026-06-04,2026-05-29,SEC Company Facts,https://data.sec.gov/api/xbrl/companyfacts/CIK0001397187.json,2026-02-01,2025-02-02,2024-01-28,2023-01-29,2022-01-30,2026-03-17,2026-03-17,2026-03-17,2025-03-27,2024-03-21,11102600000.0,10588126000.0,9619278000.0,8110518000.0,6256617000.0,2210615000.0,2505697000.0,2132676000.0,1328408000.0,1333355000.0,1579183000.0,1814616000.0,1550190000.0,854800000.0,975322000.0,1602477000.0,2272713000.0,2296164000.0,966463000.0,1389108000.0,680802000.0,689232000.0,651865000.0,638657000.0,394502000.0,921675000.0,1583481000.0,1644299000.0,327806000.0,994606000.0,13.26,14.64,12.2,6.68,7.49,
LUV,0000092380,Southwest Airlines,Industrials,Passenger Airlines,27472000000.0,317000000.0,392000000.0,1851000000.0,1447000000.0,404000000.0,0.64,3791000000.0,30122000000.0,23040000000.0,7082000000.0,2875000000.0,489208201.0,2026-07-23,2026-07-22,SEC Company Facts,https://data.sec.gov/api/xbrl/companyfacts/CIK0000092380.json,2025-12-31,2024-12-31,2023-12-31,2022-12-31,2021-12-31,2026-02-05,2026-02-05,2026-02-05,2025-02-07,2024-02-06,28063000000.0,27483000000.0,26091000000.0,23814000000.0,15790000000.0,428000000.0,321000000.0,224000000.0,1017000000.0,1721000000.0,441000000.0,465000000.0,465000000.0,539000000.0,977000000.0,1842000000.0,462000000.0,3164000000.0,3790000000.0,2322000000.0,2673000000.0,2054000000.0,3520000000.0,3924000000.0,505000000.0,-831000000.0,-1592000000.0,-356000000.0,-134000000.0,1817000000.0,0.79,0.76,0.76,0.87,1.61,
LVS,0001300514,Las Vegas Sands,Consumer Discretionary,Casinos & Gaming,11615000000.0,2486000000.0,1672000000.0,2380000000.0,1751000000.0,629000000.0,1.98,3376000000.0,19909000000.0,19012000000.0,581000000.0,9496002000.0,647701184.0,2026-07-24,2026-07-22,SEC Company Facts,https://data.sec.gov/api/xbrl/companyfacts/CIK0001300514.json,2025-12-31,2024-12-31,2023-12-31,2022-12-31,2021-12-31,2026-02-06,2026-02-06,2026-02-06,2025-02-07,2024-02-07,13017000000.0,11298000000.0,10372000000.0,4110000000.0,4234000000.0,2818000000.0,2402000000.0,2313000000.0,-792000000.0,-689000000.0,1866000000.0,1752000000.0,1431000000.0,1357000000.0,-1276000000.0,3023000000.0,3204000000.0,3227000000.0,-944000000.0,-243000000.0,1168000000.0,1567000000.0,1017000000.0,651000000.0,828000000.0,1855000000.0,1637000000.0,2210000000.0,-1595000000.0,-1071000000.0,2.35,1.96,1.6,2.4,-1.26,
LYB,0001489393,LyondellBasell,Materials,Specialty Chemicals,31747000000.0,667000000.0,262000000.0,2357000000.0,1894000000.0,463000000.0,0.7800000000000002,2630000000.0,34482000000.0,23811000000.0,10671000000.0,4305000000.0,323037952.0,2026-07-31,2026-07-29,SEC Company Facts,https://data.sec.gov/api/xbrl/companyfacts/CIK0001489393.json,2025-12-31,2024-12-31,2023-12-31,2022-12-31,2021-12-31,2026-02-20,2026-02-20,2026-02-20,2025-02-27,2024-02-22,30153000000.0,33394000000.0,33336000000.0,50451000000.0,46173000000.0,-420000000.0,1918000000.0,2725000000.0,5101000000.0,6773000000.0,-738000000.0,1367000000.0,2121000000.0,3889000000.0,5617000000.0,2262000000.0,3819000000.0,4942000000.0,6119000000.0,7695000000.0,1878000000.0,1839000000.0,1531000000.0,1890000000.0,1959000000.0,384000000.0,1980000000.0,3411000000.0,4229000000.0,5736000000.0,-2.34,4.15,6.46,11.81,16.75,
LYV,0001335258,Live Nation Entertainment,Communication Services,Movies & Entertainment,23721438000.0,1001503000.0,1146644000.0,1868943000.0,747152000.0,1121791000.0,2.35,9071949000.0,28180826000.0,28098496000.0,82330000.0,1715688000.0,235633860.0,2026-07-30,2026-07-23,SEC Company Facts,https://data.sec.gov/api/xbrl/companyfacts/CIK0001335258.json,2025-12-31,2024-12-31,2023-12-31,2022-12-31,2021-12-31,2026-02-19,2026-02-19,2026-02-19,2025-02-21,2024-02-22,25201406000.0,23155625000.0,22726317000.0,16681254000.0,6268447000.0,1251217000.0,824510000.0,1084933000.0,722031000.0,-417858000.0,690740000.0,1131124000.0,703798000.0,374583000.0,-608786000.0,1395316000.0,1725175000.0,1362974000.0,1835047000.0,1780568000.0,1061705000.0,646634000.0,438604000.0,347206000.0,152734000.0,333611000.0,1078541000.0,924370000.0,1487841000.0,1627834000.0,-0.24,2.74,1.34,0.52,-3.09,
MA,0001141391,Mastercard,Financials,Transaction & Payment Processing Services,27899000000.0,16868000000.0,13586000000.0,16953000000.0,401000000.0,16552000000.0,14.830000000000002,11291000000.0,57691000000.0,52085000000.0,5611000000.0,24643000000.0,122530193.0,2026-07-30,2026-06-30,SEC Company Facts,https://data.sec.gov/api/xbrl/companyfacts/CIK0001141391.json,2025-12-31,2024-12-31,2023-12-31,2022-12-31,2021-12-31,2026-02-11,2026-02-11,2026-02-11,2025-02-12,2024-02-13,32791000000.0,28167000000.0,25098000000.0,22237000000.0,18884000000.0,18897000000.0,15582000000.0,14008000000.0,12264000000.0,10082000000.0,14968000000.0,12874000000.0,11195000000.0,9930000000.0,8687000000.0,17648000000.0,14780000000.0,11980000000.0,11195000000.0,9463000000.0,489000000.0,474000000.0,371000000.0,442000000.0,407000000.0,17159000000.0,14306000000.0,11609000000.0,10753000000.0,9056000000.0,16.52,13.89,11.83,10.22,8.76,
MAA,0000912595,Mid-America Apartment Communities,Real Estate,Multi-Family Residential REITs,2196688000.0,114965000.0,580372000.0,1094653000.0,,,4.8100000000000005,71529000.0,11994502000.0,6286006000.0,5540638000.0,,116384802.0,2026-04-30,2026-04-27,SEC Company Facts,https://data.sec.gov/api/xbrl/companyfacts/CIK0000912595.json,2025-12-31,2024-12-31,2023-12-31,2022-12-31,2021-12-31,2026-02-06,2026-02-06,2026-02-06,2025-02-07,2024-02-09,2209126000.0,2191015000.0,2148468000.0,2019866000.0,1778082000.0,,,,,,456566000.0,541576000.0,567831000.0,654776000.0,550702000.0,1078175000.0,1098292000.0,1137187000.0,1058479000.0,894967000.0,,,,,,,,,,,3.78,4.49,4.71,5.48,4.61,
MAR,0001048286,Marriott International,Consumer Discretionary,"Hotels, Resorts & Cruise Lines",25691000000.0,3880000000.0,198000000.0,2488000000.0,806000000.0,1682000000.0,8.879999999999999,462000000.0,28085000000.0,32610000000.0,-4525000000.0,2527000000.0,260766288.0,2026-08-03,2026-07-27,SEC Company Facts,https://data.sec.gov/api/xbrl/companyfacts/CIK0001048286.json,2025-12-31,2024-12-31,2023-12-31,2022-12-31,2021-12-31,2026-02-10,2026-02-10,2026-02-10,2025-02-11,2024-02-13,26186000000.0,25100000000.0,23713000000.0,20773000000.0,13857000000.0,4141000000.0,3767000000.0,3864000000.0,3462000000.0,1750000000.0,2601000000.0,2375000000.0,3083000000.0,2358000000.0,1099000000.0,3212000000.0,2749000000.0,3170000000.0,2363000000.0,1177000000.0,604000000.0,750000000.0,452000000.0,332000000.0,183000000.0,2608000000.0,1999000000.0,2718000000.0,2031000000.0,994000000.0,9.51,8.33,10.18,7.24,3.34,
MAS,0000062996,Masco,Industrials,Building Products,7703000000.0,1331000000.0,843000000.0,1011000000.0,119000000.0,892000000.0,3.66,388000000.0,5233000000.0,5205000000.0,-242000000.0,3151000000.0,201734437.0,2026-04-22,2026-03-31,SEC Company Facts,https://data.sec.gov/api/xbrl/companyfacts/CIK0000062996.json,2025-12-31,2024-12-31,2023-12-31,2022-12-31,2021-12-31,2026-02-10,2026-02-10,2026-02-10,2025-02-11,2024-02-08,7562000000.0,7828000000.0,7967000000.0,8680000000.0,8375000000.0,1248000000.0,1363000000.0,1348000000.0,1297000000.0,1405000000.0,858000000.0,874000000.0,960000000.0,905000000.0,478000000.0,1022000000.0,1075000000.0,1413000000.0,840000000.0,930000000.0,156000000.0,168000000.0,243000000.0,224000000.0,128000000.0,866000000.0,907000000.0,1170000000.0,616000000.0,802000000.0,3.86,3.76,4.02,3.63,1.62,
MCD,0000063908,McDonald's,Consumer Discretionary,Restaurants,26060000000.0,11937000000.0,8393000000.0,9794000000.0,2896000000.0,6898000000.0,11.670000000000002,822000000.0,59920000000.0,60943000000.0,-1023000000.0,39863000000.0,707641531.0,2026-08-07,2026-06-30,SEC Company Facts,https://data.sec.gov/api/xbrl/companyfacts/CIK0000063908.json,2025-12-31,2024-12-31,2023-12-31,2022-12-31,2021-12-31,2026-02-24,2026-02-24,2026-02-24,2025-02-25,2024-02-22,26885000000.0,25920000000.0,25494000000.0,23183000000.0,23222900000.0,12393000000.0,11712000000.0,11647000000.0,9371000000.0,10356000000.0,8563000000.0,8223000000.0,8469000000.0,6177000000.0,7545200000.0,10551000000.0,9447000000.0,9612000000.0,7387000000.0,9141500000.0,3365000000.0,2775000000.0,2357000000.0,1899000000.0,2040000000.0,7186000000.0,6672000000.0,7255000000.0,5488000000.0,7101500000.0,11.95,11.39,11.56,8.33,10.04,
MCHP,0000827054,Microchip Technology,Information Technology,Semiconductors,4235800000.0,109300000.0,255400000.0,796600000.0,71000000.0,725600000.0,-0.33999999999999997,272300000.0,14407400000.0,7956400000.0,6451000000.0,5361300000.0,543008691.0,2026-08-06,2026-07-28,SEC Company Facts,https://data.sec.gov/api/xbrl/companyfacts/CIK0000827054.json,2026-03-31,2025-03-31,2024-03-31,2023-03-31,2022-03-31,2026-05-21,2026-05-21,2026-05-21,2025-05-23,2024-05-23,4713100000.0,4401600000.0,7634400000.0,8438700000.0,6820900000.0,490100000.0,296300000.0,2571000000.0,3116000000.0,1849600000.0,230000000.0,-500000.0,1906900000.0,2237700000.0,1285500000.0,962100000.0,898100000.0,2892700000.0,3621000000.0,2842700000.0,91100000.0,126000000.0,285100000.0,486200000.0,370100000.0,871000000.0,772100000.0,2607600000.0,3134800000.0,2472600000.0,0.22,-0.01,3.48,4.02,2.27,
MCK,0000927653,McKesson Corporation,Health Care,Health Care Distributors,377595000000.0,4429000000.0,3352000000.0,6547000000.0,542000000.0,6005000000.0,24.97,5164000000.0,88330000000.0,92570000000.0,-4240000000.0,7278000000.0,116590363.0,2026-08-05,2026-07-31,SEC Company Facts,https://data.sec.gov/api/xbrl/companyfacts/CIK0000927653.json,2026-03-31,2025-03-31,2024-03-31,2023-03-31,2022-03-31,2026-05-08,2026-05-08,2026-05-08,2025-05-09,2024-05-08,403430000000.0,359051000000.0,308951000000.0,276711000000.0,263966000000.0,6212000000.0,4422000000.0,3909000000.0,4381000000.0,2038000000.0,5099000000.0,3481000000.0,3160000000.0,3722000000.0,1287000000.0,6155000000.0,6085000000.0,4314000000.0,5159000000.0,4434000000.0,436000000.0,537000000.0,431000000.0,390000000.0,388000000.0,5719000000.0,5548000000.0,3883000000.0,4769000000.0,4046000000.0,38.38,25.72,22.39,25.03,7.23,
MCO,0001059556,Moody's Corporation,Financials,Financial Exchanges & Data,7307000000.0,2963000000.0,2133000000.0,2677000000.0,306000000.0,2371000000.0,11.760000000000002,1467000000.0,14675000000.0,11509000000.0,3025000000.0,6504900000.0,173200000.0,2026-07-23,2026-06-30,SEC Company Facts,https://data.sec.gov/api/xbrl/companyfacts/CIK0001059556.json,2025-12-31,2024-12-31,2023-12-31,2022-12-31,2021-12-31,2026-02-18,2026-02-18,2026-02-18,2025-02-14,2024-02-14,7718000000.0,7088000000.0,5916000000.0,5468000000.0,6218000000.0,3351000000.0,2875000000.0,2137000000.0,1883000000.0,2844000000.0,2462000000.0,2059000000.0,1608000000.0,1374000000.0,2214000000.0,2901000000.0,2838000000.0,2151000000.0,1474000000.0,2005000000.0,326000000.0,317000000.0,271000000.0,283000000.0,139000000.0,2575000000.0,2521000000.0,1880000000.0,1191000000.0,1866000000.0,13.67,11.26,8.73,7.44,11.78,
MDLZ,0001103982,Mondelez International,Consumer Staples,Packaged Foods & Meats,36464000000.0,4298000000.0,3614000000.0,4678000000.0,1365000000.0,3313000000.0,2.69,2476000000.0,71122000000.0,45318000000.0,25750000000.0,23228000000.0,1283649766.0,2026-04-28,2026-04-24,SEC Company Facts,https://data.sec.gov/api/xbrl/companyfacts/CIK0001103982.json,2025-12-31,2024-12-31,2023-12-31,2022-12-31,2021-12-31,2026-02-04,2026-02-04,2026-02-04,2025-02-05,2024-02-02,38537000000.0,36441000000.0,36016000000.0,31496000000.0,28720000000.0,3548000000.0,6345000000.0,5502000000.0,3534000000.0,4653000000.0,2466000000.0,4623000000.0,4968000000.0,2726000000.0,4314000000.0,4514000000.0,4910000000.0,4714000000.0,3908000000.0,4141000000.0,1279000000.0,1387000000.0,1112000000.0,906000000.0,965000000.0,3235000000.0,3523000000.0,3602000000.0,3002000000.0,3176000000.0,1.89,3.42,3.62,1.96,3.04,
MDT,0001613103,Medtronic,Health Care,Health Care Equipment,36364000000.0,6467000000.0,4837000000.0,7330000000.0,1904000000.0,5426000000.0,3.73,1949000000.0,93028000000.0,42956000000.0,49463000000.0,23928000000.0,1280045190.0,2026-06-18,2026-06-12,SEC Company Facts,https://data.sec.gov/api/xbrl/companyfacts/CIK0001613103.json,2026-04-24,2025-04-25,2024-04-26,2023-04-28,2022-04-29,2026-06-18,2026-06-18,2026-06-18,2025-06-20,2024-06-20,36364000000.0,33537000000.0,32364000000.0,31227000000.0,31686000000.0,6467000000.0,5955000000.0,5144000000.0,5485000000.0,5752000000.0,4837000000.0,4691000000.0,3705000000.0,3784000000.0,5062000000.0,7330000000.0,7044000000.0,6787000000.0,6039000000.0,7346000000.0,1904000000.0,1859000000.0,1587000000.0,1459000000.0,1368000000.0,5426000000.0,5185000000.0,5200000000.0,4580000000.0,5978000000.0,3.73,3.61,2.76,2.82,3.73,
MET,0001099219,MetLife,Financials,Life & Health Insurance,2325000000.0,5741000000.0,4339000000.0,15229000000.0,,,5.89,19301000000.0,759372000000.0,731411000000.0,27441000000.0,23692000000.0,635476927.0,2026-08-06,2026-07-31,SEC Company Facts,https://data.sec.gov/api/xbrl/companyfacts/CIK0001099219.json,2025-12-31,2024-12-31,2023-12-31,2022-12-31,2021-12-31,2026-02-19,2026-02-19,2026-02-19,2025-02-21,2024-02-16,2436000000.0,2245000000.0,2229000000.0,2110000000.0,2074000000.0,6137000000.0,5996000000.0,5723000000.0,5978000000.0,,3403000000.0,4444000000.0,1602000000.0,5302000000.0,6876000000.0,17092000000.0,14598000000.0,13721000000.0,13044000000.0,12347000000.0,,,,,,,,,,,4.71,5.94,1.81,6.3,7.65,
META,0001326801,Meta Platforms,Communication Services,Interactive Media & Services,178804000000.0,78712000000.0,71507000000.0,102299000000.0,52162000000.0,50137000000.0,27.560000000000002,15462000000.0,449956000000.0,188735000000.0,261221000000.0,83664000000.0,,2026-07-30,2026-06-30,SEC Company Facts,https://data.sec.gov/api/xbrl/companyfacts/CIK0001326801.json,2025-12-31,2024-12-31,2023-12-31,2022-12-31,2021-12-31,2026-01-29,2026-01-29,2026-01-29,2025-01-30,2024-02-02,200966000000.0,164501000000.0,134902000000.0,116609000000.0,117929000000.0,83276000000.0,69380000000.0,46751000000.0,28944000000.0,46753000000.0,60458000000.0,62360000000.0,39098000000.0,23200000000.0,39370000000.0,115800000000.0,91328000000.0,71113000000.0,50475000000.0,57683000000.0,69691000000.0,37256000000.0,27045000000.0,31186000000.0,18690000000.0,46109000000.0,54072000000.0,44068000000.0,19289000000.0,38993000000.0,23.49,23.86,14.87,8.59,13.77,
MGM,0000789570,MGM Resorts,Consumer Discretionary,Casinos & Gaming,17211652000.0,1396044000.0,826905000.0,2531935000.0,1236750000.0,1295185000.0,1.8299999999999996,2547380000.0,39848326000.0,36472268000.0,2513775000.0,6743442000.0,251592756.0,2026-07-29,2026-07-27,SEC Company Facts,https://data.sec.gov/api/xbrl/companyfacts/CIK0000789570.json,2025-12-31,2024-12-31,2023-12-31,2022-12-31,2021-12-31,2026-02-11,2026-02-11,2026-02-11,2025-02-18,2024-02-23,17537683000.0,17240545000.0,16164249000.0,13127485000.0,9680140000.0,1001780000.0,1490456000.0,1891497000.0,1439372000.0,2278699000.0,520872000.0,1064608000.0,1314924000.0,206731000.0,1208389000.0,2529378000.0,2362495000.0,2690777000.0,1756462000.0,1373423000.0,1068927000.0,1150589000.0,931813000.0,765067000.0,490697000.0,1460451000.0,1211906000.0,1758964000.0,991395000.0,882726000.0,0.76,2.4,3.19,3.49,2.41,
MKC,0000063754,McCormick & Company,Consumer Staples,Packaged Foods & Meats,6742800000.0,1063700000.0,1521900000.0,781800000.0,217100000.0,564700000.0,2.87,331200000.0,16477100000.0,8903800000.0,6995600000.0,3606900000.0,,2026-06-25,2026-05-31,SEC Company Facts,https://data.sec.gov/api/xbrl/companyfacts/CIK0000063754.json,2025-11-30,2024-11-30,2023-11-30,2022-11-30,2021-11-30,2026-01-22,2026-01-22,2026-01-22,2025-01-23,2024-01-25,6840300000.0,6723700000.0,6662200000.0,6350500000.0,6317900000.0,1070800000.0,1060300000.0,963000000.0,863600000.0,1015100000.0,789400000.0,788500000.0,680600000.0,682000000.0,755300000.0,962200000.0,921900000.0,1237300000.0,651500000.0,828300000.0,221800000.0,274900000.0,263900000.0,262000000.0,278000000.0,740400000.0,647000000.0,973400000.0,389500000.0,550300000.0,2.93,2.92,2.52,2.52,2.8,
MLM,0000916076,Martin Marietta Materials,Materials,Construction Materials,5418000000.0,1251000000.0,1100000000.0,1891000000.0,928000000.0,963000000.0,18.06,112000000.0,21305000000.0,9757000000.0,11546000000.0,5381048000.0,60065839.0,2026-07-30,2026-07-27,SEC Company Facts,https://data.sec.gov/api/xbrl/companyfacts/CIK0000916076.json,2025-12-31,2024-12-31,2023-12-31,2022-12-31,2021-12-31,2026-02-19,2026-02-19,2026-02-19,2025-02-21,2024-02-23,6150000000.0,5662000000.0,5851000000.0,6161000000.0,5414000000.0,1437000000.0,2479000000.0,1333000000.0,1207000000.0,973800000.0,1137000000.0,1996000000.0,1170000000.0,867000000.0,702800000.0,1785000000.0,1459000000.0,1528000000.0,991000000.0,1137700000.0,807000000.0,855000000.0,650000000.0,482000000.0,423100000.0,978000000.0,604000000.0,878000000.0,509000000.0,714600000.0,18.77,32.41,18.82,13.87,11.22,
MMM,0000066740,3M,Industrials,Industrial Conglomerates,24602000000.0,4787000000.0,3951000000.0,-1002000000.0,981000000.0,-1983000000.0,7.199999999999999,2398000000.0,34924000000.0,31919000000.0,2952000000.0,12551000000.0,515722417.0,2026-07-21,2026-06-30,SEC Company Facts,https://data.sec.gov/api/xbrl/companyfacts/CIK0000066740.json,2025-12-31,2024-12-31,2023-12-31,2022-12-31,2021-12-31,2026-02-03,2026-02-03,2026-02-03,2025-02-05,2024-02-07,24948000000.0,24575000000.0,24610000000.0,26161000000.0,35355000000.0,4629000000.0,4822000000.0,-10689000000.0,4369000000.0,7369000000.0,3262000000.0,4188000000.0,-6979000000.0,5791000000.0,5929000000.0,2306000000.0,1819000000.0,6680000000.0,5591000000.0,7454000000.0,910000000.0,1181000000.0,1615000000.0,1749000000.0,1603000000.0,1396000000.0,638000000.0,5065000000.0,3842000000.0,5851000000.0,6.0,7.55,-12.63,10.18,10.12,
MNST,0000865752,Monster Beverage,Consumer Staples,Soft Drinks & Non-alcoholic Beverages,7659164000.0,2062507000.0,1573417000.0,2053716000.0,198722000.0,1854994000.0,2.21,2192424000.0,11382291000.0,2018143000.0,9364148000.0,373951000.0,979525882.0,2026-08-07,2026-07-31,SEC Company Facts,https://data.sec.gov/api/xbrl/companyfacts/CIK0000865752.json,2025-12-31,2024-12-31,2023-12-31,2022-12-31,2021-12-31,2026-02-27,2026-02-27,2026-02-27,2025-02-28,2024-02-29,8294343000.0,7492709000.0,7140027000.0,6311050000.0,5541352000.0,2419354000.0,1930294000.0,1953355000.0,1584721000.0,1797467000.0,1905432000.0,1509048000.0,1630988000.0,1191624000.0,1377475000.0,2098177000.0,1928533000.0,1717753000.0,887699000.0,1155741000.0,132275000.0,264074000.0,221428000.0,188726000.0,43868000.0,1965902000.0,1664459000.0,1496325000.0,698973000.0,1111873000.0,,,,,,
MO,0000764180,Altria,Consumer Staples,Tobacco,23594000000.0,11052000000.0,8787000000.0,8876000000.0,148000000.0,8728000000.0,5.17,2367000000.0,33374000000.0,35992000000.0,-2668000000.0,24577000000.0,1669743926.0,2026-07-30,2026-07-22,SEC Company Facts,https://data.sec.gov/api/xbrl/companyfacts/CIK0000764180.json,2025-12-31,2024-12-31,2023-12-31,2022-12-31,2021-12-31,2026-02-25,2026-02-25,2026-02-25,2025-02-26,2024-02-27,23279000000.0,24018000000.0,24483000000.0,25096000000.0,26013000000.0,9899000000.0,11241000000.0,11547000000.0,11919000000.0,11560000000.0,6947000000.0,11264000000.0,8130000000.0,5764000000.0,2475000000.0,9290000000.0,8753000000.0,9287000000.0,8256000000.0,8405000000.0,216000000.0,142000000.0,196000000.0,205000000.0,169000000.0,9074000000.0,8611000000.0,9091000000.0,8051000000.0,8236000000.0,4.12,6.54,4.57,3.19,1.34,
MOS,0001285785,Mosaic Company (The),Materials,Fertilizers & Agricultural Chemicals,11253400000.0,798200000.0,966100000.0,1184600000.0,1180300000.0,4300000.0,2.9499999999999997,294000000.0,24640700000.0,13176800000.0,11463900000.0,3834100000.0,317895646.0,2026-08-05,2026-07-31,SEC Company Facts,https://data.sec.gov/api/xbrl/companyfacts/CIK0001285785.json,2025-12-31,2024-12-31,2023-12-31,2022-12-31,2021-12-31,2026-02-27,2026-02-27,2026-02-27,2025-03-03,2024-02-22,12052400000.0,11122800000.0,13696100000.0,19125200000.0,12357400000.0,821500000.0,621500000.0,1338100000.0,4785300000.0,2468500000.0,575400000.0,202000000.0,1209200000.0,3614200000.0,1634900000.0,824800000.0,1299200000.0,2407200000.0,3935800000.0,2187000000.0,1359400000.0,1251800000.0,1402400000.0,1247300000.0,1288600000.0,-534600000.0,47400000.0,1004800000.0,2688500000.0,898400000.0,1.7,0.55,3.5,10.06,4.27,
MPC,0001510295,Marathon Petroleum,Energy,Oil & Gas Refining & Marketing,133560000000.0,5374000000.0,3756000000.0,6466000000.0,2819000000.0,3647000000.0,6.88,7768000000.0,94310000000.0,68590000000.0,19077000000.0,5424000000.0,280824763.0,2026-08-04,2026-07-30,SEC Company Facts,https://data.sec.gov/api/xbrl/companyfacts/CIK0001510295.json,2025-12-31,2024-12-31,2023-12-31,2022-12-31,2021-12-31,2026-02-26,2026-02-26,2026-02-26,2025-02-27,2024-02-28,132699000000.0,138864000000.0,148379000000.0,177453000000.0,119983000000.0,8291000000.0,6796000000.0,14514000000.0,21469000000.0,4300000000.0,5878000000.0,5067000000.0,11172000000.0,16050000000.0,11001000000.0,8253000000.0,8665000000.0,14117000000.0,16361000000.0,4360000000.0,3486000000.0,2533000000.0,1890000000.0,2420000000.0,1464000000.0,4767000000.0,6132000000.0,12227000000.0,13941000000.0,2896000000.0,13.22,10.08,23.63,28.12,15.24,
MPWR,0001280452,Monolithic Power Systems,Information Technology,Semiconductors,2543912000.0,660852000.0,14403000.0,893408000.0,187105000.0,706303000.0,34.28,1005587000.0,4686207000.0,790783000.0,3895424000.0,,49143000.0,2026-08-05,2026-07-29,SEC Company Facts,https://data.sec.gov/api/xbrl/companyfacts/CIK0001280452.json,2025-12-31,2024-12-31,2023-12-31,2022-12-31,2021-12-31,2026-02-27,2026-02-27,2026-02-27,2025-03-03,2024-02-29,2790459000.0,2207100000.0,1821072000.0,1794148000.0,1207798000.0,728636000.0,539358000.0,481736000.0,526785000.0,262417000.0,621483000.0,1592058000.0,427374000.0,437672000.0,242023000.0,838202000.0,788410000.0,638213000.0,246674000.0,320010000.0,172013000.0,146118000.0,57578000.0,58843000.0,94420000.0,666189000.0,642292000.0,580635000.0,187831000.0,225590000.0,12.86,32.6,8.76,9.05,5.05,
MRK,0000310158,Merck & Co.,Health Care,Pharmaceuticals,63616000000.0,,16419000000.0,18534000000.0,3812000000.0,14722000000.0,6.49,6849000000.0,129802000000.0,87869000000.0,41933000000.0,53906000000.0,2467171638.0,2026-08-07,2026-07-31,SEC Company Facts,https://data.sec.gov/api/xbrl/companyfacts/CIK0000310158.json,2025-12-31,2024-12-31,2023-12-31,2022-12-31,2021-12-31,2026-02-24,2026-02-24,2026-02-24,2025-02-25,2024-02-26,65011000000.0,64168000000.0,60115000000.0,59283000000.0,48704000000.0,,,,,,18263000000.0,17133000000.0,377000000.0,14526000000.0,13049000000.0,16472000000.0,21468000000.0,13006000000.0,19095000000.0,13122000000.0,4112000000.0,3372000000.0,3863000000.0,4388000000.0,4448000000.0,12360000000.0,18096000000.0,9143000000.0,14707000000.0,8674000000.0,7.28,6.74,0.14,5.71,5.14,
MRNA,0001682852,Moderna,Health Care,Biotechnology,3078000000.0,-3273000000.0,-2903000000.0,-2697000000.0,793000000.0,-3490000000.0,-7.509999999999998,1723000000.0,10961000000.0,4200000000.0,6761000000.0,591000000.0,399235889.0,2026-07-31,2026-07-24,SEC Company Facts,https://data.sec.gov/api/xbrl/companyfacts/CIK0001682852.json,2025-12-31,2024-12-31,2023-12-31,2022-12-31,2021-12-31,2026-02-20,2026-02-20,2026-02-20,2025-02-21,2024-02-23,1944000000.0,3236000000.0,6848000000.0,19263000000.0,18471000000.0,-3074000000.0,-3945000000.0,-4239000000.0,9420000000.0,13296000000.0,-2822000000.0,-3561000000.0,-4714000000.0,8362000000.0,12202000000.0,-1873000000.0,-3004000000.0,-3118000000.0,4981000000.0,13620000000.0,192000000.0,1051000000.0,707000000.0,400000000.0,284000000.0,-2065000000.0,-4055000000.0,-3825000000.0,4581000000.0,13336000000.0,-7.26,-9.28,-12.33,20.12,28.29,
MRSH,0000062709,Marsh McLennan,Financials,Insurance Brokers,25799000000.0,6084000000.0,4196000000.0,4917000000.0,263000000.0,4654000000.0,8.33,1700000000.0,59682000000.0,63605000000.0,-3923000000.0,20561000000.0,477211268.0,2026-07-21,2026-07-16,SEC Company Facts,https://data.sec.gov/api/xbrl/companyfacts/CIK0000062709.json,2025-12-31,2024-12-31,2023-12-31,2022-12-31,2021-12-31,2026-02-09,2026-02-09,2026-02-09,2025-02-10,2024-02-12,26981000000.0,24458000000.0,22736000000.0,20720000000.0,,6223000000.0,5817000000.0,5282000000.0,4280000000.0,4312000000.0,4234000000.0,4117000000.0,3802000000.0,3087000000.0,3174000000.0,5292000000.0,4302000000.0,4258000000.0,3465000000.0,3516000000.0,291000000.0,316000000.0,416000000.0,470000000.0,406000000.0,5001000000.0,3986000000.0,3842000000.0,2995000000.0,3110000000.0,8.43,8.18,7.53,6.04,6.13,
MRVL,0001835632,Marvell Technology,Information Technology,Semiconductors,6501700000.0,-297400000.0,2308500000.0,1689600000.0,311900000.0,1377700000.0,-0.5700000000000001,3843600000.0,26944500000.0,8728700000.0,18215800000.0,4961300000.0,874800000.0,2026-05-28,2026-05-21,SEC Company Facts,https://data.sec.gov/api/xbrl/companyfacts/CIK0001835632.json,2026-01-31,2025-02-01,2024-02-03,2023-01-28,2022-01-29,2026-03-11,2026-03-11,2026-03-11,2025-03-12,2024-03-13,8194600000.0,5767300000.0,5507700000.0,5919600000.0,4462400000.0,1322900000.0,-720300000.0,-567700000.0,238000000.0,-347700000.0,2670100000.0,-885000000.0,-933400000.0,-163500000.0,-421000000.0,1750500000.0,1681200000.0,1370500000.0,1288800000.0,819300000.0,354100000.0,284600000.0,336300000.0,206200000.0,169200000.0,1396400000.0,1396600000.0,1034200000.0,1082600000.0,650100000.0,3.07,-1.02,-1.08,-0.19,-0.53,
MS,0000895421,Morgan Stanley,Financials,Investment Banking & Brokerage,,,14896000000.0,-17670000000.0,,,8.83,160135000000.0,1675057000000.0,1557617000000.0,116329000000.0,383156000000.0,1570566292.0,2026-08-04,2026-07-31,SEC Company Facts,https://data.sec.gov/api/xbrl/companyfacts/CIK0000895421.json,2025-12-31,2024-12-31,2023-12-31,2022-12-31,2021-12-31,2026-02-19,2026-02-19,2026-02-19,2025-02-21,2024-02-22,,,,,,,,,,,17025000000.0,13529000000.0,9230000000.0,11179000000.0,15120000000.0,-17889000000.0,1362000000.0,-33536000000.0,-6397000000.0,33971000000.0,,,,,,,,,,,10.21,7.95,5.18,6.15,8.03,
MSCI,0001408198,MSCI,Financials,Financial Exchanges & Data,2986714000.0,1608828000.0,1178716000.0,1490142000.0,43773000.0,1446369000.0,15.09,356400000.0,5602500000.0,8292000000.0,-2689500000.0,6380400000.0,72700000.0,2026-07-21,2026-07-14,SEC Company Facts,https://data.sec.gov/api/xbrl/companyfacts/CIK0001408198.json,2025-12-31,2024-12-31,2023-12-31,2022-12-31,2021-12-31,2026-02-06,2026-02-06,2026-02-06,2025-02-07,2024-02-09,3134459000.0,2856128000.0,2528920000.0,2248598000.0,2043544000.0,1713567000.0,1528518000.0,1384609000.0,1207640000.0,1072725000.0,1202305000.0,1109128000.0,1148592000.0,870573000.0,725983000.0,1588446000.0,1501627000.0,1236029000.0,1095369000.0,936069000.0,39319000.0,33762000.0,22757000.0,13617000.0,13509000.0,1549127000.0,1467865000.0,1213272000.0,1081752000.0,922560000.0,15.69,14.05,14.39,10.72,8.7,
MSFT,0000789019,Microsoft,Information Technology,Systems Software,331839000000.0,155237000000.0,133749000000.0,182935000000.0,115948000000.0,66987000000.0,17.95,20935000000.0,758376000000.0,315989000000.0,442387000000.0,40294000000.0,7425545491.0,2026-07-29,2026-07-23,SEC Company Facts,https://data.sec.gov/api/xbrl/companyfacts/CIK0000789019.json,2026-06-30,2025-06-30,2024-06-30,2023-06-30,2022-06-30,2026-07-29,2026-07-29,2026-07-29,2025-07-30,2024-07-30,331839000000.0,281724000000.0,245122000000.0,211915000000.0,198270000000.0,155237000000.0,128528000000.0,109433000000.0,88523000000.0,83383000000.0,133749000000.0,101832000000.0,88136000000.0,72361000000.0,72738000000.0,182935000000.0,136162000000.0,118548000000.0,87582000000.0,89035000000.0,115948000000.0,64551000000.0,44477000000.0,28107000000.0,23886000000.0,66987000000.0,71611000000.0,74071000000.0,59475000000.0,65149000000.0,17.95,13.64,11.8,9.68,9.65,
MSI,0000068505,Motorola Solutions,Information Technology,Communications Equipment,12237000000.0,3048000000.0,2139000000.0,2974000000.0,297000000.0,2677000000.0,12.689999999999998,710000000.0,19242000000.0,16570000000.0,2672000000.0,8487000000.0,165493788.0,2026-08-05,2026-07-31,SEC Company Facts,https://data.sec.gov/api/xbrl/companyfacts/CIK0000068505.json,2025-12-31,2024-12-31,2023-12-31,2022-12-31,2021-12-31,2026-02-12,2026-02-12,2026-02-12,2025-02-14,2024-02-15,11682000000.0,10817000000.0,9978000000.0,9112000000.0,8171000000.0,2988000000.0,2688000000.0,2294000000.0,1661000000.0,1667000000.0,2160000000.0,1582000000.0,1714000000.0,1367000000.0,1250000000.0,2837000000.0,2391000000.0,2044000000.0,1823000000.0,1837000000.0,265000000.0,257000000.0,253000000.0,256000000.0,243000000.0,2572000000.0,2134000000.0,1791000000.0,1567000000.0,1594000000.0,12.75,9.23,9.93,7.93,7.17,
MTB,0000036270,M&T Bank,Financials,Regional Banks,1600000000.0,,770691000.0,3127000000.0,256000000.0,2871000000.0,15.430000000000001,1420888000.0,219261000000.0,191315000000.0,27946000000.0,13568000000.0,144416262.0,2026-08-04,2026-07-31,SEC Company Facts,https://data.sec.gov/api/xbrl/companyfacts/CIK0000036270.json,2025-12-31,2024-12-31,2023-12-31,2022-12-31,2021-12-31,2026-02-18,2026-02-18,2026-02-18,2025-02-19,2024-02-21,1657000000.0,1541000000.0,1484000000.0,1525000000.0,5992000000.0,,,,,,2851000000.0,2588000000.0,2741000000.0,1992000000.0,1859000000.0,3003000000.0,3610000000.0,3905000000.0,4574000000.0,2715000000.0,,,256000000.0,214000000.0,149000000.0,,,3649000000.0,4360000000.0,2566000000.0,17.0,14.64,15.79,11.53,13.8,
MTD,0001037646,Mettler Toledo,Health Care,Life Sciences Tools & Services,3866627000.0,,829752000.0,951668000.0,103829000.0,847839000.0,39.43999999999999,51383000.0,3670944000.0,3658121000.0,12823000.0,2111963000.0,20036559.0,2026-07-31,2026-06-30,SEC Company Facts,https://data.sec.gov/api/xbrl/companyfacts/CIK0001037646.json,2025-12-31,2024-12-31,2023-12-31,2022-12-31,2021-12-31,2026-02-06,2026-02-06,2026-02-06,2025-02-07,2024-02-09,4026399000.0,3872361000.0,3788309000.0,3919709000.0,3717930000.0,,,,,,869193000.0,863140000.0,788778000.0,872502000.0,768985000.0,955772000.0,968346000.0,965874000.0,859067000.0,908825000.0,107124000.0,103898000.0,105323000.0,121241000.0,107580000.0,848648000.0,864448000.0,860551000.0,737826000.0,801245000.0,42.05,40.48,35.9,38.41,32.78,
MU,0000723125,Micron Technology,Information Technology,Semiconductors,33813000000.0,7638000000.0,8687000000.0,15200000000.0,13319000000.0,1881000000.0,5.55,24995000000.0,134112000000.0,33388000000.0,100724000000.0,3849000000.0,1129393151.0,2026-06-25,2026-06-17,SEC Company Facts,https://data.sec.gov/api/xbrl/companyfacts/CIK0000723125.json,2025-08-28,2024-08-29,2023-08-31,2022-09-01,2021-09-02,2025-10-03,2025-10-03,2025-10-03,2024-10-04,2023-10-06,37378000000.0,25111000000.0,15540000000.0,30758000000.0,27705000000.0,9770000000.0,1304000000.0,-5745000000.0,9702000000.0,6283000000.0,8539000000.0,778000000.0,-5833000000.0,8687000000.0,5861000000.0,17525000000.0,8507000000.0,1559000000.0,15181000000.0,12468000000.0,15857000000.0,8386000000.0,7676000000.0,12067000000.0,10030000000.0,1668000000.0,121000000.0,-6117000000.0,3114000000.0,2438000000.0,7.59,0.7,-5.34,7.75,5.14,
NCLH,0001513761,Norwegian Cruise Line Holdings,Consumer Discretionary,"Hotels, Resorts & Cruise Lines",4947489000.0,1530729000.0,801117000.0,1965831000.0,2470308000.0,-504477000.0,1.46,218100000.0,24011710000.0,21438844000.0,2572866000.0,1552480000.0,459187846.0,2026-08-03,2026-07-23,SEC Company Facts,https://data.sec.gov/api/xbrl/companyfacts/CIK0001513761.json,2025-12-31,2024-12-31,2023-12-31,2022-12-31,2021-12-31,2026-03-02,2026-03-02,2026-03-02,2025-02-27,2024-02-28,,,,,,1560868000.0,1465906000.0,930911000.0,-1551757000.0,-2552348000.0,423246000.0,910257000.0,166178000.0,-2269909000.0,-4506587000.0,2089746000.0,2049823000.0,2005714000.0,210020000.0,-2468009000.0,3259606000.0,1210952000.0,2750362000.0,1783857000.0,752843000.0,-1169860000.0,838871000.0,-744648000.0,-1573837000.0,-3220852000.0,0.92,1.89,0.39,-5.41,-12.33,
NDAQ,0001120193,"Nasdaq, Inc.",Financials,Financial Exchanges & Data,8127000000.0,2080000000.0,1506000000.0,2358000000.0,224000000.0,2134000000.0,2.5999999999999996,520000000.0,27341000000.0,15348000000.0,11988000000.0,8761000000.0,558977372.0,2026-07-23,2026-07-16,SEC Company Facts,https://data.sec.gov/api/xbrl/companyfacts/CIK0001120193.json,2025-12-31,2024-12-31,2023-12-31,2022-12-31,2021-12-31,2026-02-12,2026-02-12,2026-02-12,2025-02-21,2024-02-21,8262000000.0,7400000000.0,6064000000.0,6226000000.0,5886000000.0,2331000000.0,1798000000.0,1578000000.0,1564000000.0,1441000000.0,1787000000.0,1115000000.0,1057000000.0,1123000000.0,1187000000.0,2255000000.0,1939000000.0,1696000000.0,1706000000.0,1083000000.0,266000000.0,207000000.0,158000000.0,152000000.0,163000000.0,1989000000.0,1732000000.0,1538000000.0,1554000000.0,920000000.0,3.09,1.93,2.08,2.26,2.35,
NDSN,0000072331,Nordson Corporation,Industrials,Industrial Machinery & Supplies & Components,2704444000.0,655647000.0,484474000.0,539521000.0,79942000.0,459579000.0,7.78,102017000.0,5964418000.0,2762183000.0,3202235000.0,1886356000.0,55717948.0,2026-05-21,2026-05-19,SEC Company Facts,https://data.sec.gov/api/xbrl/companyfacts/CIK0000072331.json,2025-10-31,2024-10-31,2023-10-31,2022-10-31,2021-10-31,2025-12-17,2025-12-17,2025-12-17,2024-12-18,2023-12-20,2791687000.0,2689921000.0,2628632000.0,2590278000.0,2362209000.0,711725000.0,674001000.0,672761000.0,702360000.0,615127000.0,484474000.0,467284000.0,487493000.0,513103000.0,454368000.0,719175000.0,556193000.0,641282000.0,513131000.0,545927000.0,58060000.0,64410000.0,34583000.0,51428000.0,38303000.0,661115000.0,491783000.0,606699000.0,461703000.0,507624000.0,8.51,8.11,8.46,8.81,7.74,
NEE,0000753308,NextEra Energy,Utilities,Multi-Utilities,14746000000.0,7722000000.0,4225000000.0,12952000000.0,,,2.67,1998000000.0,221424000000.0,154792000000.0,55222000000.0,98988000000.0,2085341456.0,2026-04-23,2026-03-31,SEC Company Facts,https://data.sec.gov/api/xbrl/companyfacts/CIK0000753308.json,2025-12-31,2024-12-31,2023-12-31,2022-12-31,2021-12-31,2026-02-13,2026-02-13,2026-02-13,2025-02-14,2024-02-16,,,,,,8280000000.0,7479000000.0,10237000000.0,4081000000.0,2913000000.0,5332000000.0,5698000000.0,6282000000.0,3246000000.0,2827000000.0,12485000000.0,13260000000.0,11301000000.0,8262000000.0,7553000000.0,,,,,,,,,,,3.3,3.37,3.6,2.1,1.81,
NEM,0001164727,Newmont,Materials,Gold,20584000000.0,,6322000000.0,8574000000.0,3252000000.0,5322000000.0,5.56,9009000000.0,57641000000.0,22227000000.0,35243000000.0,5083000000.0,1053692271.0,2026-07-23,2026-07-16,SEC Company Facts,https://data.sec.gov/api/xbrl/companyfacts/CIK0001164727.json,2025-12-31,2024-12-31,2023-12-31,2022-12-31,2021-12-31,2026-02-19,2026-02-19,2026-02-19,2025-02-21,2024-02-29,22669000000.0,18682000000.0,11812000000.0,11915000000.0,12222000000.0,,,,,,7167000000.0,3381000000.0,-2467000000.0,-369000000.0,233000000.0,10334000000.0,6363000000.0,2763000000.0,3220000000.0,4279000000.0,3035000000.0,3402000000.0,2666000000.0,2131000000.0,1653000000.0,7299000000.0,2961000000.0,97000000.0,1089000000.0,2626000000.0,6.39,2.92,-2.97,-0.54,1.46,
NFLX,0001065280,Netflix,Communication Services,Movies & Entertainment,41693183000.0,12303936000.0,10247880000.0,9070452000.0,569703000.0,8500749000.0,-6.800000000000001,9099232000.0,58450441000.0,28298389000.0,30152052000.0,20535734000.0,4163939676.0,2026-07-17,2026-06-30,SEC Company Facts,https://data.sec.gov/api/xbrl/companyfacts/CIK0001065280.json,2025-12-31,2024-12-31,2023-12-31,2022-12-31,2021-12-31,2026-01-23,2026-01-23,2026-01-23,2025-01-27,2024-01-26,45183036000.0,39000966000.0,33723297000.0,31615550000.0,29697844000.0,13326603000.0,10417614000.0,6954003000.0,5632831000.0,6194509000.0,10981201000.0,8711631000.0,5407990000.0,4491924000.0,5116228000.0,10149273000.0,7361364000.0,7274301000.0,2026257000.0,392610000.0,688220000.0,439538000.0,348552000.0,407729000.0,524585000.0,9461053000.0,6921826000.0,6925749000.0,1618528000.0,-131975000.0,2.53,1.98,1.2,9.95,11.24,
NI,0001111711,NiSource,Utilities,Multi-Utilities,5981800000.0,1657400000.0,968500000.0,2061600000.0,2690200000.0,-628600000.0,1.89,70000000.0,37543600000.0,27969000000.0,9574600000.0,6427700000.0,479560100.0,2026-08-05,2026-07-29,SEC Company Facts,https://data.sec.gov/api/xbrl/companyfacts/CIK0001111711.json,2025-12-31,2024-12-31,2023-12-31,2022-12-31,2021-12-31,2026-02-11,2026-02-11,2026-02-11,2025-02-12,2024-02-21,6522800000.0,5282900000.0,5347800000.0,5738600000.0,4731300000.0,1835300000.0,1455500000.0,1295500000.0,1265800000.0,1006900000.0,1012600000.0,844700000.0,674400000.0,791800000.0,588800000.0,2362300000.0,1781500000.0,1935100000.0,1409400000.0,1217900000.0,2782300000.0,2614000000.0,2645800000.0,2203100000.0,1838000000.0,-420000000.0,-832500000.0,-710700000.0,-793700000.0,-620100000.0,1.95,1.62,1.48,1.7,1.27,
NKE,0000320187,"Nike, Inc.",Consumer Discretionary,"Apparel, Accessories & Luxury Goods",46398000000.0,,3108000000.0,2868000000.0,684000000.0,2184000000.0,2.1,7563000000.0,38410000000.0,23545000000.0,14865000000.0,7942000000.0,855351589.0,2026-07-15,2026-05-31,SEC Company Facts,https://data.sec.gov/api/xbrl/companyfacts/CIK0000320187.json,2026-05-31,2025-05-31,2024-05-31,2023-05-31,2022-05-31,2026-07-15,2026-07-15,2026-07-15,2025-07-17,2024-07-25,46398000000.0,46309000000.0,51362000000.0,51217000000.0,46710000000.0,,,,,,3108000000.0,3219000000.0,5700000000.0,5070000000.0,6046000000.0,2868000000.0,3698000000.0,7429000000.0,5841000000.0,5188000000.0,684000000.0,430000000.0,812000000.0,969000000.0,758000000.0,2184000000.0,3268000000.0,6617000000.0,4872000000.0,4430000000.0,2.1,2.16,3.73,3.23,3.75,
NOC,0001133421,Northrop Grumman,Industrials,Aerospace & Defense,40501000000.0,4207000000.0,3945000000.0,2972000000.0,1664000000.0,1308000000.0,27.1,2307000000.0,50763000000.0,32879000000.0,17884000000.0,15191000000.0,142063026.0,2026-07-21,2026-07-16,SEC Company Facts,https://data.sec.gov/api/xbrl/companyfacts/CIK0001133421.json,2025-12-31,2024-12-31,2023-12-31,2022-12-31,2021-12-31,2026-01-27,2026-01-27,2026-01-27,2025-01-30,2024-01-25,41954000000.0,41033000000.0,39290000000.0,36602000000.0,35667000000.0,4511000000.0,4370000000.0,2537000000.0,3601000000.0,5651000000.0,4182000000.0,4174000000.0,2056000000.0,4896000000.0,7005000000.0,4757000000.0,4388000000.0,3875000000.0,2901000000.0,3567000000.0,1450000000.0,1767000000.0,1775000000.0,1435000000.0,1415000000.0,3307000000.0,2621000000.0,2100000000.0,1466000000.0,2152000000.0,29.08,28.34,13.53,31.47,43.54,
NOW,0001373715,ServiceNow,Information Technology,Systems Software,12057000000.0,1601000000.0,1661000000.0,4699000000.0,850000000.0,3849000000.0,-0.75,2503000000.0,31666000000.0,19150000000.0,12516000000.0,1484000000.0,1034000000.0,2026-07-23,2026-06-30,SEC Company Facts,https://data.sec.gov/api/xbrl/companyfacts/CIK0001373715.json,2025-12-31,2024-12-31,2023-12-31,2022-12-31,2021-12-31,2026-01-29,2026-01-29,2026-01-29,2025-01-30,2024-01-25,13278000000.0,10984000000.0,8971000000.0,7245000000.0,5896000000.0,1824000000.0,1364000000.0,762000000.0,355000000.0,257000000.0,1748000000.0,1425000000.0,1731000000.0,325000000.0,230000000.0,5444000000.0,4267000000.0,3398000000.0,2723000000.0,2191000000.0,868000000.0,852000000.0,694000000.0,550000000.0,392000000.0,4576000000.0,3415000000.0,2704000000.0,2173000000.0,1799000000.0,1.67,1.37,1.68,1.6,1.13,
NRG,0001013871,NRG Energy,Utilities,Independent Power Producers & Energy Traders,29050000000.0,1276000000.0,522000000.0,2289000000.0,895000000.0,1394000000.0,2.3200000000000003,162000000.0,39940000000.0,35085000000.0,4855000000.0,21291000000.0,210210483.0,2026-08-04,2026-07-31,SEC Company Facts,https://data.sec.gov/api/xbrl/companyfacts/CIK0001013871.json,2025-12-31,2024-12-31,2023-12-31,2022-12-31,2021-12-31,2026-02-24,2026-02-24,2026-02-24,2025-02-26,2024-02-28,30347000000.0,27748000000.0,28256000000.0,31488000000.0,26777000000.0,1845000000.0,2424000000.0,384000000.0,2018000000.0,3341000000.0,864000000.0,1125000000.0,-202000000.0,1221000000.0,2187000000.0,1913000000.0,2306000000.0,-221000000.0,360000000.0,493000000.0,1147000000.0,472000000.0,598000000.0,367000000.0,269000000.0,766000000.0,1834000000.0,-819000000.0,-7000000.0,224000000.0,4.01,4.99,-1.12,5.17,8.93,
NSC,0000702165,Norfolk Southern,Industrials,Rail Transportation,12178000000.0,5048000000.0,5523000000.0,4204000000.0,2180000000.0,2024000000.0,14.809999999999999,1069000000.0,45122000000.0,28869000000.0,16253000000.0,10237000000.0,224608373.0,2026-07-23,2026-06-30,SEC Company Facts,https://data.sec.gov/api/xbrl/companyfacts/CIK0000702165.json,2025-12-31,2024-12-31,2023-12-31,2022-12-31,2021-12-31,2026-02-09,2026-02-09,2026-02-09,2025-02-10,2024-02-05,12180000000.0,12123000000.0,12156000000.0,12745000000.0,11142000000.0,4356000000.0,4071000000.0,2851000000.0,4809000000.0,4447000000.0,2873000000.0,2622000000.0,1827000000.0,3270000000.0,3005000000.0,4361000000.0,4052000000.0,3179000000.0,4222000000.0,4255000000.0,2204000000.0,2381000000.0,2327000000.0,1948000000.0,1470000000.0,2157000000.0,1671000000.0,852000000.0,2274000000.0,2785000000.0,12.75,11.57,8.02,13.88,12.11,
NTAP,0001002047,NetApp,Information Technology,"Technology Hardware, Storage & Peripherals",6925000000.0,1674000000.0,1276000000.0,2067000000.0,198000000.0,1869000000.0,6.35,2070000000.0,10744000000.0,9393000000.0,1351000000.0,2487000000.0,195919927.0,2026-06-05,2026-05-28,SEC Company Facts,https://data.sec.gov/api/xbrl/companyfacts/CIK0001002047.json,2026-04-24,2025-04-25,2024-04-26,2023-04-28,2022-04-29,2026-06-05,2026-06-05,2026-06-05,2025-06-09,2024-06-10,6925000000.0,6572000000.0,6268000000.0,6362000000.0,6318000000.0,1674000000.0,1337000000.0,1214000000.0,1018000000.0,1157000000.0,1276000000.0,1186000000.0,986000000.0,1274000000.0,937000000.0,2067000000.0,1506000000.0,1685000000.0,1107000000.0,1211000000.0,198000000.0,168000000.0,155000000.0,239000000.0,226000000.0,1869000000.0,1338000000.0,1530000000.0,868000000.0,985000000.0,6.35,5.67,4.63,5.79,4.09,
NTRS,0000073124,Northern Trust,Financials,Asset Management & Custody Banks,4863700000.0,,1733600000.0,2595600000.0,91200000.0,2504400000.0,10.71,5736900000.0,179297200000.0,165895600000.0,13401600000.0,1421600000.0,182955653.0,2026-07-30,2026-06-30,SEC Company Facts,https://data.sec.gov/api/xbrl/companyfacts/CIK0000073124.json,2025-12-31,2024-12-31,2023-12-31,2022-12-31,2021-12-31,2026-02-24,2026-02-24,2026-02-24,2025-02-24,2024-02-27,5017800000.0,4727800000.0,4361800000.0,4432600000.0,4361100000.0,,,,,,1736900000.0,2031100000.0,1107300000.0,1336000000.0,1545300000.0,5533500000.0,-486000000.0,2625600000.0,2392400000.0,1356000000.0,74000000.0,101500000.0,116500000.0,128600000.0,95500000.0,5459500000.0,-587500000.0,2509100000.0,2263800000.0,1260500000.0,8.74,9.77,5.08,6.14,7.14,
NUE,0000073309,Nucor,Materials,Steel,30806000000.0,,1580000000.0,3130000000.0,3515000000.0,-385000000.0,5.580000000000001,2478000000.0,36954000000.0,13688000000.0,22109000000.0,4300308000.0,226875676.0,2026-08-12,2026-07-04,SEC Company Facts,https://data.sec.gov/api/xbrl/companyfacts/CIK0000073309.json,2025-12-31,2024-12-31,2023-12-31,2022-12-31,2021-12-31,2026-02-25,2026-02-25,2026-02-25,2025-02-27,2024-02-27,32494000000.0,30734000000.0,34714000000.0,41512000000.0,36483939000.0,,,,,,2038000000.0,2319000000.0,4913000000.0,8079000000.0,7122370000.0,3234000000.0,3979000000.0,7112000000.0,10072000000.0,6230776000.0,3422000000.0,3173000000.0,2214000000.0,1948000000.0,1621989000.0,-188000000.0,806000000.0,4898000000.0,8124000000.0,4608787000.0,7.52,8.46,18.0,28.79,23.16,
NVDA,0001045810,Nvidia,Information Technology,Semiconductors,26914000000.0,86182000000.0,76774000000.0,76158000000.0,132735000.0,76025265000.0,3.1,13237000000.0,259474000000.0,64000000000.0,195474000000.0,8470000000.0,24200000000.0,2026-05-20,2026-05-15,SEC Company Facts,https://data.sec.gov/api/xbrl/companyfacts/CIK0001045810.json,2026-01-25,2025-01-26,2024-01-28,2023-01-29,2022-01-30,2026-02-25,2026-02-25,2026-02-25,2025-02-26,2024-02-21,215938000000.0,130497000000.0,60922000000.0,26974000000.0,26914000000.0,130387000000.0,81453000000.0,32972000000.0,4224000000.0,10041000000.0,120067000000.0,72880000000.0,29760000000.0,4368000000.0,9752000000.0,102718000000.0,64089000000.0,28090000000.0,5641000000.0,9108000000.0,6042000000.0,3236000000.0,1069000000.0,1833000000.0,976000000.0,96676000000.0,60853000000.0,27021000000.0,3808000000.0,8132000000.0,4.9,2.94,1.19,0.17,3.85,
NVR,0000906163,"NVR, Inc.",Consumer Discretionary,Homebuilding,10580405000.0,,1520068000.0,1238198000.0,29163000.0,1209035000.0,472.84,2809782000.0,5470620000.0,2079424000.0,3391196000.0,600115000.0,2664860.0,2026-08-05,2026-07-31,SEC Company Facts,https://data.sec.gov/api/xbrl/companyfacts/CIK0000906163.json,2025-12-31,2024-12-31,2023-12-31,2022-12-31,2021-12-31,2026-02-11,2026-02-11,2026-02-11,2025-02-12,2024-02-14,10323959000.0,10524479000.0,9518202000.0,10526434000.0,8951025000.0,,,,,,1339816000.0,1681928000.0,1591611000.0,1725575000.0,1236719000.0,1121320000.0,1374462000.0,1497993000.0,1870101000.0,1242393000.0,24508000.0,29212000.0,24877000.0,18428000.0,17875000.0,1096812000.0,1345250000.0,1473116000.0,1851673000.0,1224518000.0,436.55,506.69,463.31,491.82,320.48,
NWS,0001564708,News Corp (Class B),Communication Services,Publishing,9028000000.0,,743000000.0,1068000000.0,426000000.0,642000000.0,1.03,2095000000.0,15544000000.0,7018000000.0,8526000000.0,1989000000.0,,2026-08-07,2026-06-30,SEC Company Facts,https://data.sec.gov/api/xbrl/companyfacts/CIK0001564708.json,2026-06-30,2025-06-30,2024-06-30,2023-06-30,2022-06-30,2026-08-07,2026-08-07,2026-08-07,2025-08-06,2024-08-13,9028000000.0,8452000000.0,8252000000.0,8012000000.0,10385000000.0,,,,,,743000000.0,1340000000.0,354000000.0,187000000.0,760000000.0,1237000000.0,978000000.0,897000000.0,777000000.0,1354000000.0,426000000.0,407000000.0,357000000.0,347000000.0,499000000.0,811000000.0,571000000.0,540000000.0,430000000.0,855000000.0,1.03,2.07,0.46,0.26,1.05,
NWSA,0001564708,News Corp (Class A),Communication Services,Publishing,9028000000.0,,743000000.0,1068000000.0,426000000.0,642000000.0,1.03,2095000000.0,15544000000.0,7018000000.0,8526000000.0,1989000000.0,,2026-08-07,2026-06-30,SEC Company Facts,https://data.sec.gov/api/xbrl/companyfacts/CIK0001564708.json,2026-06-30,2025-06-30,2024-06-30,2023-06-30,2022-06-30,2026-08-07,2026-08-07,2026-08-07,2025-08-06,2024-08-13,9028000000.0,8452000000.0,8252000000.0,8012000000.0,10385000000.0,,,,,,743000000.0,1340000000.0,354000000.0,187000000.0,760000000.0,1237000000.0,978000000.0,897000000.0,777000000.0,1354000000.0,426000000.0,407000000.0,357000000.0,347000000.0,499000000.0,811000000.0,571000000.0,540000000.0,430000000.0,855000000.0,1.03,2.07,0.46,0.26,1.05,
NXPI,0001413447,NXP Semiconductors,Information Technology,Semiconductors,12323000000.0,3284000000.0,2733000000.0,2496000000.0,640000000.0,1856000000.0,9.18,3708000000.0,27113000000.0,15839000000.0,10927000000.0,11722000000.0,252471079.0,2026-04-28,2026-04-24,SEC Company Facts,https://data.sec.gov/api/xbrl/companyfacts/CIK0001413447.json,2025-12-31,2024-12-31,2023-12-31,2022-12-31,2021-12-31,2026-02-19,2026-02-19,2026-02-19,2025-02-20,2024-02-22,12269000000.0,12614000000.0,13276000000.0,13205000000.0,11063000000.0,3047000000.0,3417000000.0,3661000000.0,3797000000.0,2583000000.0,2068000000.0,2542000000.0,2822000000.0,2833000000.0,1906000000.0,2820000000.0,2782000000.0,3513000000.0,3895000000.0,3077000000.0,397000000.0,727000000.0,827000000.0,1063000000.0,767000000.0,2423000000.0,2055000000.0,2686000000.0,2832000000.0,2310000000.0,7.95,9.73,10.7,10.55,6.79,
O,0000726728,Realty Income,Real Estate,Retail REITs,1327838000.0,,922947000.0,3661616000.0,,,1.03,552648000.0,76441475000.0,34507398000.0,39549557000.0,4675000000.0,946218033.0,2026-08-06,2026-07-30,SEC Company Facts,https://data.sec.gov/api/xbrl/companyfacts/CIK0000726728.json,2025-12-31,2024-12-31,2023-12-31,2022-12-31,2021-12-31,2026-02-25,2026-02-25,2026-02-25,2025-02-25,2024-02-21,5749377000.0,5271142000.0,4078993000.0,3343681000.0,2080463000.0,,,,,,1069783000.0,867341000.0,876914000.0,872416000.0,360747000.0,3994754000.0,3573276000.0,2958769000.0,2563856000.0,1322189000.0,,,,,,,,,,,1.17,0.98,1.26,1.42,0.87,
ODFL,0000878927,Old Dominion,Industrials,Cargo Ground Transportation,3037880000.0,1431831000.0,1095010000.0,1469901000.0,688993000.0,780908000.0,5.120000000000001,283939000.0,5735521000.0,1188169000.0,4547352000.0,19997000.0,207356622.0,2026-08-05,2026-07-31,SEC Company Facts,https://data.sec.gov/api/xbrl/companyfacts/CIK0000878927.json,2025-12-31,2024-12-31,2023-12-31,2022-12-31,2021-12-31,2026-02-24,2026-02-24,2026-02-24,2025-02-25,2024-02-26,,,,,,1361045000.0,1543998000.0,1640673000.0,1840632000.0,1391602000.0,1023703000.0,1186073000.0,1239502000.0,1377159000.0,1034375000.0,1370133000.0,1659283000.0,1569135000.0,1691582000.0,1212606000.0,415034000.0,771318000.0,757309000.0,775148000.0,550077000.0,955099000.0,887965000.0,811826000.0,916434000.0,662529000.0,4.84,5.48,5.63,6.09,8.89,
OKE,0001039684,Oneok,Energy,Oil & Gas Storage & Transportation,27953000000.0,5347000000.0,3237000000.0,5291000000.0,2408000000.0,2883000000.0,5.13,161000000.0,68549000000.0,45612000000.0,22937000000.0,31523000000.0,630369667.0,2026-08-04,2026-07-27,SEC Company Facts,https://data.sec.gov/api/xbrl/companyfacts/CIK0001039684.json,2025-12-31,2024-12-31,2023-12-31,2022-12-31,2021-12-31,2026-02-24,2026-02-24,2026-02-24,2025-02-25,2024-02-27,33629000000.0,21698000000.0,17677000000.0,22387000000.0,16540000000.0,5741000000.0,4989000000.0,4072000000.0,2807000000.0,2596000000.0,3462000000.0,3112000000.0,2659000000.0,1722000000.0,1500000000.0,5599000000.0,4888000000.0,4421000000.0,2906000000.0,2546000000.0,3152000000.0,2021000000.0,1595000000.0,1202000000.0,697000000.0,2447000000.0,2867000000.0,2826000000.0,1704000000.0,1849000000.0,5.42,5.17,5.48,3.84,3.35,
OMC,0000029989,Omnicom Group,Communication Services,Advertising,15749000000.0,2248300000.0,1540400000.0,1565200000.0,147000000.0,1418200000.0,7.32,5316800000.0,49964700000.0,40527600000.0,9437100000.0,9272900000.0,285006196.0,2026-04-29,2026-04-22,SEC Company Facts,https://data.sec.gov/api/xbrl/companyfacts/CIK0000029989.json,2025-12-31,2024-12-31,2023-12-31,2022-12-31,2021-12-31,2026-02-20,2026-02-20,2026-02-20,2025-02-05,2024-02-07,17271900000.0,15689100000.0,14692200000.0,14289100000.0,14289400000.0,444700000.0,2274600000.0,2104700000.0,2083300000.0,2197900000.0,43700000.0,1574000000.0,1473200000.0,1403800000.0,1507600000.0,2938200000.0,1733500000.0,1421900000.0,926500000.0,1945400000.0,149800000.0,140600000.0,78400000.0,78200000.0,665800000.0,2788400000.0,1592900000.0,1343500000.0,848300000.0,1279600000.0,-0.27,7.46,6.91,6.36,6.53,
ON,0001097864,ON Semiconductor,Information Technology,Semiconductors,6398800000.0,473700000.0,469000000.0,1832100000.0,544800000.0,1287300000.0,1.05,3514500000.0,13485100000.0,6246600000.0,7218700000.0,4317700000.0,389311721.0,2026-08-03,2026-07-29,SEC Company Facts,https://data.sec.gov/api/xbrl/companyfacts/CIK0001097864.json,2025-12-31,2024-12-31,2023-12-31,2022-12-31,2021-12-31,2026-02-09,2026-02-09,2026-02-09,2025-02-10,2024-02-05,5995400000.0,7082300000.0,8253000000.0,8326200000.0,6739800000.0,84200000.0,1767700000.0,2538700000.0,2360000000.0,1287600000.0,123600000.0,1574600000.0,2185600000.0,1903800000.0,1011200000.0,1759800000.0,1906400000.0,1977500000.0,2633100000.0,1782000000.0,341200000.0,694000000.0,1539100000.0,1036000000.0,444600000.0,1418600000.0,1212400000.0,438400000.0,1597100000.0,1337400000.0,0.29,3.63,4.89,4.25,2.27,
ORCL,0001341439,Oracle Corporation,Information Technology,Application Software,67357000000.0,20606000000.0,17309000000.0,31977000000.0,55663000000.0,-23686000000.0,5.83,31289000000.0,261759000000.0,219251000000.0,42508000000.0,0.0,2880471000.0,2026-06-22,2026-06-12,SEC Company Facts,https://data.sec.gov/api/xbrl/companyfacts/CIK0001341439.json,2026-05-31,2025-05-31,2024-05-31,2023-05-31,2022-05-31,2026-06-22,2026-06-22,2026-06-22,2025-06-18,2024-06-20,67357000000.0,57399000000.0,52961000000.0,49954000000.0,42440000000.0,20606000000.0,17678000000.0,15353000000.0,13093000000.0,10926000000.0,17309000000.0,12627000000.0,10653000000.0,8668000000.0,6901000000.0,31977000000.0,20821000000.0,18673000000.0,17165000000.0,9539000000.0,55663000000.0,21215000000.0,6866000000.0,8695000000.0,4511000000.0,-23686000000.0,-394000000.0,11807000000.0,8470000000.0,5028000000.0,5.83,4.34,3.71,3.07,2.41,
ORLY,0000898173,O'Reilly Automotive,Consumer Discretionary,Automotive Retail,17122020000.0,3291314000.0,2423674000.0,2908468000.0,1136465000.0,1772003000.0,2.789999999999999,262181000.0,17389116000.0,19224841000.0,-1835725000.0,7314423000.0,808960792.0,2026-08-07,2026-08-03,SEC Company Facts,https://data.sec.gov/api/xbrl/companyfacts/CIK0000898173.json,2025-12-31,2024-12-31,2023-12-31,2022-12-31,2021-12-31,2026-02-27,2026-02-27,2026-02-27,2025-02-28,2024-02-28,17781992000.0,16708479000.0,15812250000.0,14409860000.0,13327563000.0,3460612000.0,3251157000.0,3186376000.0,2954491000.0,2917168000.0,2538209000.0,2386680000.0,2346581000.0,2172650000.0,2164685000.0,2761993000.0,3049576000.0,3034084000.0,3148250000.0,3207310000.0,1168815000.0,1023387000.0,1006264000.0,563342000.0,442853000.0,1593178000.0,2026189000.0,2027820000.0,2584908000.0,2764457000.0,2.97,2.71,2.56,33.44,31.1,
OTIS,0001781335,Otis Worldwide,Industrials,Industrial Machinery & Supplies & Components,14168000000.0,1852000000.0,1589000000.0,1489000000.0,141000000.0,1348000000.0,3.7800000000000002,813000000.0,11156000000.0,16610000000.0,-5748000000.0,8436000000.0,380669339.0,2026-07-23,2026-07-15,SEC Company Facts,https://data.sec.gov/api/xbrl/companyfacts/CIK0001781335.json,2025-12-31,2024-12-31,2023-12-31,2022-12-31,2021-12-31,2026-02-05,2026-02-05,2026-02-05,2025-02-04,2024-02-02,14431000000.0,14261000000.0,14209000000.0,13685000000.0,14298000000.0,2133000000.0,2008000000.0,2186000000.0,2033000000.0,2108000000.0,1455000000.0,1734000000.0,1498000000.0,1369000000.0,1420000000.0,1596000000.0,1563000000.0,1627000000.0,1560000000.0,1750000000.0,152000000.0,126000000.0,138000000.0,115000000.0,156000000.0,1444000000.0,1437000000.0,1489000000.0,1445000000.0,1594000000.0,3.5,4.07,3.39,2.96,2.89,
OXY,0000797468,Occidental Petroleum,Energy,Oil & Gas Exploration & Production,20153000000.0,,2433000000.0,12146000000.0,6096000000.0,6050000000.0,1.6899999999999997,4150000000.0,80358000000.0,38612000000.0,41746000000.0,14140000000.0,999637371.0,2026-08-05,2026-07-31,SEC Company Facts,https://data.sec.gov/api/xbrl/companyfacts/CIK0000797468.json,2025-12-31,2024-12-31,2023-12-31,2022-12-31,2021-12-31,2026-02-18,2026-02-18,2026-02-18,2025-02-18,2024-02-14,21569000000.0,22710000000.0,23230000000.0,36234000000.0,25959000000.0,,,,,,2369000000.0,3078000000.0,4696000000.0,13304000000.0,2322000000.0,10532000000.0,11439000000.0,12308000000.0,16810000000.0,10434000000.0,6427000000.0,6263000000.0,5696000000.0,4497000000.0,2870000000.0,4105000000.0,5176000000.0,6612000000.0,12313000000.0,7564000000.0,1.61,2.44,3.9,12.4,1.58,
PANW,0001327567,Palo Alto Networks,Information Technology,Systems Software,8874500000.0,984400000.0,-225900000.0,3207700000.0,,,1.7399999999999998,2364000000.0,46266000000.0,18598000000.0,27668000000.0,1991500000.0,815000000.0,2026-06-03,2026-05-26,SEC Company Facts,https://data.sec.gov/api/xbrl/companyfacts/CIK0001327567.json,2025-07-31,2024-07-31,2023-07-31,2022-07-31,2021-07-31,2025-08-29,2025-08-29,2025-08-29,2024-09-06,2023-09-01,9221500000.0,8027500000.0,6892700000.0,5501500000.0,4256100000.0,1242900000.0,683900000.0,387300000.0,-188800000.0,-304100000.0,1133900000.0,2577600000.0,439700000.0,-267000000.0,-498900000.0,3716000000.0,3257600000.0,2777500000.0,1984700000.0,1503000000.0,246200000.0,156800000.0,146300000.0,192800000.0,116000000.0,3469800000.0,3100800000.0,2631200000.0,1791900000.0,1387000000.0,1.6,3.64,0.64,-0.9,-1.73,
PAYX,0000723531,Paychex,Industrials,Human Resource & Employment Services,6301100000.0,2510500000.0,1760100000.0,2556700000.0,234900000.0,2321800000.0,4.89,1088200000.0,16174500000.0,12439400000.0,3735100000.0,4556100000.0,355682860.0,2026-07-17,2026-06-30,SEC Company Facts,https://data.sec.gov/api/xbrl/companyfacts/CIK0000723531.json,2026-05-31,2025-05-31,2024-05-31,2023-05-31,2022-05-31,2026-07-17,2026-07-17,2026-07-17,2025-07-11,2024-07-11,6301100000.0,5410000000.0,5132000000.0,4907300000.0,4554000000.0,2510500000.0,2207700000.0,2174100000.0,2033100000.0,1840000000.0,1760100000.0,1657300000.0,1690400000.0,1557300000.0,1392800000.0,2556700000.0,1900900000.0,1897700000.0,1706200000.0,1589700000.0,234900000.0,191800000.0,161400000.0,143000000.0,133800000.0,2321800000.0,1709100000.0,1736300000.0,1563200000.0,1455900000.0,4.89,4.58,4.67,4.3,3.84,
PCAR,0000075362,Paccar,Industrials,Construction Machinery & Heavy Transportation Equipment,31099600000.0,,3073000000.0,4475600000.0,814300000.0,3661300000.0,5.83,3219400000.0,43980100000.0,23658800000.0,20321300000.0,,526364953.0,2026-07-29,2026-07-24,SEC Company Facts,https://data.sec.gov/api/xbrl/companyfacts/CIK0000075362.json,2025-12-31,2024-12-31,2023-12-31,2022-12-31,2021-12-31,2026-02-18,2026-02-18,2026-02-18,2025-02-19,2024-02-21,28444800000.0,33663800000.0,35127400000.0,28819700000.0,23522300000.0,,,,,,2375800000.0,4162000000.0,4600800000.0,3011600000.0,1865500000.0,4415800000.0,4640900000.0,4190000000.0,3027000000.0,2186700000.0,743000000.0,838700000.0,695000000.0,525000000.0,559100000.0,3672800000.0,3802200000.0,3495000000.0,2502000000.0,1627600000.0,4.51,7.9,8.76,5.75,3.57,
PCG,0001004980,PG&E Corporation,Utilities,Multi-Utilities,18094000000.0,4365000000.0,2436000000.0,8968000000.0,11133000000.0,-2165000000.0,1.08,972000000.0,145076000000.0,111175000000.0,33901000000.0,62843000000.0,2680110496.0,2026-07-23,2026-07-15,SEC Company Facts,https://data.sec.gov/api/xbrl/companyfacts/CIK0001004980.json,2025-12-31,2024-12-31,2023-12-31,2022-12-31,2021-12-31,2026-02-12,2026-02-12,2026-02-12,2025-02-13,2024-02-22,24935000000.0,24419000000.0,24428000000.0,21680000000.0,20642000000.0,4749000000.0,4459000000.0,2671000000.0,1837000000.0,1883000000.0,2703000000.0,2512000000.0,2256000000.0,1814000000.0,-88000000.0,8716000000.0,8035000000.0,4747000000.0,3721000000.0,2262000000.0,11787000000.0,10369000000.0,9714000000.0,9584000000.0,7689000000.0,-3071000000.0,-2334000000.0,-4967000000.0,-5863000000.0,-5427000000.0,1.18,1.15,1.05,0.84,-0.05,
PEG,0000788784,Public Service Enterprise Group,Utilities,Electric Utilities,11134000000.0,2700000000.0,0.0,2517000000.0,3161000000.0,-644000000.0,3.960000000000001,192000000.0,58813000000.0,45683000000.0,13130000000.0,23591000000.0,498420030.0,2026-08-04,2026-07-20,SEC Company Facts,https://data.sec.gov/api/xbrl/companyfacts/CIK0000788784.json,2025-12-31,2024-12-31,2023-12-31,2022-12-31,2021-12-31,2026-02-26,2026-02-26,2026-02-26,2025-02-25,2024-02-26,12168000000.0,10290000000.0,11237000000.0,9800000000.0,9722000000.0,2980000000.0,2353000000.0,3685000000.0,1381000000.0,-856000000.0,2111000000.0,1772000000.0,2563000000.0,1031000000.0,-648000000.0,3298000000.0,2133000000.0,3806000000.0,1503000000.0,1736000000.0,3272000000.0,3380000000.0,3325000000.0,2888000000.0,2719000000.0,26000000.0,-1247000000.0,481000000.0,-1385000000.0,-983000000.0,4.22,3.54,5.13,2.06,-1.29,
PEP,0000077476,PepsiCo,Consumer Staples,Soft Drinks & Non-alcoholic Beverages,91748000000.0,10494000000.0,7601000000.0,12188000000.0,5124000000.0,7064000000.0,5.489999999999999,10251000000.0,112189000000.0,89919000000.0,22098000000.0,49182000000.0,1364891558.0,2026-07-09,2026-07-02,SEC Company Facts,https://data.sec.gov/api/xbrl/companyfacts/CIK0000077476.json,2025-12-27,2024-12-28,2023-12-30,2022-12-31,2021-12-25,2026-02-03,2026-02-03,2026-02-03,2025-02-04,2024-02-09,93925000000.0,91854000000.0,91471000000.0,86392000000.0,79474000000.0,11498000000.0,12887000000.0,11986000000.0,11512000000.0,11162000000.0,8295000000.0,9626000000.0,9155000000.0,8978000000.0,7679000000.0,12087000000.0,12507000000.0,13442000000.0,10811000000.0,11616000000.0,4415000000.0,5318000000.0,5518000000.0,5207000000.0,4625000000.0,7672000000.0,7189000000.0,7924000000.0,5604000000.0,6991000000.0,6.0,6.95,6.56,6.42,5.49,
PFE,0000078003,Pfizer,Health Care,Pharmaceuticals,50914000000.0,,10792000000.0,15188000000.0,2750000000.0,12438000000.0,1.89,976000000.0,201131000000.0,115639000000.0,85190000000.0,63194000000.0,5699673589.0,2026-08-04,2026-07-29,SEC Company Facts,https://data.sec.gov/api/xbrl/companyfacts/CIK0000078003.json,2025-12-31,2024-12-31,2023-12-31,2022-12-31,2021-12-31,2026-02-26,2026-02-26,2026-02-26,2025-02-27,2024-02-22,62579000000.0,63627000000.0,59553000000.0,101175000000.0,73636000000.0,,,,,,7812000000.0,8062000000.0,2158000000.0,31407000000.0,22025000000.0,11704000000.0,12744000000.0,8700000000.0,29267000000.0,32580000000.0,2629000000.0,2909000000.0,3907000000.0,3236000000.0,2711000000.0,9075000000.0,9835000000.0,4793000000.0,26031000000.0,29869000000.0,1.36,1.41,0.37,5.47,3.85,
PFG,0001126328,Principal Financial Group,Financials,Life & Health Insurance,15770300000.0,,1128800000.0,4996000000.0,,,4.67,4054000000.0,332704500000.0,320311700000.0,11815300000.0,3927700000.0,216012384.0,2026-04-29,2026-04-22,SEC Company Facts,https://data.sec.gov/api/xbrl/companyfacts/CIK0001126328.json,2025-12-31,2024-12-31,2023-12-31,2022-12-31,2021-12-31,2026-02-18,2026-02-18,2026-02-18,2025-02-19,2024-02-20,15625500000.0,16127700000.0,13665800000.0,17536100000.0,14427800000.0,,,,,,1255500000.0,1597900000.0,670100000.0,4797500000.0,1627000000.0,4536700000.0,4602900000.0,3792400000.0,3172900000.0,3254400000.0,,,,,,,,,,,5.25,6.68,2.55,18.63,5.79,
PG,0000080424,Procter & Gamble,Consumer Staples,Personal Care Products,87032000000.0,19748000000.0,16144000000.0,19556000000.0,4409000000.0,15147000000.0,6.62,9304000000.0,126521000000.0,72210000000.0,54311000000.0,34138000000.0,2324433060.0,2026-08-04,2026-07-31,SEC Company Facts,https://data.sec.gov/api/xbrl/companyfacts/CIK0000080424.json,2026-06-30,2025-06-30,2024-06-30,2023-06-30,2022-06-30,2026-08-04,2026-08-04,2026-08-04,2025-08-04,2024-08-05,87032000000.0,84284000000.0,84039000000.0,82006000000.0,80187000000.0,19748000000.0,20451000000.0,18545000000.0,18134000000.0,17813000000.0,16144000000.0,16065000000.0,14974000000.0,14738000000.0,14793000000.0,19556000000.0,17817000000.0,19846000000.0,16848000000.0,16723000000.0,4409000000.0,3773000000.0,3322000000.0,3062000000.0,3156000000.0,15147000000.0,14044000000.0,16524000000.0,13786000000.0,13567000000.0,6.62,6.51,6.02,5.9,5.81,
PGR,0000080661,Progressive Corporation,Financials,Property & Casualty Insurance,82408000000.0,,5485200000.0,16800000000.0,328000000.0,16472000000.0,17.75,193000000.0,124925000000.0,90592000000.0,34333000000.0,2664100000.0,581371770.0,2026-08-03,2026-07-02,SEC Company Facts,https://data.sec.gov/api/xbrl/companyfacts/CIK0000080661.json,2025-12-31,2024-12-31,2023-12-31,2022-12-31,2021-12-31,2026-03-02,2026-03-02,2026-03-02,2025-03-03,2024-02-26,87671000000.0,75372000000.0,62109000000.0,49611000000.0,47702000000.0,,,,,,11308000000.0,8480000000.0,3903000000.0,722000000.0,3350900000.0,17548000000.0,15119000000.0,10643000000.0,6849000000.0,7761700000.0,348000000.0,285000000.0,252000000.0,292000000.0,243500000.0,17200000000.0,14834000000.0,10391000000.0,6557000000.0,7518200000.0,19.23,14.4,6.58,1.18,5.66,
PH,0000076334,Parker Hannifin,Industrials,Industrial Machinery & Supplies & Components,19794209000.0,4251330000.0,3394137000.0,3545923000.0,420672000.0,3125251000.0,25.990000000000002,476000000.0,30679000000.0,16062000000.0,14609000000.0,8803284000.0,126086389.0,2026-05-01,2026-03-31,SEC Company Facts,https://data.sec.gov/api/xbrl/companyfacts/CIK0000076334.json,2025-06-30,2024-06-30,2023-06-30,2022-06-30,2021-06-30,2025-08-22,2025-08-22,2025-08-22,2024-08-22,2023-08-24,19850000000.0,19930000000.0,19065000000.0,15861608000.0,14347640000.0,4347000000.0,4069000000.0,3404000000.0,2975035000.0,2459941000.0,3532000000.0,2845000000.0,2084000000.0,1316186000.0,1746861000.0,3776000000.0,3384000000.0,2980000000.0,2441730000.0,2575001000.0,435000000.0,400000000.0,381000000.0,230044000.0,209957000.0,3341000000.0,2984000000.0,2599000000.0,2211686000.0,2365044000.0,27.12,21.84,16.04,10.09,13.35,
PHM,0000822416,PulteGroup,Consumer Discretionary,Homebuilding,17694541000.0,,2742435000.0,1445263000.0,127366000.0,1317897000.0,13.36,1335709000.0,18263190000.0,5249459000.0,13013731000.0,43900000.0,187452540.0,2026-07-22,2026-07-15,SEC Company Facts,https://data.sec.gov/api/xbrl/companyfacts/CIK0000822416.json,2025-12-31,2024-12-31,2023-12-31,2022-12-31,2021-12-31,2026-02-04,2026-02-04,2026-02-04,2025-02-06,2024-02-05,17311953000.0,17946950000.0,16061578000.0,16002979000.0,13736995000.0,,,,,,2218730000.0,3083262000.0,2602372000.0,2617317000.0,1946320000.0,1871249000.0,1680794000.0,2196762000.0,668466000.0,1004021000.0,122716000.0,118545000.0,92201000.0,112661000.0,72781000.0,1748533000.0,1562249000.0,2104561000.0,555805000.0,931240000.0,11.12,14.69,11.72,11.01,7.43,
PKG,0000075677,Packaging Corporation of America,Materials,Paper & Plastic Packaging Products & Materials,8640800000.0,1243300000.0,904500000.0,1291200000.0,665800000.0,625400000.0,10.02,442800000.0,11015500000.0,6353600000.0,4661900000.0,3968900000.0,89098299.0,2026-08-07,2026-07-31,SEC Company Facts,https://data.sec.gov/api/xbrl/companyfacts/CIK0000075677.json,2025-12-31,2024-12-31,2023-12-31,2022-12-31,2021-12-31,2026-02-26,2026-02-26,2026-02-26,2025-02-27,2024-02-29,8989300000.0,8383300000.0,7802400000.0,8478000000.0,7730300000.0,1107000000.0,1101300000.0,1075100000.0,1420700000.0,1241400000.0,774100000.0,805100000.0,765200000.0,1029800000.0,841100000.0,1557500000.0,1191200000.0,1315100000.0,1495000000.0,1094100000.0,828900000.0,669700000.0,469700000.0,824200000.0,605100000.0,728600000.0,521500000.0,845400000.0,670800000.0,489000000.0,8.58,8.93,8.48,11.03,8.83,
PLD,0001045609,Prologis,Real Estate,Industrial REITs,8384654000.0,4573978000.0,3956648000.0,5017502000.0,,,4.01,861144000.0,98133451000.0,40184959000.0,53503401000.0,34669592000.0,932338000.0,2026-04-30,2026-04-28,SEC Company Facts,https://data.sec.gov/api/xbrl/companyfacts/CIK0001045609.json,2025-12-31,2024-12-31,2023-12-31,2022-12-31,2021-12-31,2026-02-13,2026-02-13,2026-02-13,2025-02-14,2024-02-13,8790127000.0,8201610000.0,8023469000.0,5973692000.0,4759440000.0,4357864000.0,4415920000.0,3707792000.0,3467538000.0,3206996000.0,3565299000.0,3947935000.0,3253145000.0,3555398000.0,3148590000.0,5008434000.0,4912209000.0,5373058000.0,4126430000.0,2996042000.0,,,,,,,,,,,3.56,4.01,3.29,4.25,3.94,
PLTR,0001321655,Palantir Technologies,Information Technology,Application Software,3440587000.0,569548000.0,772566000.0,1729613000.0,20909000.0,1708704000.0,0.30000000000000004,2030047000.0,11678564000.0,1793680000.0,9774194000.0,0.0,,2026-08-04,2026-06-30,SEC Company Facts,https://data.sec.gov/api/xbrl/companyfacts/CIK0001321655.json,2025-12-31,2024-12-31,2023-12-31,2022-12-31,2021-12-31,2026-02-17,2026-02-17,2026-02-17,2025-02-18,2024-02-20,4475446000.0,2865507000.0,2225012000.0,1905871000.0,1541889000.0,1414015000.0,310403000.0,119966000.0,-161201000.0,-411046000.0,1634644000.0,467918000.0,217375000.0,-371094000.0,-520379000.0,2134473000.0,1153865000.0,712183000.0,223737000.0,333851000.0,33882000.0,12634000.0,15114000.0,40027000.0,12627000.0,2100591000.0,1141231000.0,697069000.0,183710000.0,321224000.0,0.63,0.19,0.09,-0.18,-0.27,
PM,0001413329,Philip Morris International,Consumer Staples,Tobacco,39058000000.0,14169000000.0,8714000000.0,10406000000.0,1417000000.0,8989000000.0,5.27,5999000000.0,68271000000.0,74928000000.0,-8583000000.0,16756000000.0,1558613439.0,2026-07-24,2026-07-17,SEC Company Facts,https://data.sec.gov/api/xbrl/companyfacts/CIK0001413329.json,2025-12-31,2024-12-31,2023-12-31,2022-12-31,2021-12-31,2026-02-06,2026-02-06,2026-02-06,2025-02-06,2024-02-08,40648000000.0,37878000000.0,35174000000.0,31762000000.0,31405000000.0,14892000000.0,13402000000.0,11556000000.0,12246000000.0,12975000000.0,11848000000.0,7503000000.0,8268000000.0,9527000000.0,9710000000.0,12233000000.0,12217000000.0,9204000000.0,10803000000.0,11967000000.0,1569000000.0,1444000000.0,1321000000.0,1077000000.0,748000000.0,10664000000.0,10773000000.0,7883000000.0,9726000000.0,11219000000.0,7.26,4.52,5.02,5.81,5.83,
PNC,0000713676,PNC Financial Services,Financials,Diversified Banks,18753000000.0,,6274000000.0,6058000000.0,,,14.629999999999999,28745000000.0,616034000000.0,551973000000.0,64008000000.0,85723000000.0,398943667.0,2026-08-05,2026-07-20,SEC Company Facts,https://data.sec.gov/api/xbrl/companyfacts/CIK0000713676.json,2025-12-31,2024-12-31,2023-12-31,2022-12-31,2021-12-31,2026-02-20,2026-02-20,2026-02-20,2025-02-21,2024-02-21,23099000000.0,21555000000.0,21490000000.0,21120000000.0,19211000000.0,,,,,,6997000000.0,5953000000.0,5647000000.0,6113000000.0,5725000000.0,4384000000.0,7880000000.0,10111000000.0,9083000000.0,7214000000.0,,,,,,,,,,,16.59,13.74,12.79,13.85,12.7,
PNR,0000077360,Pentair,Industrials,Industrial Machinery & Supplies & Components,4076000000.0,826100000.0,692500000.0,835400000.0,71900000.0,763500000.0,3.87,67700000.0,7072000000.0,3261900000.0,4535900000.0,1944500000.0,161605541.0,2026-04-28,2026-03-31,SEC Company Facts,https://data.sec.gov/api/xbrl/companyfacts/CIK0000077360.json,2025-12-31,2024-12-31,2023-12-31,2022-12-31,2021-12-31,2026-02-24,2026-02-24,2026-02-24,2025-02-25,2024-02-20,4176000000.0,4082800000.0,4104500000.0,4121800000.0,3764800000.0,857500000.0,803800000.0,739200000.0,595300000.0,636900000.0,653800000.0,625400000.0,622700000.0,480900000.0,553000000.0,814800000.0,766700000.0,619200000.0,363300000.0,613200000.0,68800000.0,74400000.0,76000000.0,85200000.0,60200000.0,746000000.0,692300000.0,543200000.0,278100000.0,553000000.0,3.96,3.74,3.75,2.9,3.3,
PNW,0000764622,Pinnacle West Capital,Utilities,Multi-Utilities,5255240000.0,996298000.0,593283000.0,1736011000.0,2529538000.0,-793527000.0,4.86,9124000.0,32576874000.0,25542120000.0,7034754000.0,10550808000.0,121197234.0,2026-08-04,2026-07-28,SEC Company Facts,https://data.sec.gov/api/xbrl/companyfacts/CIK0000764622.json,2025-12-31,2024-12-31,2023-12-31,2022-12-31,2021-12-31,2026-02-25,2026-02-25,2026-02-25,2025-02-25,2024-02-27,5339939000.0,5124915000.0,4695991000.0,4324385000.0,3803835000.0,1067630000.0,1012063000.0,824640000.0,731911000.0,805310000.0,631643000.0,626030000.0,518781000.0,500826000.0,635944000.0,1805095000.0,1609823000.0,1207697000.0,1241441000.0,860014000.0,2624618000.0,2249195000.0,1846370000.0,1707490000.0,1473475000.0,-819523000.0,-639372000.0,-638673000.0,-466049000.0,-613461000.0,5.05,5.24,4.41,4.26,5.47,
PODD,0001145197,Insulet Corporation,Health Care,Health Care Equipment,1038100000.0,407300000.0,236100000.0,516100000.0,111200000.0,404900000.0,3.2800000000000007,856600000.0,3165100000.0,1742900000.0,1422200000.0,1387500000.0,69354199.0,2026-08-05,2026-07-29,SEC Company Facts,https://data.sec.gov/api/xbrl/companyfacts/CIK0001145197.json,2025-12-31,2024-12-31,2023-12-31,2022-12-31,2021-12-31,2026-02-18,2026-02-18,2026-02-18,2025-02-21,2024-02-23,2708100000.0,2071600000.0,1697100000.0,1305300000.0,1098800000.0,473800000.0,308900000.0,220100000.0,37600000.0,126000000.0,247100000.0,418300000.0,206300000.0,4600000.0,16800000.0,569300000.0,430200000.0,145700000.0,119000000.0,-68100000.0,191600000.0,124900000.0,75600000.0,122900000.0,111900000.0,377700000.0,305300000.0,70100000.0,-3900000.0,-180000000.0,3.48,5.78,2.94,0.07,0.24,
PPG,0000079879,PPG Industries,Materials,Specialty Chemicals,15680000000.0,2616000000.0,1185000000.0,1462000000.0,678000000.0,784000000.0,4.6899999999999995,1573000000.0,22150000000.0,13896000000.0,8104000000.0,7143000000.0,222900000.0,2026-04-29,2026-03-31,SEC Company Facts,https://data.sec.gov/api/xbrl/companyfacts/CIK0000079879.json,2025-12-31,2024-12-31,2023-12-31,2022-12-31,2021-12-31,2026-02-19,2026-02-19,2026-02-19,2025-02-20,2024-02-15,15875000000.0,15845000000.0,16242000000.0,15614000000.0,16802000000.0,,,2675000000.0,2042000000.0,2171000000.0,1592000000.0,1149000000.0,1309000000.0,1054000000.0,1460000000.0,1941000000.0,1420000000.0,2411000000.0,963000000.0,1562000000.0,778000000.0,721000000.0,516000000.0,486000000.0,371000000.0,1163000000.0,699000000.0,1895000000.0,477000000.0,1191000000.0,6.94,4.75,5.35,4.32,6.01,
PPL,0000922224,PPL Corporation,Utilities,Electric Utilities,8686000000.0,1873000000.0,1128000000.0,2571000000.0,3002000000.0,-431000000.0,1.59,1241000000.0,46304000000.0,32371000000.0,13933000000.0,20018000000.0,752350362.0,2026-05-08,2026-04-30,SEC Company Facts,https://data.sec.gov/api/xbrl/companyfacts/CIK0000922224.json,2025-12-31,2024-12-31,2023-12-31,2022-12-31,2021-12-31,2026-02-20,2026-02-20,2026-02-20,2025-02-13,2024-02-16,9170000000.0,8444000000.0,8290000000.0,7786000000.0,5838000000.0,2129000000.0,1740000000.0,1630000000.0,1374000000.0,1424000000.0,1181000000.0,888000000.0,740000000.0,756000000.0,-1480000000.0,2629000000.0,2340000000.0,1758000000.0,1730000000.0,2270000000.0,4030000000.0,2805000000.0,2390000000.0,2155000000.0,1973000000.0,-1401000000.0,-465000000.0,-632000000.0,-425000000.0,297000000.0,1.59,1.2,1.0,1.02,-1.93,
PRU,0001137774,Prudential Financial,Financials,Life & Health Insurance,4025000000.0,,1832000000.0,2083000000.0,,,4.539999999999999,15162000000.0,783554000000.0,748967000000.0,31577000000.0,20618000000.0,345000000.0,2026-08-05,2026-07-31,SEC Company Facts,https://data.sec.gov/api/xbrl/companyfacts/CIK0001137774.json,2025-12-31,2024-12-31,2023-12-31,2022-12-31,2021-12-31,2026-02-12,2026-02-12,2026-02-12,2025-02-13,2024-02-21,60774000000.0,70405000000.0,53979000000.0,56881000000.0,71247000000.0,,,,,,3732000000.0,2846000000.0,2508000000.0,-1675000000.0,8938000000.0,6271000000.0,8502000000.0,6510000000.0,5158000000.0,9812000000.0,,,,,,,,,,,9.99,7.5,6.74,-4.49,22.4,
PSA,0001393311,Public Storage,Real Estate,Self-Storage REITs,4749463000.0,1716104000.0,1823706000.0,3145161000.0,,,9.17,259936000.0,20117732000.0,10831920000.0,9190280000.0,10180215000.0,175621134.0,2026-07-29,2026-07-21,SEC Company Facts,https://data.sec.gov/api/xbrl/companyfacts/CIK0001393311.json,2025-12-31,2024-12-31,2023-12-31,2022-12-31,2021-12-31,2026-02-12,2026-02-12,2026-02-12,2025-02-24,2024-02-20,4824113000.0,4695616000.0,4517690000.0,4182163000.0,3415824000.0,,,,,,1797032000.0,2084410000.0,2160120000.0,4366274000.0,1959639000.0,3186449000.0,3128255000.0,3246648000.0,3117141000.0,2543555000.0,,,,,,,,,,,9.01,10.64,11.06,23.5,9.87,
PSKY,0002041610,Paramount Skydance Corporation,Communication Services,Movies & Entertainment,28301000000.0,2040000000.0,438000000.0,,,,0.49,1627000000.0,44411000000.0,32640000000.0,11771000000.0,,1071666977.0,2026-08-04,2026-06-30,SEC Company Facts,https://data.sec.gov/api/xbrl/companyfacts/CIK0002041610.json,2024-12-31,2023-12-31,,,,2026-02-25,2026-02-25,,,,29213000000.0,29652000000.0,,,,-5269000000.0,-451000000.0,,,,-6149000000.0,-576000000.0,,,,752000000.0,475000000.0,,,,263000000.0,328000000.0,,,,489000000.0,147000000.0,,,,-9.34,-1.02,,,,
PSX,0001534701,Phillips 66,Energy,Oil & Gas Refining & Marketing,132966000000.0,,1828000000.0,3362000000.0,,,4.210000000000001,4099000000.0,81810000000.0,49107000000.0,31506000000.0,1100000000.0,399020916.0,2026-08-05,2026-06-30,SEC Company Facts,https://data.sec.gov/api/xbrl/companyfacts/CIK0001534701.json,2025-12-31,2024-12-31,2023-12-31,2022-12-31,2021-12-31,2026-02-20,2026-02-20,2026-02-20,2025-02-21,2024-02-21,132376000000.0,143153000000.0,147399000000.0,169990000000.0,111476000000.0,,,,,,4528000000.0,2175000000.0,7239000000.0,11391000000.0,1594000000.0,4962000000.0,4191000000.0,7029000000.0,10813000000.0,6017000000.0,,,,,,,,,,,10.79,4.99,15.48,23.27,2.97,
PTC,0000857005,PTC Inc.,Information Technology,Application Software,2471978000.0,742789000.0,512727000.0,861780000.0,11999000.0,849781000.0,4.25,351454000.0,6513577000.0,3043834000.0,3469743000.0,1398241000.0,108506261.0,2026-07-31,2026-07-29,SEC Company Facts,https://data.sec.gov/api/xbrl/companyfacts/CIK0000857005.json,2025-09-30,2024-09-30,2023-09-30,2022-09-30,2021-09-30,2025-11-21,2025-11-21,2025-11-21,2024-11-14,2023-11-20,2739226000.0,2298472000.0,2097053000.0,1933347000.0,1807159000.0,982385000.0,588062000.0,458474000.0,447362000.0,380748000.0,733997000.0,376333000.0,245540000.0,313081000.0,476923000.0,867696000.0,749984000.0,610861000.0,435326000.0,368809000.0,11008000.0,14378000.0,23814000.0,19496000.0,24713000.0,856688000.0,735606000.0,587047000.0,415830000.0,344096000.0,6.08,3.12,2.06,2.65,4.03,
PWR,0001050915,Quanta Services,Industrials,Construction & Engineering,26052930000.0,1493247000.0,991800000.0,1990838000.0,632594000.0,1358244000.0,6.45,506431000.0,28291820000.0,18549877000.0,9637942000.0,2493502000.0,150343393.0,2026-07-30,2026-07-27,SEC Company Facts,https://data.sec.gov/api/xbrl/companyfacts/CIK0001050915.json,2025-12-31,2024-12-31,2023-12-31,2022-12-31,2021-12-31,2026-02-19,2026-02-19,2026-02-19,2025-02-20,2024-02-22,28479697000.0,23672795000.0,20882206000.0,17073903000.0,12980213000.0,1611509000.0,1346468000.0,1127976000.0,872058000.0,663521000.0,1041917000.0,927283000.0,750689000.0,511643000.0,491983000.0,2229970000.0,2081196000.0,1575952000.0,1130312000.0,582390000.0,609154000.0,604078000.0,434803000.0,427630000.0,385852000.0,1620816000.0,1477118000.0,1141149000.0,702682000.0,196538000.0,6.8,6.03,5.0,3.32,3.34,
PYPL,0001633917,PayPal,Financials,Transaction & Payment Processing Services,18262000000.0,5687000000.0,5050000000.0,6693000000.0,725000000.0,5968000000.0,4.45,6977000000.0,80546000000.0,60522000000.0,20024000000.0,9409000000.0,882105493.0,2026-05-05,2026-04-29,SEC Company Facts,https://data.sec.gov/api/xbrl/companyfacts/CIK0001633917.json,2025-12-31,2024-12-31,2023-12-31,2022-12-31,2021-12-31,2026-02-03,2026-02-03,2026-02-03,2025-02-04,2024-02-08,33172000000.0,31797000000.0,29771000000.0,27518000000.0,25371000000.0,6065000000.0,5325000000.0,5028000000.0,3837000000.0,4262000000.0,5233000000.0,4147000000.0,4246000000.0,2419000000.0,4169000000.0,6416000000.0,7450000000.0,4843000000.0,5813000000.0,5797000000.0,852000000.0,683000000.0,623000000.0,706000000.0,908000000.0,5564000000.0,6767000000.0,4220000000.0,5107000000.0,4889000000.0,5.41,3.99,3.84,2.09,3.52,
Q,0002058873,Qnity Electronics,Information Technology,Semiconductor Materials & Equipment,5032000000.0,,695000000.0,,,,3.13,961000000.0,14331000000.0,6785000000.0,7261000000.0,4100000000.0,209208543.0,2026-08-04,2026-07-31,SEC Company Facts,https://data.sec.gov/api/xbrl/companyfacts/CIK0002058873.json,2025-12-31,2024-12-31,2023-12-31,,,2026-02-26,2026-02-26,2026-02-26,,,4754000000.0,4335000000.0,4035000000.0,,,,,,,,729000000.0,724000000.0,533000000.0,,,1273000000.0,1061000000.0,882000000.0,,,285000000.0,200000000.0,231000000.0,,,988000000.0,861000000.0,651000000.0,,,3.3,3.31,2.42,,,
QCOM,0000804328,Qualcomm,Information Technology,Semiconductors,43257000000.0,12019000000.0,9205000000.0,12663000000.0,1041000000.0,11622000000.0,10.370000000000001,4533000000.0,57367000000.0,29709000000.0,4909000000.0,17300000000.0,1050000000.0,2026-07-29,2026-07-27,SEC Company Facts,https://data.sec.gov/api/xbrl/companyfacts/CIK0000804328.json,2025-09-28,2024-09-29,2023-09-24,2022-09-25,2021-09-26,2025-11-05,2025-11-05,2025-11-05,2024-11-06,2023-11-01,44284000000.0,38962000000.0,35820000000.0,44200000000.0,33566000000.0,12355000000.0,10071000000.0,7788000000.0,15860000000.0,9789000000.0,5541000000.0,10142000000.0,7232000000.0,12936000000.0,9043000000.0,14012000000.0,12202000000.0,11299000000.0,9096000000.0,10536000000.0,1192000000.0,1041000000.0,1450000000.0,2262000000.0,1888000000.0,12820000000.0,11161000000.0,9849000000.0,6834000000.0,8648000000.0,5.01,8.97,6.42,11.37,7.87,
RCL,0000884887,Royal Caribbean Group,Consumer Discretionary,"Hotels, Resorts & Cruise Lines",17183000000.0,4533000000.0,3624000000.0,5737000000.0,2150000000.0,3587000000.0,13.579999999999998,875000000.0,44644000000.0,34183000000.0,10236000000.0,9471822000.0,267452084.0,2026-07-28,2026-07-24,SEC Company Facts,https://data.sec.gov/api/xbrl/companyfacts/CIK0000884887.json,2025-12-31,2024-12-31,2023-12-31,2022-12-31,2021-12-31,2026-02-11,2026-02-11,2026-02-11,2025-02-14,2024-02-21,17935000000.0,16484000000.0,13900000000.0,8840000000.0,1532000000.0,4910000000.0,4106000000.0,2878000000.0,-766000000.0,-3870000000.0,4291000000.0,2896000000.0,1704000000.0,-2156000000.0,-5260000000.0,6465000000.0,5265000000.0,4477000000.0,481000000.0,-1878000000.0,5229000000.0,3268000000.0,3897000000.0,2710000000.0,2230000000.0,1236000000.0,1997000000.0,580000000.0,-2229000000.0,-4108000000.0,15.61,10.94,6.31,-8.45,-20.89,
REG,0000910606,Regency Centers,Real Estate,Retail REITs,1470964000.0,1057968000.0,409035000.0,783471000.0,,,,36855000.0,13046484000.0,5881577000.0,6892835000.0,5003934000.0,183096790.0,2026-05-04,2026-04-30,SEC Company Facts,https://data.sec.gov/api/xbrl/companyfacts/CIK0000910606.json,2025-12-31,2024-12-31,2023-12-31,2022-12-31,2021-12-31,2026-02-13,2026-02-13,2026-02-13,2025-02-14,2024-02-16,1553524000.0,1453904000.0,1322466000.0,1224022000.0,1166161000.0,1123441000.0,1047368000.0,951288000.0,896786000.0,,540951000.0,409840000.0,370867000.0,488035000.0,366288000.0,827692000.0,790198000.0,719591000.0,655815000.0,659388000.0,,,,,,,,,,,,,,,,
REGN,0000872589,Regeneron Pharmaceuticals,Health Care,Biotechnology,14214200000.0,3840900000.0,4458600000.0,4743500000.0,889800000.0,3853700000.0,39.68,2455800000.0,41730600000.0,10019200000.0,31711400000.0,1986600000.0,93955110.0,2026-07-30,2026-06-30,SEC Company Facts,https://data.sec.gov/api/xbrl/companyfacts/CIK0000872589.json,2025-12-31,2024-12-31,2023-12-31,2022-12-31,2021-12-31,2026-02-04,2026-02-04,2026-02-04,2025-02-05,2024-02-05,14342900000.0,14202000000.0,13117200000.0,12172900000.0,16071700000.0,3577900000.0,3990700000.0,4047100000.0,4738900000.0,8946800000.0,4504900000.0,4412600000.0,3953600000.0,4338400000.0,8075300000.0,4978900000.0,4420500000.0,4594000000.0,5014900000.0,7081300000.0,898400000.0,755900000.0,718600000.0,590100000.0,551900000.0,4080500000.0,3664600000.0,3875400000.0,4424800000.0,6529400000.0,41.48,38.34,34.77,38.22,71.97,
RF,0001281761,Regions Financial Corporation,Financials,Regional Banks,,53000000.0,2077000000.0,2680000000.0,,,2.14,27507000000.0,161299000000.0,142388000000.0,18840000000.0,4628000000.0,851929506.0,2026-08-06,2026-08-05,SEC Company Facts,https://data.sec.gov/api/xbrl/companyfacts/CIK0001281761.json,2025-12-31,2024-12-31,2023-12-31,2022-12-31,2021-12-31,2026-02-24,2026-02-24,2026-02-24,2025-02-21,2024-02-23,,,,,,53000000.0,95000000.0,212000000.0,56000000.0,46000000.0,2156000000.0,1893000000.0,2074000000.0,2245000000.0,2521000000.0,2181000000.0,1598000000.0,2308000000.0,3102000000.0,3030000000.0,,,,,,,,,,,2.3,1.93,2.11,2.28,2.49,
RJF,0000720005,Raymond James Financial,Financials,Investment Banking & Brokerage,15725000000.0,,791268000.0,2148000000.0,194000000.0,1954000000.0,10.199999999999998,9977000000.0,94237000000.0,81454000000.0,12699000000.0,0.0,192361711.0,2026-08-05,2026-08-03,SEC Company Facts,https://data.sec.gov/api/xbrl/companyfacts/CIK0000720005.json,2025-09-30,2024-09-30,2023-09-30,2022-09-30,2021-09-30,2025-11-25,2025-11-25,2025-11-25,2024-11-26,2023-11-21,15912000000.0,14923000000.0,12992000000.0,11308000000.0,9910000000.0,,,,,,2135000000.0,2068000000.0,1739000000.0,1509000000.0,1403000000.0,2434000000.0,2155000000.0,-3514000000.0,72000000.0,6647000000.0,188000000.0,205000000.0,173000000.0,91000000.0,74000000.0,2246000000.0,1950000000.0,-3687000000.0,-19000000.0,6573000000.0,10.3,9.7,7.97,6.98,6.63,
RL,0001037038,Ralph Lauren Corporation,Consumer Discretionary,"Apparel, Accessories & Luxury Goods",7285900000.0,997200000.0,794700000.0,1133900000.0,370100000.0,763800000.0,12.52,1719000000.0,7658800000.0,4937200000.0,2721600000.0,1239400000.0,,2026-08-06,2026-06-27,SEC Company Facts,https://data.sec.gov/api/xbrl/companyfacts/CIK0001037038.json,2026-03-28,2025-03-29,2024-03-30,2023-04-01,2022-04-02,2026-05-21,2026-05-21,2026-05-21,2025-05-22,2024-05-23,8114500000.0,7079000000.0,6631400000.0,6443600000.0,6218500000.0,1179200000.0,932100000.0,756400000.0,704200000.0,798400000.0,941100000.0,742900000.0,646300000.0,522700000.0,600100000.0,1154200000.0,1235100000.0,1069700000.0,411000000.0,715900000.0,,216200000.0,164800000.0,217500000.0,166900000.0,,1018900000.0,904900000.0,193500000.0,549000000.0,15.11,11.61,9.71,7.58,8.07,
RMD,0000943819,ResMed|,Health Care,Health Care Equipment,5653443000.0,1886715000.0,1523293000.0,1805829000.0,156285000.0,1649544000.0,10.43,1469234000.0,8965950000.0,2380557000.0,6585393000.0,1018889000.0,144252306.0,2026-08-13,2026-08-10,SEC Company Facts,https://data.sec.gov/api/xbrl/companyfacts/CIK0000943819.json,2026-06-30,2025-06-30,2024-06-30,2023-06-30,2022-06-30,2026-08-13,2026-08-13,2026-08-13,2025-08-08,2024-08-09,5653443000.0,5146327000.0,4685297000.0,4222993000.0,3578127000.0,1886715000.0,1685363000.0,1319893000.0,1131871000.0,1000286000.0,1523293000.0,1400723000.0,1020951000.0,897556000.0,779437000.0,1805829000.0,1751588000.0,1401260000.0,693299000.0,351147000.0,156285000.0,89865000.0,99460000.0,119672000.0,134835000.0,1649544000.0,1661723000.0,1301800000.0,573627000.0,216312000.0,10.43,9.51,6.92,6.09,5.3,
ROK,0001024478,Rockwell Automation,Industrials,Electrical Components & Equipment,8061000000.0,1942000000.0,958000000.0,1522000000.0,137500000.0,1384500000.0,8.52,479000000.0,11091000000.0,7597000000.0,3494000000.0,2572000000.0,111048676.0,2026-08-04,2026-06-30,SEC Company Facts,https://data.sec.gov/api/xbrl/companyfacts/CIK0001024478.json,2025-09-30,2024-09-30,2023-09-30,2022-09-30,2021-09-30,2025-11-12,2025-11-12,2025-11-12,2024-11-12,2023-11-08,8342000000.0,8264000000.0,9058000000.0,7760400000.0,6997400000.0,1703000000.0,1595000000.0,1929000000.0,,,749000000.0,948000000.0,1278000000.0,919100000.0,1344300000.0,1544000000.0,864000000.0,1374000000.0,823100000.0,1261000000.0,186000000.0,225000000.0,161000000.0,141100000.0,120300000.0,1358000000.0,639000000.0,1213000000.0,682000000.0,1140700000.0,7.67,8.28,11.95,7.97,11.58,
ROL,0000084839,"Rollins, Inc.",Industrials,Environmental & Facilities Services,3570470000.0,683404000.0,368599000.0,657119000.0,25562000.0,631557000.0,1.01,109085000.0,3354932000.0,1925335000.0,1429597000.0,487107000.0,481145404.0,2026-07-23,2026-07-13,SEC Company Facts,https://data.sec.gov/api/xbrl/companyfacts/CIK0000084839.json,2025-12-31,2024-12-31,2023-12-31,2022-12-31,2021-12-31,2026-02-12,2026-02-12,2026-02-12,2025-02-13,2024-02-15,3761050000.0,3388708000.0,3073278000.0,2695823000.0,2424300000.0,726068000.0,657224000.0,583226000.0,493388000.0,447636000.0,526705000.0,466379000.0,434957000.0,368599000.0,356565000.0,678107000.0,607653000.0,528366000.0,465930000.0,401805000.0,28086000.0,27572000.0,32465000.0,30628000.0,27194000.0,650021000.0,580081000.0,495901000.0,435302000.0,374611000.0,1.09,0.96,0.89,0.75,0.72,
ROP,0000882835,Roper Technologies,Information Technology,Electronic Equipment & Instruments,7468100000.0,2095400000.0,,2410400000.0,47100000.0,2363300000.0,14.239999999999998,364900000.0,35169500000.0,16469200000.0,18700300000.0,11319400000.0,98900874.0,2026-07-31,2026-07-28,SEC Company Facts,https://data.sec.gov/api/xbrl/companyfacts/CIK0000882835.json,2025-12-31,2024-12-31,2023-12-31,2022-12-31,2021-12-31,2026-02-24,2026-02-24,2026-02-24,2025-02-24,2024-02-22,7902500000.0,7039200000.0,6177800000.0,5371800000.0,4833800000.0,2235400000.0,1996800000.0,1745200000.0,1524500000.0,1241200000.0,1536300000.0,1549300000.0,1384200000.0,4544700000.0,1152600000.0,2540300000.0,2393200000.0,2035100000.0,734600000.0,2011900000.0,,,,,,,,,,,14.2,14.35,12.89,42.55,10.82,
ROST,0000745732,Ross Stores,Consumer Discretionary,Apparel Retail,21256123000.0,2600943000.0,2248961000.0,2397782000.0,791233000.0,1606549000.0,6.33,4130980000.0,15554572000.0,9249569000.0,6305003000.0,1018187000.0,320781076.0,2026-06-02,2026-05-15,SEC Company Facts,https://data.sec.gov/api/xbrl/companyfacts/CIK0000745732.json,2026-01-31,2025-02-01,2024-02-03,2023-01-28,2022-01-29,2026-03-31,2026-03-31,2026-03-31,2025-04-01,2024-04-02,22750559000.0,21129219000.0,20376941000.0,18695829000.0,18916244000.0,2707357000.0,2585586000.0,2307663000.0,1990331000.0,,2145044000.0,2090730000.0,1874520000.0,1512041000.0,1722589000.0,3026883000.0,2356988000.0,2514490000.0,1689373000.0,1738849000.0,819275000.0,720104000.0,762812000.0,654070000.0,557840000.0,2207608000.0,1636884000.0,1751678000.0,1035303000.0,1181009000.0,6.61,6.32,5.56,4.38,4.87,
RSG,0001060391,Republic Services,Industrials,Environmental & Facilities Services,16366000000.0,3314000000.0,2123000000.0,4159000000.0,1803000000.0,2356000000.0,6.76,107000000.0,35159000000.0,23127000000.0,12032000000.0,13710000000.0,306212978.0,2026-08-07,2026-07-30,SEC Company Facts,https://data.sec.gov/api/xbrl/companyfacts/CIK0001060391.json,2025-12-31,2024-12-31,2023-12-31,2022-12-31,2021-12-31,2026-02-18,2026-02-18,2026-02-18,2025-02-14,2024-02-29,16591000000.0,16032000000.0,14965000000.0,13511000000.0,11295000000.0,3302000000.0,3196000000.0,2780000000.0,2392000000.0,2076200000.0,2139000000.0,2044000000.0,1731000000.0,1488000000.0,1292300000.0,4296000000.0,3936000000.0,3618000000.0,3190000000.0,2786700000.0,1887000000.0,1855000000.0,1631000000.0,1454000000.0,1316300000.0,2409000000.0,2081000000.0,1987000000.0,1736000000.0,1470400000.0,6.85,6.49,5.47,4.69,4.04,
RTX,0000101829,RTX Corporation,Industrials,Aerospace & Defense,83599000000.0,8320000000.0,6445000000.0,5847000000.0,2664000000.0,3183000000.0,4.55,8305000000.0,173972000000.0,105828000000.0,66377000000.0,41078000000.0,1347758144.0,2026-07-23,2026-06-30,SEC Company Facts,https://data.sec.gov/api/xbrl/companyfacts/CIK0000101829.json,2025-12-31,2024-12-31,2023-12-31,2022-12-31,2021-12-31,2026-02-06,2026-02-06,2026-02-06,2025-02-03,2024-02-05,88603000000.0,80738000000.0,68920000000.0,67074000000.0,64388000000.0,9300000000.0,6538000000.0,3561000000.0,5504000000.0,5136000000.0,7069000000.0,5013000000.0,3380000000.0,5308000000.0,4112000000.0,10567000000.0,7159000000.0,7883000000.0,7168000000.0,7142000000.0,2627000000.0,2625000000.0,2415000000.0,2288000000.0,2134000000.0,7940000000.0,4534000000.0,5468000000.0,4880000000.0,5008000000.0,4.96,3.55,2.23,3.5,2.56,
RVTY,0000031791,Revvity,Health Care,Health Care Equipment,2911811000.0,358847000.0,237554000.0,627633000.0,69520000.0,558113000.0,2.0799999999999996,1022943000.0,12045834000.0,4817076000.0,7228758000.0,3014287000.0,111586401.0,2026-08-11,2026-08-06,SEC Company Facts,https://data.sec.gov/api/xbrl/companyfacts/CIK0000031791.json,2025-12-28,2024-12-29,2023-12-31,2023-01-01,2022-01-02,2026-02-24,2026-02-24,2026-02-24,2025-02-25,2024-02-27,2856051000.0,2755026000.0,2750571000.0,3311822000.0,3827808000.0,356635000.0,346741000.0,300562000.0,742699000.0,1258457000.0,241201000.0,270385000.0,693094000.0,569179000.0,943157000.0,582933000.0,628299000.0,91272000.0,679810000.0,1410750000.0,73522000.0,86648000.0,81368000.0,85632000.0,86020000.0,509411000.0,541651000.0,9904000.0,594178000.0,1324730000.0,2.07,2.2,5.55,4.5,8.08,
SBAC,0001034054,SBA Communications,Real Estate,Telecom Tower REITs,204495000.0,1427625000.0,878281000.0,1284093000.0,222343000.0,1061750000.0,8.15,327051000.0,11742320000.0,16372174000.0,-4629854000.0,12729222000.0,106088110.0,2026-08-06,2026-07-28,SEC Company Facts,https://data.sec.gov/api/xbrl/companyfacts/CIK0001034054.json,2025-12-31,2024-12-31,2023-12-31,2022-12-31,2021-12-31,2026-02-27,2026-02-27,2026-02-27,2025-02-26,2024-02-28,244498000.0,152869000.0,194649000.0,296879000.0,204747000.0,1342786000.0,1435763000.0,923659000.0,925408000.0,782495000.0,1054456000.0,748677000.0,497415000.0,459799000.0,237624000.0,1291328000.0,1334866000.0,1544393000.0,1285700000.0,1189896000.0,224819000.0,228149000.0,236698000.0,214443000.0,133694000.0,1066509000.0,1106717000.0,1307695000.0,1071257000.0,1056202000.0,9.8,6.94,4.61,4.22,2.14,
SBUX,0000829224,Starbucks,Consumer Discretionary,Restaurants,36689300000.0,3965300000.0,2633100000.0,4901300000.0,2647700000.0,2253600000.0,2.3100000000000005,3177500000.0,28294700000.0,35961800000.0,-7674300000.0,13278600000.0,1140000000.0,2026-07-29,2026-07-23,SEC Company Facts,https://data.sec.gov/api/xbrl/companyfacts/CIK0000829224.json,2025-09-28,2024-09-29,2023-10-01,2022-10-02,2021-10-03,2025-11-14,2025-11-14,2025-11-14,2024-11-20,2023-11-17,37184400000.0,36176200000.0,35975600000.0,32250300000.0,29060600000.0,2936600000.0,5408800000.0,5870800000.0,4617800000.0,4872100000.0,1856700000.0,3762300000.0,4124700000.0,3283400000.0,4200300000.0,4747500000.0,6095600000.0,6008700000.0,4397300000.0,5989100000.0,2305500000.0,2777500000.0,2333600000.0,1841300000.0,1470000000.0,2442000000.0,3318100000.0,3675100000.0,2556000000.0,4519100000.0,1.63,3.31,3.58,2.83,3.54,
SCHW,0000316709,Charles Schwab Corporation,Financials,Investment Banking & Brokerage,21626000000.0,,7283000000.0,17807000000.0,627000000.0,17180000000.0,3.7200000000000006,40580000000.0,517266000000.0,467119000000.0,50147000000.0,18914000000.0,1729335714.0,2026-08-07,2026-07-31,SEC Company Facts,https://data.sec.gov/api/xbrl/companyfacts/CIK0000316709.json,2025-12-31,2024-12-31,2023-12-31,2022-12-31,2021-12-31,2026-02-25,2026-02-25,2026-02-25,2025-02-26,2024-02-23,23921000000.0,19606000000.0,18837000000.0,20762000000.0,18520000000.0,,,,,,8852000000.0,5942000000.0,5067000000.0,7183000000.0,5855000000.0,9311000000.0,2670000000.0,19587000000.0,2057000000.0,2118000000.0,548000000.0,620000000.0,700000000.0,971000000.0,916000000.0,8763000000.0,2050000000.0,18887000000.0,1086000000.0,1202000000.0,4.65,2.99,2.54,3.5,2.83,
SHW,0000089800,Sherwin-Williams,Materials,Specialty Chemicals,23079900000.0,4409600000.0,865887000.0,3060700000.0,97885000.0,2962815000.0,10.080000000000002,293500000.0,26951400000.0,23096700000.0,3854700000.0,9825700000.0,242758151.0,2026-07-28,2026-06-30,SEC Company Facts,https://data.sec.gov/api/xbrl/companyfacts/CIK0000089800.json,2025-12-31,2024-12-31,2023-12-31,2022-12-31,2021-12-31,2026-02-19,2026-02-19,2026-02-19,2025-02-20,2024-02-20,23574300000.0,23098500000.0,23051900000.0,22148900000.0,19944600000.0,,,4161700000.0,3397200000.0,3083700000.0,2568500000.0,2681400000.0,2388800000.0,2020100000.0,1864400000.0,3451600000.0,3153200000.0,3521900000.0,1919900000.0,2244600000.0,797600000.0,1070000000.0,888400000.0,644500000.0,372000000.0,2654000000.0,2083200000.0,2633500000.0,1275400000.0,1872600000.0,10.26,10.55,9.25,7.72,6.98,
SJM,0000091419,J.M. Smucker Company (The),Consumer Staples,Packaged Foods & Meats,7359600000.0,360200000.0,-138700000.0,1473600000.0,317400000.0,1156200000.0,-1.3,48800000.0,16219400000.0,10675600000.0,5543800000.0,6542800000.0,106662133.0,2026-06-09,2026-06-02,SEC Company Facts,https://data.sec.gov/api/xbrl/companyfacts/CIK0000091419.json,2026-04-30,2025-04-30,2024-04-30,2023-04-30,2022-04-30,2026-06-09,2026-06-09,2026-06-09,2025-06-18,2024-06-18,,,,,,360200000.0,-673900000.0,1305800000.0,157500000.0,1023800000.0,-138700000.0,-1230800000.0,744000000.0,-91300000.0,631700000.0,1473600000.0,1210400000.0,1229400000.0,1194400000.0,1136300000.0,317400000.0,393800000.0,586500000.0,477400000.0,417500000.0,1156200000.0,816600000.0,642900000.0,717000000.0,718800000.0,-1.3,-11.57,7.13,-0.86,5.83,
SLB,0000087347,Schlumberger,Energy,Oil & Gas Equipment & Services,35478000000.0,6781000000.0,4213000000.0,6641000000.0,1838000000.0,4803000000.0,2.92,3172000000.0,55532000000.0,28278000000.0,26074000000.0,13115000000.0,1484143231.0,2026-07-29,2026-06-30,SEC Company Facts,https://data.sec.gov/api/xbrl/companyfacts/CIK0000087347.json,2025-12-31,2024-12-31,2023-12-31,2022-12-31,2021-12-31,2026-01-23,2026-01-23,2026-01-23,2025-01-22,2024-01-24,35708000000.0,36289000000.0,33135000000.0,28091000000.0,22929000000.0,,,6523000000.0,5011000000.0,3365000000.0,3451000000.0,4579000000.0,4275000000.0,3492000000.0,1928000000.0,6489000000.0,6602000000.0,6637000000.0,3720000000.0,4651000000.0,1694000000.0,1931000000.0,1939000000.0,1618000000.0,1141000000.0,4795000000.0,4671000000.0,4698000000.0,2102000000.0,3510000000.0,2.35,3.11,2.91,2.39,1.32,
SMCI,0001375365,Supermicro,Information Technology,"Technology Hardware, Storage & Peripherals",21569720000.0,1313089000.0,1174533000.0,148097000.0,118519000.0,29578000.0,1.84,1290324000.0,23452029000.0,15876438000.0,7575430000.0,133818000.0,601418482.0,2026-05-11,2026-04-30,SEC Company Facts,https://data.sec.gov/api/xbrl/companyfacts/CIK0001375365.json,2025-06-30,2024-06-30,2023-06-30,2022-06-30,2021-06-30,2025-08-28,2025-08-28,2025-08-28,2025-02-25,2023-08-28,21972042000.0,14989251000.0,7123482000.0,5196099000.0,3557422000.0,1252994000.0,1210774000.0,761142000.0,335167000.0,123947000.0,1048868000.0,1152665000.0,639991000.0,285162000.0,111871000.0,1659524000.0,-2485972000.0,663580000.0,-440801000.0,122955000.0,127214000.0,124279000.0,36793000.0,45182000.0,58016000.0,1532310000.0,-2610251000.0,626787000.0,-485983000.0,64939000.0,1.68,1.92,1.14,0.53,2.09,
SNA,0000091440,Snap-on,Industrials,Industrial Machinery & Supplies & Components,4634600000.0,1296700000.0,1025200000.0,1103400000.0,,,18.77,1644700000.0,8640900000.0,2574600000.0,6041300000.0,904400000.0,51727124.0,2026-07-23,2026-07-17,SEC Company Facts,https://data.sec.gov/api/xbrl/companyfacts/CIK0000091440.json,2026-01-03,2024-12-28,2023-12-30,2022-12-31,2022-01-01,2026-02-12,2026-02-12,2026-02-12,2025-02-13,2024-02-16,4709300000.0,4677600000.0,4703200000.0,4842500000.0,4601700000.0,1327700000.0,1345700000.0,1310400000.0,1207200000.0,1123500000.0,1042300000.0,1068900000.0,1034600000.0,933900000.0,841400000.0,1081700000.0,1217500000.0,1154200000.0,675200000.0,966600000.0,,,,,,,,,,,19.19,19.51,18.76,16.82,14.92,
SNDK,0002023554,Sandisk,Information Technology,"Technology Hardware, Storage & Peripherals",13184000000.0,5370000000.0,4507000000.0,4639000000.0,179000000.0,4460000000.0,29.26,3735000000.0,17075000000.0,3298000000.0,13777000000.0,0.0,148089758.0,2026-05-01,2026-04-24,SEC Company Facts,https://data.sec.gov/api/xbrl/companyfacts/CIK0002023554.json,2025-06-27,2024-06-28,2023-06-30,,,2025-08-21,2025-08-21,2025-08-21,,,7355000000.0,6663000000.0,6086000000.0,,,-1377000000.0,-468000000.0,-2035000000.0,,,-1641000000.0,-672000000.0,-2143000000.0,,,84000000.0,-309000000.0,-713000000.0,,,204000000.0,166000000.0,219000000.0,,,-120000000.0,-475000000.0,-932000000.0,,,-11.32,-4.63,-14.78,,,
SNPS,0000883241,Synopsys,Information Technology,Application Software,6221316000.0,1299278000.0,2143035000.0,1226139000.0,157040000.0,1069099000.0,13.85,2412472000.0,46889027000.0,16411962000.0,30478131000.0,10013845000.0,191479325.0,2026-05-27,2026-05-22,SEC Company Facts,https://data.sec.gov/api/xbrl/companyfacts/CIK0000883241.json,2025-10-31,2024-10-31,2023-10-31,2022-10-31,2021-10-31,2025-12-22,2025-12-22,2025-12-22,2024-12-19,2023-12-12,7054178000.0,6127436000.0,5318014000.0,4615714000.0,4204193000.0,914927000.0,1355711000.0,1273239000.0,1148714000.0,734790000.0,1333251000.0,2235810000.0,1218125000.0,978436000.0,756359000.0,1518608000.0,1407029000.0,1703274000.0,1738900000.0,1492622000.0,169454000.0,139500000.0,189618000.0,136589000.0,93764000.0,1349154000.0,1267529000.0,1513656000.0,1602311000.0,1398858000.0,8.04,14.51,7.92,6.29,4.81,
SO,0000092122,Southern Company,Utilities,Electric Utilities,27853000000.0,7375000000.0,4731000000.0,9727000000.0,9622000000.0,105000000.0,4.17,981000000.0,157031000000.0,117119000000.0,36016000000.0,,1127301098.0,2026-04-30,2026-03-31,SEC Company Facts,https://data.sec.gov/api/xbrl/companyfacts/CIK0000092122.json,2025-12-31,2024-12-31,2023-12-31,2022-12-31,2021-12-31,2026-02-19,2026-02-19,2026-02-19,2025-02-20,2024-02-15,29553000000.0,26724000000.0,25253000000.0,29279000000.0,23113000000.0,7285000000.0,7068000000.0,5826000000.0,5370000000.0,3698000000.0,4171000000.0,4260000000.0,3849000000.0,3428000000.0,2309000000.0,9802000000.0,9788000000.0,7553000000.0,6302000000.0,6169000000.0,12737000000.0,8955000000.0,9095000000.0,7923000000.0,7586000000.0,-2935000000.0,833000000.0,-1542000000.0,-1621000000.0,-1417000000.0,3.92,3.99,3.62,3.26,2.24,
SOLV,0001964738,Solventum,Health Care,Health Care Technology,8388000000.0,778000000.0,380000000.0,586000000.0,439000000.0,147000000.0,2.1799999999999997,403000000.0,14243000000.0,9443000000.0,4800000000.0,5079000000.0,170223729.0,2026-08-05,2026-07-31,SEC Company Facts,https://data.sec.gov/api/xbrl/companyfacts/CIK0001964738.json,2025-12-31,2024-12-31,2023-12-31,2022-12-31,,2026-02-27,2026-02-27,2026-02-27,2025-02-28,,8325000000.0,8254000000.0,8197000000.0,8130000000.0,,2181000000.0,1036000000.0,1692000000.0,1693000000.0,,1556000000.0,479000000.0,1346000000.0,1343000000.0,,369000000.0,1185000000.0,1915000000.0,1679000000.0,,379000000.0,380000000.0,290000000.0,251000000.0,,-10000000.0,805000000.0,1625000000.0,1428000000.0,,8.88,2.76,7.79,7.78,,
SPG,0001063761,Simon Property Group,Real Estate,Retail REITs,6034414000.0,3075329000.0,2439971000.0,4020951000.0,878467000.0,3142484000.0,6.470000000000001,1019091000.0,39709266000.0,33862739000.0,4434416000.0,28699607000.0,0.0,2026-08-10,2026-06-30,SEC Company Facts,https://data.sec.gov/api/xbrl/companyfacts/CIK0001063761.json,2025-12-31,2024-12-31,2023-12-31,2022-12-31,2021-12-31,2026-02-25,2026-02-25,2026-02-25,2025-02-21,2024-02-22,6364505000.0,5963798000.0,5658836000.0,5291447000.0,5116789000.0,3175396000.0,3092796000.0,2807022000.0,2583553000.0,2413190000.0,5364120000.0,2729021000.0,2617018000.0,2452385000.0,2568707000.0,4136551000.0,3814655000.0,3930793000.0,3766604000.0,3637402000.0,934346000.0,755584000.0,793283000.0,650024000.0,527935000.0,3202205000.0,3059071000.0,3137510000.0,3116580000.0,3109467000.0,14.17,7.26,6.98,6.52,6.84,
SPGI,0000064040,S&P Global,Financials,Financial Exchanges & Data,14494000000.0,5773000000.0,4270000000.0,5694000000.0,72144000.0,5621856000.0,12.73,1810000000.0,60792000000.0,24587000000.0,31173000000.0,13318000000.0,296000000.0,2026-04-28,2026-04-24,SEC Company Facts,https://data.sec.gov/api/xbrl/companyfacts/CIK0000064040.json,2025-12-31,2024-12-31,2023-12-31,2022-12-31,2021-12-31,2026-02-11,2026-02-11,2026-02-11,2024-02-09,2024-02-09,15336000000.0,14208000000.0,12497000000.0,11181000000.0,8297000000.0,6478000000.0,5580000000.0,4020000000.0,4944000000.0,4221000000.0,4820000000.0,4167000000.0,2893000000.0,3522000000.0,3263000000.0,5651000000.0,5689000000.0,3710000000.0,2603000000.0,3598000000.0,195000000.0,124000000.0,143000000.0,89000000.0,35000000.0,5456000000.0,5565000000.0,3567000000.0,2514000000.0,3563000000.0,14.66,12.35,8.23,10.2,12.51,
SRE,0001032208,Sempra,Utilities,Multi-Utilities,11802000000.0,,3538000000.0,4538000000.0,5225000000.0,-687000000.0,4.55,794000000.0,113518000000.0,81279000000.0,32239000000.0,,653690046.0,2026-05-07,2026-05-04,SEC Company Facts,https://data.sec.gov/api/xbrl/companyfacts/CIK0001032208.json,2025-12-31,2024-12-31,2023-12-31,2022-12-31,2021-12-31,2026-02-26,2026-02-26,2026-02-26,2025-02-25,2024-02-27,12418000000.0,11818000000.0,14848000000.0,13722000000.0,11676000000.0,,,,,,2072000000.0,3500000000.0,3618000000.0,2285000000.0,1463000000.0,4565000000.0,4907000000.0,6218000000.0,1142000000.0,3842000000.0,10612000000.0,8215000000.0,8397000000.0,5357000000.0,5015000000.0,-6047000000.0,-3308000000.0,-2179000000.0,-4215000000.0,-1173000000.0,2.75,4.42,4.79,3.31,2.01,
STE,0001757898,Steris,Health Care,Health Care Equipment,5571100000.0,927100000.0,648600000.0,1264400000.0,355600000.0,908800000.0,7.93,482300000.0,10736100000.0,3514800000.0,7206700000.0,1650200000.0,97500110.0,2026-08-07,2026-08-04,SEC Company Facts,https://data.sec.gov/api/xbrl/companyfacts/CIK0001757898.json,2026-03-31,2025-03-31,2024-03-31,2023-03-31,2022-03-31,2026-05-29,2026-05-29,2026-05-29,2025-05-29,2024-05-29,5935900000.0,5459500000.0,5138700000.0,4536266000.0,4223403000.0,1101800000.0,866600000.0,836100000.0,791101000.0,477815000.0,785100000.0,616100000.0,380100000.0,105813000.0,242870000.0,1341400000.0,1148100000.0,973300000.0,756947000.0,684811000.0,369000000.0,370100000.0,360300000.0,361969000.0,287563000.0,972400000.0,778000000.0,613000000.0,394978000.0,397248000.0,7.93,6.2,3.81,1.07,2.48,
STLD,0001022671,Steel Dynamics,Materials,Steel,17148071000.0,1290938000.0,1049636000.0,1560939000.0,1668367000.0,-107428000.0,6.89,567708000.0,17113399000.0,7750328000.0,9419532000.0,4182142000.0,143328088.0,2026-07-28,2026-07-23,SEC Company Facts,https://data.sec.gov/api/xbrl/companyfacts/CIK0001022671.json,2025-12-31,2024-12-31,2023-12-31,2022-12-31,2021-12-31,2026-02-27,2026-02-27,2026-02-27,2025-02-28,2024-02-29,18176581000.0,17540390000.0,18795316000.0,22260774000.0,18408850000.0,1475986000.0,1943037000.0,3151181000.0,5091822000.0,4301105000.0,1187311000.0,1549956000.0,2467332000.0,3879492000.0,3246814000.0,1449534000.0,1844503000.0,3519928000.0,4460403000.0,2204136000.0,948025000.0,1868006000.0,1657905000.0,908902000.0,1006239000.0,501509000.0,-23503000.0,1862023000.0,3551501000.0,1197897000.0,7.99,9.84,14.64,20.92,15.56,
STT,0000093751,State Street Corporation,Financials,Asset Management & Custody Banks,13403000000.0,,2850000000.0,-10767000000.0,1028000000.0,-11795000000.0,8.900000000000002,4290000000.0,418381000000.0,390113000000.0,28268000000.0,11834000000.0,274701765.0,2026-07-30,2026-07-28,SEC Company Facts,https://data.sec.gov/api/xbrl/companyfacts/CIK0000093751.json,2025-12-31,2024-12-31,2023-12-31,2022-12-31,2021-12-31,2026-02-19,2026-02-19,2026-02-19,2025-02-13,2024-02-15,13944000000.0,13000000000.0,11945000000.0,12148000000.0,12027000000.0,,,,,,2945000000.0,2687000000.0,1944000000.0,2774000000.0,2693000000.0,11898000000.0,-13210000000.0,690000000.0,11954000000.0,-6710000000.0,1055000000.0,926000000.0,816000000.0,734000000.0,811000000.0,10843000000.0,-14136000000.0,-126000000.0,11220000000.0,-7521000000.0,9.4,8.21,5.58,7.19,7.19,
STX,0001137789,Seagate Technology,Information Technology,"Technology Hardware, Storage & Peripherals",12195000000.0,4094000000.0,248000000.0,3674000000.0,569000000.0,3105000000.0,13.9,1704000000.0,9972000000.0,7805000000.0,2167000000.0,3565000000.0,226644518.0,2026-08-04,2026-07-31,SEC Company Facts,https://data.sec.gov/api/xbrl/companyfacts/CIK0001137789.json,2026-07-03,2025-06-27,2024-06-28,2023-06-30,2022-07-01,2026-08-04,2026-08-04,2026-08-04,2025-08-01,2024-08-02,12195000000.0,9097000000.0,6551000000.0,7384000000.0,11661000000.0,4094000000.0,1890000000.0,452000000.0,-342000000.0,1955000000.0,3184000000.0,1469000000.0,335000000.0,-529000000.0,1649000000.0,3674000000.0,1083000000.0,918000000.0,942000000.0,1657000000.0,569000000.0,265000000.0,254000000.0,316000000.0,381000000.0,3105000000.0,818000000.0,664000000.0,626000000.0,1276000000.0,13.9,6.77,1.58,-2.56,7.36,
STZ,0000016918,Constellation Brands,Consumer Staples,Distillers & Vintners,10061900000.0,127100000.0,,3098900000.0,1031600000.0,2067300000.0,,96600000.0,22108700000.0,13558900000.0,8255600000.0,10197500000.0,,2026-07-01,2026-05-31,SEC Company Facts,https://data.sec.gov/api/xbrl/companyfacts/CIK0000016918.json,2026-02-28,2025-02-28,2024-02-29,2023-02-28,2022-02-28,2026-04-22,2026-04-22,2026-04-22,2025-04-23,2024-04-23,9139000000.0,10208700000.0,9961800000.0,9452600000.0,8820700000.0,2721400000.0,354900000.0,3169700000.0,2842900000.0,2331700000.0,1686700000.0,-81400000.0,1727400000.0,-71000000.0,-40400000.0,2669000000.0,3152200000.0,2780000000.0,2756900000.0,2705400000.0,875000000.0,1214100000.0,1269100000.0,1035400000.0,1026800000.0,1794000000.0,1938100000.0,1510900000.0,1721500000.0,1678600000.0,,,,,,
SW,0002005951,Smurfit Westrock,Materials,Paper & Plastic Packaging Products & Materials,30806000000.0,1260000000.0,352000000.0,2165000000.0,2080000000.0,85000000.0,0.26,677000000.0,45201000000.0,27141000000.0,18036000000.0,13223000000.0,524522908.0,2026-07-31,2026-07-24,SEC Company Facts,https://data.sec.gov/api/xbrl/companyfacts/CIK0002005951.json,2025-12-31,2024-12-31,2023-12-31,2022-12-31,,2026-02-27,2026-02-27,2026-02-27,2025-03-07,,31179000000.0,21109000000.0,12093000000.0,13509000000.0,,1719000000.0,1007000000.0,1372000000.0,1558000000.0,,699000000.0,319000000.0,826000000.0,1035000000.0,,3392000000.0,1483000000.0,1559000000.0,1433000000.0,,2192000000.0,1466000000.0,929000000.0,930000000.0,,1200000000.0,17000000.0,630000000.0,503000000.0,,1.33,0.82,3.17,3.96,,
SWK,0000093556,Stanley Black & Decker,Industrials,Industrial Machinery & Supplies & Components,15161600000.0,1635100000.0,294300000.0,759200000.0,345600000.0,413600000.0,3.17,592400000.0,20093500000.0,11134700000.0,8958800000.0,4757900000.0,151016641.0,2026-07-29,2026-07-24,SEC Company Facts,https://data.sec.gov/api/xbrl/companyfacts/CIK0000093556.json,2026-01-03,2024-12-28,2023-12-30,2022-12-31,2022-01-01,2026-02-24,2026-02-24,2026-02-24,2025-02-18,2024-02-27,15130400000.0,15365700000.0,15781100000.0,16947400000.0,15281300000.0,,,,,,401900000.0,294300000.0,-310500000.0,1062700000.0,1687500000.0,971200000.0,1106900000.0,1191300000.0,-1459500000.0,663100000.0,283300000.0,353900000.0,338700000.0,530400000.0,519100000.0,687900000.0,753000000.0,852600000.0,-1989900000.0,144000000.0,2.65,1.95,-2.07,6.76,10.16,
SWKS,0000004127,Skyworks Solutions,Information Technology,Semiconductors,4011700000.0,448400000.0,396200000.0,1576900000.0,221800000.0,1355100000.0,2.5100000000000002,790000000.0,7425000000.0,1686700000.0,5738300000.0,496900000.0,150472782.0,2026-07-28,2026-07-23,SEC Company Facts,https://data.sec.gov/api/xbrl/companyfacts/CIK0000004127.json,2025-10-03,2024-09-27,2023-09-29,2022-09-30,2021-10-01,2025-11-07,2025-11-07,2025-11-07,2024-11-15,2023-11-17,4086900000.0,4178000000.0,4772400000.0,5485500000.0,5109100000.0,500000000.0,637400000.0,1125000000.0,1527000000.0,1612700000.0,477100000.0,596000000.0,982800000.0,1275200000.0,1498300000.0,1300800000.0,1824700000.0,1856400000.0,1424600000.0,1772000000.0,195000000.0,157000000.0,210300000.0,489400000.0,637800000.0,1105800000.0,1667700000.0,1646100000.0,935200000.0,1134200000.0,3.08,3.69,6.13,7.81,8.97,
SYF,0001601712,Synchrony Financial,Financials,Consumer Finance,,,3287000000.0,9876000000.0,,,8.23,16193000000.0,121930000000.0,105033000000.0,16897000000.0,16432000000.0,325370840.0,2026-07-23,2026-07-17,SEC Company Facts,https://data.sec.gov/api/xbrl/companyfacts/CIK0001601712.json,2025-12-31,2024-12-31,2023-12-31,2022-12-31,2021-12-31,2026-02-06,2026-02-06,2026-02-06,2025-02-07,2024-02-08,,,,,,,,,,,3552000000.0,3499000000.0,2238000000.0,3016000000.0,4221000000.0,9851000000.0,9848000000.0,8593000000.0,6694000000.0,7099000000.0,,,,,,,,,,,9.28,8.55,5.19,6.15,7.34,
SYK,0000310764,Stryker Corporation,Health Care,Health Care Equipment,23818000000.0,3616000000.0,2918000000.0,4766000000.0,742000000.0,4024000000.0,7.55,3391000000.0,47930000000.0,23942000000.0,11730000000.0,14942000000.0,383573046.0,2026-07-31,2026-06-30,SEC Company Facts,https://data.sec.gov/api/xbrl/companyfacts/CIK0000310764.json,2025-12-31,2024-12-31,2023-12-31,2022-12-31,2021-12-31,2026-02-11,2026-02-11,2026-02-11,2025-02-12,2024-02-14,25116000000.0,22595000000.0,20498000000.0,18449000000.0,17108000000.0,4889000000.0,3689000000.0,3888000000.0,2841000000.0,2584000000.0,3246000000.0,2993000000.0,3165000000.0,2358000000.0,1994000000.0,5044000000.0,4242000000.0,3711000000.0,2624000000.0,3263000000.0,761000000.0,755000000.0,575000000.0,588000000.0,525000000.0,4283000000.0,3487000000.0,3136000000.0,2036000000.0,2738000000.0,8.4,7.76,8.25,6.17,5.21,
SYY,0000096021,Sysco,Consumer Staples,Food Distributors,80788000000.0,3176000000.0,1410750000.0,2933000000.0,834000000.0,2099000000.0,3.87,1900000000.0,27983000000.0,25686000000.0,2297000000.0,10588184000.0,478182608.0,2026-04-29,2026-04-10,SEC Company Facts,https://data.sec.gov/api/xbrl/companyfacts/CIK0000096021.json,2025-06-28,2024-06-29,2023-07-01,2022-07-02,2021-07-03,2025-08-22,2025-08-22,2025-08-22,2024-08-28,2023-08-25,81370000000.0,78844000000.0,76325000000.0,68636000000.0,51297843000.0,3088000000.0,3202000000.0,3039000000.0,2346000000.0,1447188000.0,1828000000.0,1955000000.0,1770000000.0,1359000000.0,524209000.0,2510000000.0,2989000000.0,2868000000.0,1791000000.0,1903842000.0,906000000.0,832000000.0,793000000.0,633000000.0,470676000.0,1604000000.0,2157000000.0,2075000000.0,1158000000.0,1433166000.0,3.73,3.89,3.47,2.64,1.02,
T,0000732717,AT&T,Communication Services,Integrated Telecommunication Services,,19697000000.0,14106000000.0,40284000000.0,20647000000.0,19637000000.0,1.75,17570000000.0,428359000000.0,279032000000.0,126434000000.0,69637000000.0,6852385650.0,2026-07-22,2026-07-16,SEC Company Facts,https://data.sec.gov/api/xbrl/companyfacts/CIK0000732717.json,2025-12-31,2024-12-31,2023-12-31,2022-12-31,2021-12-31,2026-02-09,2026-02-09,2026-02-09,2025-02-12,2024-02-23,125648000000.0,122336000000.0,122428000000.0,120741000000.0,134038000000.0,24162000000.0,19049000000.0,23461000000.0,-4587000000.0,25897000000.0,23386000000.0,12253000000.0,15623000000.0,-7055000000.0,21479000000.0,40284000000.0,38771000000.0,38314000000.0,35812000000.0,37170000000.0,20842000000.0,20263000000.0,17853000000.0,19626000000.0,15545000000.0,19442000000.0,18508000000.0,20461000000.0,16186000000.0,21625000000.0,3.04,1.49,1.97,-1.13,2.73,
TAP,0000024545,Molson Coors Beverage Company,Consumer Staples,Brewers,13277100000.0,1609200000.0,1069900000.0,1643300000.0,682500000.0,960800000.0,5.0699999999999985,2128100000.0,24359000000.0,13950300000.0,10119500000.0,7709600000.0,0.0,2026-08-06,2026-06-30,SEC Company Facts,https://data.sec.gov/api/xbrl/companyfacts/CIK0000024545.json,2025-12-31,2024-12-31,2023-12-31,2022-12-31,2021-12-31,2026-02-18,2026-02-18,2026-02-18,2025-02-18,2024-02-20,13040300000.0,13734300000.0,13884600000.0,12807500000.0,12449900000.0,-2336900000.0,1753200000.0,1438200000.0,157500000.0,1454400000.0,-2180200000.0,1157700000.0,956400000.0,-186500000.0,1008500000.0,1784400000.0,1910300000.0,2079000000.0,1502000000.0,1573500000.0,716600000.0,674100000.0,671500000.0,661400000.0,522600000.0,1067800000.0,1236200000.0,1407500000.0,840600000.0,1050900000.0,-10.75,5.35,4.37,-0.81,,
TDG,0001260221,TransDigm Group,Industrials,Aerospace & Defense,7940000000.0,3947000000.0,1932000000.0,2103000000.0,197000000.0,1906000000.0,30.12,2773000000.0,26754000000.0,36473000000.0,-9809000000.0,19533000000.0,55276525.0,2026-08-04,2026-07-31,SEC Company Facts,https://data.sec.gov/api/xbrl/companyfacts/CIK0001260221.json,2025-09-30,2024-09-30,2023-09-30,2022-09-30,2021-09-30,2025-11-12,2025-11-12,2025-11-12,2024-11-07,2023-11-09,8831000000.0,7940000000.0,6585000000.0,5429000000.0,4798000000.0,4165000000.0,3531000000.0,2923000000.0,2215000000.0,1691000000.0,2074000000.0,1715000000.0,1299000000.0,867000000.0,681000000.0,2038000000.0,2045000000.0,1375000000.0,948000000.0,913000000.0,222000000.0,165000000.0,139000000.0,119000000.0,105000000.0,1816000000.0,1880000000.0,1236000000.0,829000000.0,808000000.0,32.08,25.62,22.03,13.4,10.41,
TDY,0001094285,Teledyne Technologies,Information Technology,Electronic Equipment & Instruments,5909400000.0,1045300000.0,860500000.0,1051400000.0,98400000.0,953000000.0,18.130000000000003,340100000.0,15280400000.0,4361900000.0,10918500000.0,2027000000.0,46355673.0,2026-07-24,2026-07-15,SEC Company Facts,https://data.sec.gov/api/xbrl/companyfacts/CIK0001094285.json,2025-12-28,2024-12-29,2023-12-31,2023-01-01,2022-01-02,2026-02-20,2026-02-20,2026-02-20,2025-02-21,2024-02-23,6115400000.0,5670000000.0,5635500000.0,5458600000.0,4614300000.0,1149800000.0,989100000.0,1034400000.0,972000000.0,624300000.0,895700000.0,820700000.0,886600000.0,788900000.0,445300000.0,1191300000.0,1191900000.0,836100000.0,486800000.0,824600000.0,117300000.0,83700000.0,114900000.0,92600000.0,101600000.0,1074000000.0,1108200000.0,721200000.0,394200000.0,723000000.0,18.88,17.21,18.49,16.53,10.05,
TECH,0000842023,Bio-Techne,Health Care,Life Sciences Tools & Services,1208770000.0,171938000.0,131666000.0,264851000.0,44096000.0,220755000.0,0.8300000000000001,209819000.0,2550601000.0,465297000.0,2085304000.0,12500000.0,156568751.0,2026-05-06,2026-04-29,SEC Company Facts,https://data.sec.gov/api/xbrl/companyfacts/CIK0000842023.json,2025-06-30,2024-06-30,2023-06-30,2022-06-30,2021-06-30,2025-08-22,2025-08-22,2025-08-22,2024-08-22,2023-08-23,1219635000.0,1159060000.0,1136702000.0,1105599000.0,931032000.0,102255000.0,206686000.0,298944000.0,296590000.0,237296000.0,73400000.0,168105000.0,285442000.0,263099000.0,139585000.0,287556000.0,298981000.0,254393000.0,325272000.0,352164000.0,31006000.0,62877000.0,38244000.0,44908000.0,44301000.0,256550000.0,236104000.0,216149000.0,280364000.0,307863000.0,0.46,1.05,1.76,1.66,0.87,
TEL,0001385157,TE Connectivity,Information Technology,Electronic Manufacturing Services,16581000000.0,2946000000.0,1455000000.0,3760000000.0,878000000.0,2882000000.0,4.85,1239000000.0,26070000000.0,12677000000.0,12449000000.0,5632000000.0,289513228.0,2026-07-24,2026-07-20,SEC Company Facts,https://data.sec.gov/api/xbrl/companyfacts/CIK0001385157.json,2025-09-26,2024-09-27,2023-09-29,2022-09-30,2021-09-24,2025-11-10,2025-11-10,2025-11-10,2024-11-12,2023-11-13,17262000000.0,15845000000.0,16034000000.0,16281000000.0,14923000000.0,3211000000.0,2796000000.0,2304000000.0,2756000000.0,2434000000.0,1842000000.0,3193000000.0,1910000000.0,2428000000.0,2261000000.0,4139000000.0,3477000000.0,3132000000.0,2468000000.0,2676000000.0,936000000.0,680000000.0,732000000.0,768000000.0,690000000.0,3203000000.0,2797000000.0,2400000000.0,1700000000.0,1986000000.0,6.16,10.33,6.03,7.47,6.79,
TER,0000097210,Teradyne,Information Technology,Semiconductor Materials & Equipment,2294056000.0,517197000.0,469171000.0,792554000.0,223655000.0,568899000.0,2.88,349538000.0,4925617000.0,1452304000.0,3437162000.0,357722000.0,156340750.0,2026-07-31,2026-07-27,SEC Company Facts,https://data.sec.gov/api/xbrl/companyfacts/CIK0000097210.json,2025-12-31,2024-12-31,2023-12-31,2022-12-31,2021-12-31,2026-02-19,2026-02-19,2026-02-19,2025-02-20,2024-02-22,3190024000.0,2819880000.0,2676298000.0,3155045000.0,3702881000.0,650051000.0,593788000.0,501068000.0,831939000.0,1200720000.0,554047000.0,542372000.0,448752000.0,715501000.0,1014589000.0,674415000.0,672176000.0,585231000.0,577923000.0,1098366000.0,224009000.0,198095000.0,159642000.0,163249000.0,132472000.0,450406000.0,474081000.0,425589000.0,414674000.0,965894000.0,3.47,3.32,2.73,4.22,5.53,
TFC,0000092230,Truist Financial,Financials,Diversified Banks,,,5219000000.0,3969000000.0,564000000.0,3405000000.0,3.71,20295000000.0,556023000000.0,491928000000.0,64095000000.0,42976000000.0,1221626188.0,2026-07-31,2026-06-30,SEC Company Facts,https://data.sec.gov/api/xbrl/companyfacts/CIK0000092230.json,2025-12-31,2024-12-31,2023-12-31,2022-12-31,2021-12-31,2026-02-24,2026-02-24,2026-02-24,2025-02-25,2024-02-27,,,,,,,,,,,5307000000.0,4840000000.0,-1047000000.0,6267000000.0,6437000000.0,5739000000.0,2164000000.0,8631000000.0,11081000000.0,7892000000.0,,,,564000000.0,442000000.0,,,,10517000000.0,7450000000.0,3.82,3.36,-1.09,4.43,4.47,
TGT,0000027419,Target Corporation,Consumer Staples,Consumer Staples Merchandise Retail,105881000000.0,5742000000.0,2983000000.0,6541000000.0,3007000000.0,3534000000.0,9.1,2680000000.0,58010000000.0,41615000000.0,16395000000.0,14815000000.0,454191112.0,2026-05-29,2026-05-22,SEC Company Facts,https://data.sec.gov/api/xbrl/companyfacts/CIK0000027419.json,2026-01-31,2025-02-01,2024-02-03,2023-01-28,2022-01-29,2026-03-11,2026-03-11,2026-03-11,2025-03-12,2024-03-13,104780000000.0,106566000000.0,107412000000.0,109120000000.0,106005000000.0,5117000000.0,5566000000.0,5707000000.0,3848000000.0,8946000000.0,3705000000.0,4091000000.0,4138000000.0,2780000000.0,6946000000.0,6562000000.0,7367000000.0,8621000000.0,4018000000.0,8625000000.0,3727000000.0,2891000000.0,4806000000.0,5528000000.0,3544000000.0,2835000000.0,4476000000.0,3815000000.0,-1510000000.0,5081000000.0,8.13,8.86,8.94,5.98,14.1,
TJX,0000109198,TJX Companies,Consumer Discretionary,Apparel Retail,28199051000.0,4763227000.0,2137396000.0,5773000000.0,1996000000.0,3777000000.0,4.25,5580000000.0,36158000000.0,25755000000.0,10403000000.0,2870000000.0,1104704446.0,2026-05-29,2026-05-22,SEC Company Facts,https://data.sec.gov/api/xbrl/companyfacts/CIK0000109198.json,2026-01-31,2025-02-01,2024-02-03,2023-01-28,2022-01-29,2026-03-31,2026-03-31,2026-03-31,2025-04-02,2024-04-03,,,,,,,,,,,5494000000.0,4864000000.0,4474000000.0,3498000000.0,3283000000.0,6874000000.0,6116000000.0,6057000000.0,4084000000.0,3057000000.0,1957000000.0,1918000000.0,1722000000.0,1457000000.0,1045000000.0,4917000000.0,4198000000.0,4335000000.0,2627000000.0,2012000000.0,4.87,4.26,3.86,2.97,2.7,
TKO,0001973266,TKO Group Holdings,Communication Services,Movies & Entertainment,5045844000.0,695339000.0,381246000.0,793127000.0,,,2.4400000000000004,592485000.0,16263718000.0,7898410000.0,3395932000.0,4629225000.0,,2026-08-03,2026-06-30,SEC Company Facts,https://data.sec.gov/api/xbrl/companyfacts/CIK0001973266.json,2025-12-31,2024-12-31,2023-12-31,2022-12-31,2021-12-31,2026-02-25,2026-02-25,2026-02-25,2025-02-26,2024-02-27,4735151000.0,4884241000.0,3224796000.0,1140147000.0,1031944000.0,835015000.0,30946000.0,375780000.0,544387000.0,391137000.0,546290000.0,-245677000.0,142999000.0,389022000.0,273625000.0,1285725000.0,586084000.0,266159000.0,501723000.0,441235000.0,,,,,,,,,,,2.26,0.02,-0.43,,,
TMO,0000097745,Thermo Fisher Scientific,Health Care,Life Sciences Tools & Services,43212000000.0,7405000000.0,6583000000.0,7578000000.0,1408000000.0,6170000000.0,17.29,4064000000.0,113174000000.0,60495000000.0,52679000000.0,22141000000.0,369747286.0,2026-07-31,2026-06-27,SEC Company Facts,https://data.sec.gov/api/xbrl/companyfacts/CIK0000097745.json,2025-12-31,2024-12-31,2023-12-31,2022-12-31,2021-12-31,2026-02-26,2026-02-26,2026-02-26,2025-02-20,2024-02-22,44556000000.0,42879000000.0,42857000000.0,44915000000.0,39211000000.0,7746000000.0,7337000000.0,6859000000.0,8393000000.0,10028000000.0,6721000000.0,6338000000.0,5955000000.0,6960000000.0,7728000000.0,7818000000.0,8667000000.0,8406000000.0,9154000000.0,9312000000.0,1525000000.0,1400000000.0,1479000000.0,2243000000.0,2523000000.0,6293000000.0,7267000000.0,6927000000.0,6911000000.0,6789000000.0,17.74,16.53,15.45,17.63,19.46,
TMUS,0001283699,T-Mobile US,Communication Services,Wireless Telecommunication Services,84052000000.0,19395000000.0,12215000000.0,25527000000.0,9020000000.0,16507000000.0,10.59,2825000000.0,213553000000.0,10270605000.0,56265000000.0,81622000000.0,1072671613.0,2026-07-23,2026-07-17,SEC Company Facts,https://data.sec.gov/api/xbrl/companyfacts/CIK0001283699.json,2025-12-31,2024-12-31,2023-12-31,2022-12-31,2021-12-31,2026-02-11,2026-02-11,2026-02-11,2025-01-31,2024-02-02,88309000000.0,81400000000.0,78558000000.0,79571000000.0,80118000000.0,18279000000.0,18010000000.0,14266000000.0,6543000000.0,6892000000.0,10992000000.0,11339000000.0,8317000000.0,2590000000.0,3024000000.0,27950000000.0,22293000000.0,18559000000.0,16781000000.0,13917000000.0,9955000000.0,8840000000.0,9801000000.0,13970000000.0,12326000000.0,17995000000.0,13453000000.0,8758000000.0,2811000000.0,1591000000.0,9.72,9.66,6.93,2.06,2.41,
TPL,0001811074,Texas Pacific Land Corporation,Energy,Oil & Gas Exploration & Production,742873000.0,563699000.0,461746000.0,522765000.0,17071000.0,505694000.0,0.05000000000000071,248612000.0,1859474000.0,187076000.0,1672398000.0,,68974683.0,2026-08-05,2026-07-31,SEC Company Facts,https://data.sec.gov/api/xbrl/companyfacts/CIK0001811074.json,2025-12-31,2024-12-31,2023-12-31,2022-12-31,2021-12-31,2026-02-18,2026-02-18,2026-02-18,2025-02-19,2024-02-21,798190000.0,705823000.0,631595000.0,667422000.0,450958000.0,592161000.0,539138000.0,486053000.0,562307000.0,362393000.0,481376000.0,453960000.0,405645000.0,446362000.0,269980000.0,545910000.0,490672000.0,418288000.0,447149000.0,265163000.0,,,,18967000.0,16415000.0,,,,428182000.0,248748000.0,6.97,6.57,5.86,19.26,34.83,
TPR,0001116132,"Tapestry, Inc.",Consumer Discretionary,"Apparel, Accessories & Luxury Goods",8004200000.0,1914400000.0,730351000.0,1978500000.0,166000000.0,1812500000.0,7.27,974700000.0,6691700000.0,5999600000.0,692100000.0,2396600000.0,199391678.0,2026-08-13,2026-07-31,SEC Company Facts,https://data.sec.gov/api/xbrl/companyfacts/CIK0001116132.json,2026-06-27,2025-06-28,2024-06-29,2023-07-01,2022-07-02,2026-08-13,2026-08-13,2026-08-13,2025-08-14,2024-08-15,8004200000.0,7010700000.0,6671200000.0,6660900000.0,6684500000.0,1914400000.0,415000000.0,1140100000.0,1172400000.0,1175800000.0,1527700000.0,183200000.0,816000000.0,936000000.0,856300000.0,1978500000.0,1216600000.0,1255600000.0,975200000.0,853200000.0,166000000.0,122700000.0,108900000.0,184200000.0,93900000.0,1812500000.0,1093900000.0,1146700000.0,791000000.0,759300000.0,7.27,0.82,3.5,3.88,3.17,
TRGP,0001389170,Targa Resources,Energy,Oil & Gas Storage & Transportation,14137200000.0,3005600000.0,1778900000.0,3681500000.0,3254000000.0,427500000.0,6.97,132300000.0,28515100000.0,24858600000.0,3656500000.0,7429700000.0,214431021.0,2026-08-06,2026-07-31,SEC Company Facts,https://data.sec.gov/api/xbrl/companyfacts/CIK0001389170.json,2025-12-31,2024-12-31,2023-12-31,2022-12-31,2021-12-31,2026-02-19,2026-02-19,2026-02-19,2025-02-20,2024-02-15,17028300000.0,16381500000.0,16060300000.0,19820700000.0,16093100000.0,3331200000.0,2695400000.0,2626200000.0,1729000000.0,864800000.0,1956700000.0,1553500000.0,1579300000.0,1531400000.0,422100000.0,3917400000.0,3649700000.0,3211600000.0,2380800000.0,2302900000.0,3333300000.0,2965800000.0,2385400000.0,1334300000.0,505100000.0,584100000.0,683900000.0,826200000.0,1046500000.0,1797800000.0,8.49,5.74,3.66,3.88,-0.07,
TRMB,0000864749,Trimble Inc.,Information Technology,Application Software,3575500000.0,515200000.0,1504400000.0,312100000.0,25000000.0,287100000.0,1.17,214400000.0,8540800000.0,3430000000.0,5110800000.0,1973300000.0,233179848.0,2026-08-12,2026-08-07,SEC Company Facts,https://data.sec.gov/api/xbrl/companyfacts/CIK0000864749.json,2026-01-02,2025-01-03,2023-12-29,2022-12-30,2021-12-31,2026-02-25,2026-02-25,2026-02-25,2025-04-25,2024-02-26,3587300000.0,3683300000.0,3798700000.0,3676300000.0,3659100000.0,592000000.0,460700000.0,448800000.0,510900000.0,561000000.0,424000000.0,1504400000.0,311300000.0,449700000.0,492800000.0,386200000.0,531400000.0,597100000.0,391200000.0,750500000.0,25300000.0,33600000.0,42000000.0,43200000.0,46100000.0,360900000.0,497800000.0,555100000.0,348000000.0,704400000.0,1.76,6.09,1.25,1.8,1.94,
TROW,0001113169,T. Rowe Price,Financials,Asset Management & Custody Banks,7097300000.0,2256600000.0,2118300000.0,1533400000.0,361800000.0,1171600000.0,8.930000000000001,3234300000.0,15357200000.0,3184400000.0,11002500000.0,,213315850.0,2026-07-31,2026-07-29,SEC Company Facts,https://data.sec.gov/api/xbrl/companyfacts/CIK0001113169.json,2025-12-31,2024-12-31,2023-12-31,2022-12-31,2021-12-31,2026-02-13,2026-02-13,2026-02-13,2025-02-14,2024-02-16,7314800000.0,7093600000.0,6460500000.0,6488400000.0,7671900000.0,2188800000.0,2333300000.0,1986200000.0,2373700000.0,3710000000.0,2208300000.0,2135800000.0,1835700000.0,1449600000.0,3098500000.0,1753400000.0,1685600000.0,1219100000.0,2359400000.0,3452000000.0,274200000.0,423400000.0,307900000.0,237600000.0,239100000.0,1479200000.0,1262200000.0,911200000.0,2121800000.0,3212900000.0,9.24,9.15,7.76,6.7,13.12,
TRV,0000086312,Travelers Companies (The),Financials,Property & Casualty Insurance,47838000000.0,3599000000.0,3642000000.0,9633000000.0,,,22.61,621000000.0,143580000000.0,110459000000.0,33121000000.0,6161000000.0,208575022.0,2026-07-17,2026-07-10,SEC Company Facts,https://data.sec.gov/api/xbrl/companyfacts/CIK0000086312.json,2025-12-31,2024-12-31,2023-12-31,2022-12-31,2021-12-31,2026-02-12,2026-02-12,2026-02-12,2025-02-13,2024-02-15,48828000000.0,46423000000.0,41364000000.0,36884000000.0,34816000000.0,,,,,,6288000000.0,4999000000.0,2991000000.0,2842000000.0,3662000000.0,10606000000.0,9074000000.0,7711000000.0,6465000000.0,7274000000.0,,,,,,,,,,,27.43,21.47,12.79,11.77,14.49,
TSCO,0000916365,Tractor Supply,Consumer Discretionary,Other Specialty Retail,15148457000.0,1469897000.0,1087289000.0,1606067000.0,785873000.0,820194000.0,2.03,231588000.0,12161821000.0,9530256000.0,2631565000.0,150000000.0,521040137.0,2026-08-06,2026-07-25,SEC Company Facts,https://data.sec.gov/api/xbrl/companyfacts/CIK0000916365.json,2025-12-27,2024-12-28,2023-12-30,2022-12-31,2021-12-25,2026-02-19,2026-02-19,2026-02-19,2025-02-20,2024-02-23,15524046000.0,14883231000.0,14555741000.0,14204717000.0,12731105000.0,1467389000.0,1467532000.0,1478912000.0,1434943000.0,1306698000.0,1096087000.0,1101240000.0,1107226000.0,1088712000.0,997114000.0,1635259000.0,1420835000.0,1334033000.0,1356979000.0,1138720000.0,894770000.0,784047000.0,753883000.0,773369000.0,628431000.0,740489000.0,636788000.0,580150000.0,583610000.0,510289000.0,2.06,2.04,2.02,1.94,8.61,
TSLA,0001318605,"Tesla, Inc.",Consumer Discretionary,Automobile Manufacturers,92720000000.0,5622000000.0,5942000000.0,15765000000.0,10179000000.0,5586000000.0,1.6800000000000002,15219000000.0,148524000000.0,61005000000.0,86858000000.0,1937600000.0,3949547394.0,2026-07-23,2026-07-16,SEC Company Facts,https://data.sec.gov/api/xbrl/companyfacts/CIK0001318605.json,2025-12-31,2024-12-31,2023-12-31,2022-12-31,2021-12-31,2026-01-29,2026-01-29,2026-01-29,2025-01-30,2024-01-29,94827000000.0,97690000000.0,96773000000.0,81462000000.0,53823000000.0,4355000000.0,7076000000.0,8891000000.0,13656000000.0,6523000000.0,3855000000.0,7153000000.0,14974000000.0,12587000000.0,5644000000.0,14747000000.0,14923000000.0,13256000000.0,14724000000.0,11497000000.0,8527000000.0,11342000000.0,8899000000.0,7158000000.0,6482000000.0,6220000000.0,3581000000.0,4357000000.0,7566000000.0,5015000000.0,1.08,2.04,4.3,3.62,1.63,
TSN,0000100493,Tyson Foods,Consumer Staples,Packaged Foods & Meats,54146000000.0,1465000000.0,813000000.0,2237000000.0,939000000.0,1298000000.0,2.2,740000000.0,35612000000.0,17533000000.0,18079000000.0,1427000000.0,,2026-08-03,2026-06-27,SEC Company Facts,https://data.sec.gov/api/xbrl/companyfacts/CIK0000100493.json,2025-09-27,2024-09-28,2023-09-30,2022-10-01,2021-10-02,2025-11-10,2025-11-10,2025-11-10,2024-11-12,2023-11-13,54441000000.0,53309000000.0,52881000000.0,53282000000.0,47049000000.0,1098000000.0,1409000000.0,-395000000.0,4410000000.0,4396000000.0,507000000.0,822000000.0,-649000000.0,3249000000.0,3060000000.0,2155000000.0,2590000000.0,1752000000.0,2687000000.0,3840000000.0,978000000.0,1132000000.0,1939000000.0,1887000000.0,1209000000.0,1177000000.0,1458000000.0,-187000000.0,800000000.0,2631000000.0,1.33,2.25,-1.87,8.92,8.34,
TT,0001466258,Trane Technologies,Industrials,Building Products,20750100000.0,3815200000.0,2877800000.0,3234100000.0,422700000.0,2811400000.0,12.59,1763300000.0,23925600000.0,15280500000.0,8622900000.0,4616800000.0,220023177.0,2026-07-30,2026-07-24,SEC Company Facts,https://data.sec.gov/api/xbrl/companyfacts/CIK0001466258.json,2025-12-31,2024-12-31,2023-12-31,2022-12-31,2021-12-31,2026-02-05,2026-02-05,2026-02-05,2025-02-06,2024-02-08,21321900000.0,19838200000.0,17677600000.0,15991700000.0,14136400000.0,3967400000.0,3500100000.0,2894000000.0,2418900000.0,2023300000.0,2935700000.0,2589500000.0,2041700000.0,1774700000.0,1436600000.0,3194500000.0,3145600000.0,2389600000.0,1504000000.0,1588300000.0,383000000.0,370600000.0,300700000.0,291800000.0,223000000.0,2811500000.0,2775000000.0,2088900000.0,1212200000.0,1365300000.0,12.98,11.24,8.77,7.48,5.87,
TTD,0001671933,Trade Desk (The),Communication Services,Advertising,2679088000.0,475019000.0,417194000.0,929171000.0,173251000.0,755920000.0,0.8300000000000001,1122979000.0,5764446000.0,3190094000.0,2574352000.0,,,2026-08-06,2026-06-30,SEC Company Facts,https://data.sec.gov/api/xbrl/companyfacts/CIK0001671933.json,2025-12-31,2024-12-31,2023-12-31,2022-12-31,2021-12-31,2026-02-27,2026-02-27,2026-02-27,2025-02-21,2024-02-15,2896284000.0,2444831000.0,1946120000.0,1577795000.0,1196467000.0,589321000.0,427167000.0,200480000.0,113654000.0,124817000.0,443304000.0,393076000.0,178940000.0,53385000.0,137762000.0,992721000.0,739456000.0,598322000.0,548734000.0,378513000.0,197011000.0,98238000.0,46790000.0,84160000.0,54804000.0,795710000.0,641218000.0,551532000.0,464574000.0,323709000.0,0.9,0.78,0.36,0.11,0.28,
TTWO,0000946581,Take-Two Interactive,Communication Services,Interactive Home Entertainment,5799200000.0,-4184600000.0,161700000.0,101100000.0,159400000.0,-58300000.0,-24.13,1364900000.0,9064200000.0,5455800000.0,3608400000.0,2017568000.0,186980443.0,2026-08-07,2026-07-27,SEC Company Facts,https://data.sec.gov/api/xbrl/companyfacts/CIK0000946581.json,2026-03-31,2025-03-31,2024-03-31,2023-03-31,2022-03-31,2026-05-22,2026-05-22,2026-05-22,2025-05-20,2024-05-22,6656400000.0,5633600000.0,5349600000.0,5349900000.0,3504800000.0,-104200000.0,-4391100000.0,-3590600000.0,-1165200000.0,473600000.0,-298200000.0,-4478900000.0,-3744200000.0,-1124700000.0,418000000.0,624300000.0,-45200000.0,-16100000.0,1100000.0,258000000.0,162800000.0,169400000.0,141700000.0,204200000.0,158600000.0,461500000.0,-214600000.0,-157800000.0,-203100000.0,99400000.0,-1.62,-25.58,-22.01,-7.03,3.58,
TXN,0000097476,Texas Instruments,Information Technology,Semiconductors,16675000000.0,5818000000.0,1949000000.0,6439000000.0,4936000000.0,1503000000.0,5.470000000000001,3660000000.0,35882000000.0,17875000000.0,18007000000.0,14489000000.0,913247686.0,2026-07-24,2026-07-15,SEC Company Facts,https://data.sec.gov/api/xbrl/companyfacts/CIK0000097476.json,2025-12-31,2024-12-31,2023-12-31,2022-12-31,2021-12-31,2026-02-06,2026-02-06,2026-02-06,2025-02-14,2024-02-02,17682000000.0,15641000000.0,17519000000.0,20028000000.0,18344000000.0,6023000000.0,5465000000.0,7331000000.0,10140000000.0,8960000000.0,5001000000.0,4799000000.0,6510000000.0,8749000000.0,7769000000.0,7153000000.0,6318000000.0,6420000000.0,8720000000.0,8756000000.0,4550000000.0,4820000000.0,5071000000.0,2797000000.0,2462000000.0,2603000000.0,1498000000.0,1349000000.0,5923000000.0,6294000000.0,5.45,5.2,7.07,9.41,8.26,
TXT,0000217346,Textron,Industrials,Aerospace & Defense,13286000000.0,,272000000.0,917000000.0,358000000.0,559000000.0,4.930000000000001,731000000.0,18134000000.0,10080000000.0,8054000000.0,,171986917.0,2026-07-28,2026-07-17,SEC Company Facts,https://data.sec.gov/api/xbrl/companyfacts/CIK0000217346.json,2026-01-03,2024-12-28,2023-12-30,2022-12-31,2022-01-01,2026-02-11,2026-02-11,2026-02-11,2025-02-06,2024-02-12,14799000000.0,13702000000.0,13683000000.0,12869000000.0,12382000000.0,,,,,,921000000.0,824000000.0,921000000.0,861000000.0,746000000.0,1312000000.0,1014000000.0,1266000000.0,1488000000.0,1598000000.0,383000000.0,364000000.0,402000000.0,354000000.0,375000000.0,929000000.0,650000000.0,864000000.0,1134000000.0,1223000000.0,5.11,4.33,4.56,4.01,3.3,
TYL,0000860731,Tyler Technologies,Information Technology,Application Software,2245750000.0,339282000.0,306797000.0,642959000.0,14507000.0,628452000.0,6.989999999999998,895353000.0,5813576000.0,2776345000.0,3037231000.0,597934000.0,40952274.0,2026-07-29,2026-07-27,SEC Company Facts,https://data.sec.gov/api/xbrl/companyfacts/CIK0000860731.json,2025-12-31,2024-12-31,2023-12-31,2022-12-31,2021-12-31,2026-02-18,2026-02-18,2026-02-18,2025-02-19,2024-02-21,2332340000.0,2137803000.0,1951751000.0,1850204000.0,1592287000.0,357676000.0,299526000.0,218537000.0,214249000.0,180735000.0,315603000.0,263026000.0,165919000.0,164240000.0,161458000.0,653543000.0,624633000.0,380440000.0,381455000.0,371753000.0,16015000.0,20535000.0,20519000.0,22529000.0,33919000.0,637528000.0,604098000.0,359921000.0,358926000.0,337834000.0,7.2,6.05,3.88,3.87,3.82,
UAL,0000100517,United Airlines Holdings,Industrials,Passenger Airlines,57986000000.0,5000000000.0,3311000000.0,9649000000.0,5605000000.0,4044000000.0,9.97,10166000000.0,84569000000.0,67872000000.0,16697000000.0,21266000000.0,324583772.0,2026-07-16,2026-07-09,SEC Company Facts,https://data.sec.gov/api/xbrl/companyfacts/CIK0000100517.json,2025-12-31,2024-12-31,2023-12-31,2022-12-31,2021-12-31,2026-02-12,2026-02-12,2026-02-12,2025-02-27,2024-02-29,59070000000.0,57063000000.0,53717000000.0,44955000000.0,24634000000.0,4713000000.0,5096000000.0,4211000000.0,2337000000.0,-1022000000.0,3353000000.0,3149000000.0,2618000000.0,737000000.0,-1964000000.0,8431000000.0,9445000000.0,6911000000.0,6066000000.0,2067000000.0,5874000000.0,5615000000.0,7171000000.0,4819000000.0,2107000000.0,2557000000.0,3830000000.0,-260000000.0,1247000000.0,-40000000.0,10.2,9.45,7.89,2.23,-6.1,
UBER,0001543151,Uber,Industrials,Passenger Ground Transportation,11617000000.0,4509000000.0,12624000000.0,8789000000.0,249000000.0,8540000000.0,5.869999999999999,4870000000.0,65801000000.0,37402000000.0,27316000000.0,10726000000.0,2042560121.0,2026-08-05,2026-07-31,SEC Company Facts,https://data.sec.gov/api/xbrl/companyfacts/CIK0001543151.json,2025-12-31,2024-12-31,2023-12-31,2022-12-31,2021-12-31,2026-02-13,2026-02-13,2026-02-13,2025-02-14,2024-02-15,52017000000.0,43978000000.0,37281000000.0,31877000000.0,17455000000.0,5565000000.0,2799000000.0,1110000000.0,-1832000000.0,-3834000000.0,10093000000.0,9845000000.0,2156000000.0,-9138000000.0,-570000000.0,10099000000.0,7137000000.0,3585000000.0,642000000.0,-445000000.0,336000000.0,242000000.0,223000000.0,252000000.0,298000000.0,9763000000.0,6895000000.0,3362000000.0,390000000.0,-743000000.0,4.73,4.56,0.87,-4.65,-0.29,
UDR,0000074208,"UDR, Inc.",Real Estate,Multi-Family Residential REITs,8464000.0,327005000.0,131638000.0,865465000.0,584000.0,864881000.0,0.36,1300000.0,10333774000.0,6228006000.0,3285680000.0,5663316000.0,324915653.0,2026-04-30,2026-04-27,SEC Company Facts,https://data.sec.gov/api/xbrl/companyfacts/CIK0000074208.json,2025-12-31,2024-12-31,2023-12-31,2022-12-31,2021-12-31,2026-02-17,2026-02-17,2026-02-17,2025-02-18,2024-02-20,11361000.0,8317000.0,6843000.0,5022000.0,6102000.0,553606000.0,284569000.0,635008000.0,250814000.0,267968000.0,403715000.0,95877000.0,474488000.0,92579000.0,160993000.0,902887000.0,876848000.0,832664000.0,820071000.0,663960000.0,,,,,,,,,,,1.13,0.26,1.34,0.26,0.48,
UHS,0000352915,Universal Health Services,Health Care,Health Care Facilities,16460285000.0,1811749000.0,1287197000.0,1900440000.0,998917000.0,901523000.0,18.97,138800000.0,15935486000.0,8421674000.0,7513812000.0,4851847000.0,,2026-08-07,2026-06-30,SEC Company Facts,https://data.sec.gov/api/xbrl/companyfacts/CIK0000352915.json,2025-12-31,2024-12-31,2023-12-31,2022-12-31,2021-12-31,2026-02-25,2026-02-25,2026-02-25,2025-02-26,2024-02-27,17364829000.0,15827935000.0,14281976000.0,13399370000.0,12642117000.0,1994015000.0,1681814000.0,1175381000.0,1003555000.0,1363094000.0,1511182000.0,1163109000.0,719307000.0,656982000.0,987632000.0,1864397000.0,2067101000.0,1267797000.0,996023000.0,883695000.0,1015152000.0,943810000.0,743055000.0,734001000.0,855659000.0,849245000.0,1123291000.0,524742000.0,262022000.0,28036000.0,23.1,16.82,10.23,9.14,11.82,
ULTA,0001403568,Ulta Beauty,Consumer Discretionary,Other Specialty Retail,11418173000.0,1565801000.0,1193057000.0,1399286000.0,362465000.0,1036821000.0,25.57,166300000.0,6895245000.0,4314290000.0,2580955000.0,800000000.0,42989311.0,2026-06-02,2026-05-28,SEC Company Facts,https://data.sec.gov/api/xbrl/companyfacts/CIK0001403568.json,2026-01-31,2025-02-01,2024-02-03,2023-01-28,2022-01-29,2026-03-26,2026-03-26,2026-03-26,2025-03-27,2024-03-26,12392820000.0,11295654000.0,11207303000.0,10208580000.0,8630889000.0,1532992000.0,1564972000.0,1678029000.0,1638610000.0,1297492000.0,1153479000.0,1201118000.0,1291005000.0,1242408000.0,985837000.0,1502780000.0,1338605000.0,1476266000.0,1481915000.0,1059265000.0,434829000.0,374458000.0,435267000.0,312126000.0,172187000.0,1067951000.0,964147000.0,1040999000.0,1169789000.0,887078000.0,25.64,25.34,26.03,24.01,17.98,
UNH,0000731766,UnitedHealth Group,Health Care,Managed Health Care,422818000000.0,30750000000.0,22088000000.0,28958000000.0,3687000000.0,25271000000.0,23.099999999999998,28585000000.0,309727000000.0,203778000000.0,33020000000.0,73328000000.0,897594847.0,2026-08-10,2026-07-31,SEC Company Facts,https://data.sec.gov/api/xbrl/companyfacts/CIK0000731766.json,2025-12-31,2024-12-31,2023-12-31,2022-12-31,2021-12-31,2026-03-02,2026-03-02,2026-03-02,2025-02-27,2024-02-28,447567000000.0,400278000000.0,371622000000.0,324162000000.0,287597000000.0,18964000000.0,32287000000.0,32358000000.0,28435000000.0,23970000000.0,12807000000.0,15242000000.0,23144000000.0,20639000000.0,17732000000.0,19697000000.0,24204000000.0,29068000000.0,26206000000.0,22343000000.0,3622000000.0,3499000000.0,3386000000.0,2802000000.0,2454000000.0,16075000000.0,20705000000.0,25682000000.0,23404000000.0,19889000000.0,13.23,15.51,23.86,21.18,18.08,
UNP,0000100885,Union Pacific Corporation,Industrials,Rail Transportation,24393000000.0,9837000000.0,6935000000.0,9856000000.0,3595000000.0,6261000000.0,11.509999999999998,1614000000.0,71211000000.0,50538000000.0,20673000000.0,31814000000.0,594075498.0,2026-07-23,2026-07-17,SEC Company Facts,https://data.sec.gov/api/xbrl/companyfacts/CIK0000100885.json,2025-12-31,2024-12-31,2023-12-31,2022-12-31,2021-12-31,2026-02-06,2026-02-06,2026-02-06,2025-02-07,2024-02-09,24510000000.0,24250000000.0,24119000000.0,24875000000.0,21804000000.0,9846000000.0,9713000000.0,9082000000.0,9917000000.0,9338000000.0,7138000000.0,6747000000.0,6379000000.0,6998000000.0,6523000000.0,9290000000.0,9346000000.0,8379000000.0,9362000000.0,9032000000.0,3791000000.0,3452000000.0,3606000000.0,3620000000.0,2936000000.0,5499000000.0,5894000000.0,4773000000.0,5742000000.0,6096000000.0,11.98,11.09,10.45,11.21,9.95,
UPS,0001090727,United Parcel Service,Industrials,Air Freight & Logistics,90313000000.0,8399000000.0,5542000000.0,7479000000.0,3940000000.0,3539000000.0,6.720000000000001,4653000000.0,71267000000.0,56200000000.0,15067000000.0,19985000000.0,713924267.0,2026-08-05,2026-06-30,SEC Company Facts,https://data.sec.gov/api/xbrl/companyfacts/CIK0001090727.json,2025-12-31,2024-12-31,2023-12-31,2022-12-31,2021-12-31,2026-02-17,2026-02-17,2026-02-17,2025-02-18,2024-02-20,88661000000.0,91070000000.0,90958000000.0,100338000000.0,97287000000.0,7867000000.0,8468000000.0,9141000000.0,13094000000.0,12810000000.0,5572000000.0,5782000000.0,6708000000.0,11548000000.0,12890000000.0,8450000000.0,10122000000.0,10238000000.0,14104000000.0,15007000000.0,3685000000.0,3909000000.0,5158000000.0,4769000000.0,4194000000.0,4765000000.0,6213000000.0,5080000000.0,9335000000.0,10813000000.0,6.56,6.75,7.8,13.2,14.68,
URI,0001067701,United Rentals,Industrials,Trading Companies & Distributors,3656000000.0,4017000000.0,75000000.0,4942000000.0,223000000.0,4719000000.0,38.559999999999995,156000000.0,29888000000.0,20920000000.0,8968000000.0,14302000000.0,62646557.0,2026-04-22,2026-04-20,SEC Company Facts,https://data.sec.gov/api/xbrl/companyfacts/CIK0001067701.json,2025-12-31,2024-12-31,2023-12-31,2022-12-31,2021-12-31,2026-01-28,2026-01-28,2026-01-28,2025-01-29,2024-01-24,3695000000.0,3588000000.0,3395000000.0,2501000000.0,2256000000.0,3973000000.0,4065000000.0,3827000000.0,3232000000.0,2277000000.0,2494000000.0,2575000000.0,2424000000.0,2105000000.0,1386000000.0,5190000000.0,4546000000.0,4704000000.0,4433000000.0,3689000000.0,,4130000000.0,3864000000.0,3690000000.0,3198000000.0,,416000000.0,840000000.0,743000000.0,491000000.0,38.61,38.69,35.28,29.65,19.04,
USB,0000036104,U.S. Bancorp,Financials,Diversified Banks,27835000000.0,,6929000000.0,7420000000.0,,,4.18,8252000000.0,725918000000.0,658023000000.0,67432000000.0,43074000000.0,1558051446.0,2026-08-06,2026-07-31,SEC Company Facts,https://data.sec.gov/api/xbrl/companyfacts/CIK0000036104.json,2025-12-31,2024-12-31,2023-12-31,2022-12-31,2021-12-31,2026-02-23,2026-02-23,2026-02-23,2025-02-21,2024-02-20,28656000000.0,27455000000.0,28144000000.0,24302000000.0,,,,,,,7596000000.0,6329000000.0,5458000000.0,5838000000.0,7985000000.0,7970000000.0,11350000000.0,8393000000.0,21119000000.0,9870000000.0,,,,,,,,,,,4.62,3.79,3.27,3.69,5.1,
V,0001403161,Visa Inc.,Financials,Transaction & Payment Processing Services,37621000000.0,23956000000.0,19972000000.0,21889000000.0,1381000000.0,20508000000.0,,12404000000.0,95049000000.0,59388000000.0,26437000000.0,24166000000.0,469280842.0,2026-04-29,2026-03-31,SEC Company Facts,https://data.sec.gov/api/xbrl/companyfacts/CIK0001403161.json,2025-09-30,2024-09-30,2023-09-30,2022-09-30,2021-09-30,2025-11-06,2025-11-06,2025-11-06,2024-11-13,2023-11-15,40000000000.0,35926000000.0,32653000000.0,29310000000.0,24105000000.0,23994000000.0,23595000000.0,21000000000.0,18813000000.0,15804000000.0,20058000000.0,19743000000.0,17273000000.0,14957000000.0,12311000000.0,23059000000.0,19950000000.0,20755000000.0,18849000000.0,15227000000.0,1482000000.0,1257000000.0,1059000000.0,970000000.0,705000000.0,21577000000.0,18693000000.0,19696000000.0,17879000000.0,14522000000.0,,,,,,
VEEV,0001393052,Veeva Systems,Health Care,Health Care Technology,2855317000.0,769995000.0,487706000.0,1203693000.0,1652000.0,1202041000.0,4.710000000000001,1896580000.0,9129558000.0,1825204000.0,7304354000.0,,162443291.0,2026-06-05,2026-06-01,SEC Company Facts,https://data.sec.gov/api/xbrl/companyfacts/CIK0001393052.json,2026-01-31,2025-01-31,2024-01-31,2023-01-31,2022-01-31,2026-03-20,2026-03-20,2026-03-20,2025-03-24,2024-03-25,3195311000.0,2746619000.0,2363673000.0,2155060000.0,1850777000.0,916369000.0,691435000.0,429334000.0,459091000.0,505496000.0,908906000.0,714138000.0,525705000.0,487706000.0,427390000.0,1415225000.0,1090051000.0,911339000.0,780470000.0,764463000.0,,,,,,,,,,,5.44,4.32,3.22,3.0,2.63,
VICI,0001705696,Vici Properties,Real Estate,Hotel & Resort REITs,,321018000.0,2799319000.0,2454907000.0,2724000.0,2452183000.0,2.6100000000000003,288063000.0,48271220000.0,18668509000.0,29170749000.0,16931155000.0,1101077562.0,2026-07-29,2026-07-28,SEC Company Facts,https://data.sec.gov/api/xbrl/companyfacts/CIK0001705696.json,2025-12-31,2024-12-31,2023-12-31,2022-12-31,2021-12-31,2026-02-25,2026-02-25,2026-02-25,2025-02-20,2024-02-22,4006116000.0,3849205000.0,3611988000.0,2600697000.0,1509568000.0,,,,,,2818544000.0,2721242000.0,2554622000.0,1136267000.0,1023158000.0,2509991000.0,2381498000.0,2181009000.0,1943396000.0,896350000.0,,,,,,,,,,,2.61,2.56,2.47,1.27,1.76,
VLO,0001035002,Valero Energy,Energy,Oil & Gas Refining & Marketing,,952000000.0,761000000.0,4253000000.0,1279000000.0,2974000000.0,2.4799999999999995,7874000000.0,64663000000.0,39662000000.0,25001000000.0,8261000000.0,287927461.0,2026-07-30,2026-07-24,SEC Company Facts,https://data.sec.gov/api/xbrl/companyfacts/CIK0001035002.json,2025-12-31,2024-12-31,2023-12-31,2022-12-31,2021-12-31,2026-02-25,2026-02-25,2026-02-25,2025-02-26,2024-02-22,,,,,,3181000000.0,3755000000.0,11858000000.0,15690000000.0,2130000000.0,2246000000.0,3006000000.0,9149000000.0,11879000000.0,1288000000.0,5826000000.0,6683000000.0,9229000000.0,12574000000.0,5859000000.0,,2057000000.0,1916000000.0,2737000000.0,2458000000.0,,4626000000.0,7313000000.0,9837000000.0,3401000000.0,7.57,8.58,24.92,29.04,2.27,
VLTO,0001967680,Veralto,Industrials,Environmental & Facilities Services,5279000000.0,1237000000.0,874000000.0,917000000.0,57000000.0,860000000.0,3.5,1431000000.0,7653000000.0,4648000000.0,3005000000.0,2662000000.0,245599266.0,2026-04-29,2026-04-21,SEC Company Facts,https://data.sec.gov/api/xbrl/companyfacts/CIK0001967680.json,2025-12-31,2024-12-31,2023-12-31,2022-12-31,2021-12-31,2026-02-20,2026-02-20,2026-02-20,2025-02-25,2024-02-28,5503000000.0,5193000000.0,5021000000.0,4870000000.0,4700000000.0,1277000000.0,1208000000.0,1140000000.0,1112000000.0,1041000000.0,940000000.0,833000000.0,839000000.0,845000000.0,861000000.0,1077000000.0,875000000.0,963000000.0,870000000.0,896000000.0,63000000.0,55000000.0,54000000.0,34000000.0,54000000.0,1014000000.0,820000000.0,909000000.0,836000000.0,842000000.0,3.76,3.34,3.4,3.43,3.5,
VMC,0001396009,Vulcan Materials Company,Materials,Construction Materials,7506600000.0,1418000000.0,939600000.0,1487700000.0,618700000.0,869000000.0,7.049999999999999,140200000.0,16672900000.0,8197200000.0,8451300000.0,4363000000.0,129754885.0,2026-04-29,2026-04-21,SEC Company Facts,https://data.sec.gov/api/xbrl/companyfacts/CIK0001396009.json,2025-12-31,2024-12-31,2023-12-31,2022-12-31,2021-12-31,2026-02-19,2026-02-19,2026-02-19,2025-02-20,2024-02-22,7941100000.0,7417700000.0,7781900000.0,7315200000.0,5552200000.0,1619600000.0,1364500000.0,1427400000.0,951400000.0,1010800000.0,1078100000.0,913100000.0,934900000.0,576500000.0,670400000.0,1813000000.0,1409600000.0,1536800000.0,1148200000.0,1011900000.0,677700000.0,603500000.0,872600000.0,612600000.0,451300000.0,1135300000.0,806100000.0,664200000.0,535600000.0,560600000.0,8.11,6.85,6.98,4.31,5.02,
VRSK,0001442145,Verisk Analytics,Industrials,Research & Consulting Services,2930700000.0,1276600000.0,970400000.0,1216500000.0,222400000.0,994100000.0,6.84,524500000.0,4598400000.0,5765300000.0,-1167700000.0,4773500000.0,131021840.0,2026-04-29,2026-04-24,SEC Company Facts,https://data.sec.gov/api/xbrl/companyfacts/CIK0001442145.json,2025-12-31,2024-12-31,2023-12-31,2022-12-31,2021-12-31,2026-02-18,2026-02-18,2026-02-18,2025-02-26,2024-02-21,3072700000.0,2881700000.0,2681400000.0,2497000000.0,2462500000.0,1343900000.0,1253900000.0,1131700000.0,1406500000.0,911400000.0,908300000.0,957500000.0,614400000.0,954300000.0,666300000.0,1436000000.0,1144000000.0,1060700000.0,1059000000.0,1155700000.0,244100000.0,223900000.0,230000000.0,274700000.0,268400000.0,1191900000.0,920100000.0,830700000.0,784300000.0,887300000.0,6.48,6.71,4.17,6.0,4.08,
VRSN,0001014473,Verisign,Information Technology,Internet Services & Infrastructure,1598200000.0,1085000000.0,799500000.0,978700000.0,28700000.0,950000000.0,6.24,840900000.0,1802800000.0,4056900000.0,-2254100000.0,0.0,90300000.0,2026-07-23,2026-07-17,SEC Company Facts,https://data.sec.gov/api/xbrl/companyfacts/CIK0001014473.json,2025-12-31,2024-12-31,2023-12-31,2022-12-31,2021-12-31,2026-02-05,2026-02-05,2026-02-05,2025-02-13,2024-02-15,1656600000.0,1557400000.0,1493100000.0,1424900000.0,1327600000.0,1121000000.0,1058200000.0,1000600000.0,943100000.0,866800000.0,825700000.0,785700000.0,817600000.0,673800000.0,784800000.0,1091100000.0,902600000.0,853800000.0,831100000.0,807200000.0,22800000.0,28100000.0,45800000.0,27400000.0,53000000.0,1068300000.0,874500000.0,808000000.0,803700000.0,754200000.0,,,,6.24,7.0,
VRT,0001674101,Vertiv,Industrials,Electrical Components & Equipment,9094000000.0,1561900000.0,4389796.0,1426500000.0,178600000.0,1247900000.0,2.0900000000000003,2810600000.0,15900900000.0,11143300000.0,4757600000.0,2961600000.0,384988173.0,2026-07-29,2026-07-27,SEC Company Facts,https://data.sec.gov/api/xbrl/companyfacts/CIK0001674101.json,2025-12-31,2024-12-31,2023-12-31,2022-12-31,2021-12-31,2026-02-13,2026-02-13,2026-02-13,2025-02-18,2024-02-23,10229900000.0,8011800000.0,6863200000.0,5691500000.0,4998100000.0,1829700000.0,1367400000.0,872200000.0,223400000.0,259900000.0,1332800000.0,495800000.0,460200000.0,76600000.0,119600000.0,2113800000.0,1319300000.0,900500000.0,-152800000.0,210900000.0,220000000.0,167000000.0,127900000.0,100000000.0,73400000.0,1893800000.0,1152300000.0,772600000.0,-252800000.0,137500000.0,3.41,1.28,1.19,-0.04,0.33,
VRTX,0000875320,Vertex Pharmaceuticals,Health Care,Biotechnology,11418800000.0,3923500000.0,2711647000.0,3846400000.0,346700000.0,3499700000.0,14.06,6143500000.0,27423300000.0,7175400000.0,20247900000.0,105000000.0,253460924.0,2026-08-04,2026-07-31,SEC Company Facts,https://data.sec.gov/api/xbrl/companyfacts/CIK0000875320.json,2025-12-31,2024-12-31,2023-12-31,2022-12-31,2021-12-31,2026-02-13,2026-02-13,2026-02-13,2025-02-13,2024-02-15,12001300000.0,11020100000.0,9869200000.0,8930700000.0,7574400000.0,4173300000.0,-232900000.0,3832000000.0,4307400000.0,2782100000.0,3953200000.0,-535600000.0,3619600000.0,3322000000.0,2342100000.0,3631400000.0,-492600000.0,3537300000.0,4129900000.0,2643500000.0,437600000.0,297700000.0,200400000.0,204700000.0,235000000.0,3193800000.0,-790300000.0,3336900000.0,3925200000.0,2408500000.0,15.32,-2.08,13.89,12.82,9.01,
VST,0001692819,Vistra Corp.,Utilities,Electric Utilities,16006000000.0,3582000000.0,2386000000.0,4226000000.0,2573000000.0,1653000000.0,6.2299999999999995,435000000.0,42603000000.0,37109000000.0,5482000000.0,19595000000.0,335635195.0,2026-08-10,2026-08-03,SEC Company Facts,https://data.sec.gov/api/xbrl/companyfacts/CIK0001692819.json,2025-12-31,2024-12-31,2023-12-31,2022-12-31,2021-12-31,2026-02-27,2026-02-27,2026-02-27,2025-02-28,2024-02-29,17586000000.0,14761000000.0,13804000000.0,15631000000.0,17700000000.0,1906000000.0,4081000000.0,2661000000.0,-1177000000.0,-1515000000.0,944000000.0,2812000000.0,1492000000.0,-1210000000.0,-1264000000.0,4070000000.0,4563000000.0,5453000000.0,485000000.0,-206000000.0,2752000000.0,2078000000.0,1676000000.0,1301000000.0,1033000000.0,1318000000.0,2485000000.0,3777000000.0,-816000000.0,-1239000000.0,2.18,7.0,3.58,-3.26,-2.69,
VTR,0000740260,Ventas,Real Estate,Health Care REITs,5302339000.0,,199541000.0,1523787000.0,156724000.0,1367063000.0,0.43,198956000.0,29655896000.0,14444263000.0,14649399000.0,13011016000.0,512946359.0,2026-07-30,2026-07-28,SEC Company Facts,https://data.sec.gov/api/xbrl/companyfacts/CIK0000740260.json,2025-12-31,2024-12-31,2023-12-31,2022-12-31,2021-12-31,2026-02-06,2026-02-06,2026-02-06,2025-02-13,2024-02-15,5833980000.0,4924266000.0,4497827000.0,4129193000.0,3828007000.0,,,,,,261518000.0,88351000.0,-30297000.0,-40931000.0,56559000.0,1646726000.0,1329625000.0,1119873000.0,1120163000.0,1026116000.0,2928069000.0,2529803000.0,649471000.0,900696000.0,1802021000.0,-1281343000.0,-1200178000.0,470402000.0,219467000.0,-775905000.0,0.54,0.19,-0.1,-0.12,0.13,
VTRS,0001792044,Viatris,Health Care,Pharmaceuticals,14065600000.0,-2603100000.0,-3514900000.0,2064400000.0,312900000.0,1751500000.0,-2.93,886500000.0,35044600000.0,20784200000.0,-201000000.0,13348600000.0,1148590864.0,2026-08-06,2026-08-03,SEC Company Facts,https://data.sec.gov/api/xbrl/companyfacts/CIK0001792044.json,2025-12-31,2024-12-31,2023-12-31,2022-12-31,2021-12-31,2026-02-26,2026-02-26,2026-02-26,2025-02-27,2024-02-28,14250400000.0,14692800000.0,15388400000.0,16218100000.0,17813600000.0,-2663100000.0,10100000.0,766200000.0,1614900000.0,-34000000.0,-3514900000.0,-634200000.0,54700000.0,2078600000.0,-1269100000.0,2315900000.0,2302900000.0,2900000000.0,2999000000.0,3016900000.0,378800000.0,326000000.0,377000000.0,406000000.0,457200000.0,1937100000.0,1976900000.0,2523000000.0,2593000000.0,2559700000.0,-3.0,-0.53,0.05,1.71,-1.05,
VZ,0000732712,Verizon,Communication Services,Integrated Telecommunication Services,137000000000.0,29497000000.0,18629000000.0,37100000000.0,17991000000.0,19109000000.0,4.299999999999999,1752000000.0,410186000000.0,304990000000.0,105196000000.0,108276000000.0,4154775202.0,2026-07-31,2026-06-30,SEC Company Facts,https://data.sec.gov/api/xbrl/companyfacts/CIK0000732712.json,2025-12-31,2024-12-31,2023-12-31,2022-12-31,2021-12-31,2026-02-17,2026-02-17,2026-02-17,2025-02-12,2024-02-09,138191000000.0,134788000000.0,133974000000.0,136835000000.0,133613000000.0,29259000000.0,28686000000.0,22877000000.0,30467000000.0,32448000000.0,17608000000.0,17949000000.0,12095000000.0,21748000000.0,22618000000.0,37137000000.0,36912000000.0,37475000000.0,37141000000.0,39539000000.0,,,,,,,,,,,4.06,4.14,2.75,5.06,5.32,
WAB,0000943452,Wabtec,Industrials,Construction Machinery & Heavy Transportation Equipment,10562000000.0,1713000000.0,1165000000.0,1665000000.0,213000000.0,1452000000.0,6.709999999999999,514000000.0,23128000000.0,11884000000.0,11214000000.0,6571000000.0,168910851.0,2026-07-22,2026-07-17,SEC Company Facts,https://data.sec.gov/api/xbrl/companyfacts/CIK0000943452.json,2025-12-31,2024-12-31,2023-12-31,2022-12-31,2021-12-31,2026-02-13,2026-02-13,2026-02-13,2025-02-12,2024-02-14,11167000000.0,10387000000.0,9677000000.0,8362000000.0,7822000000.0,1793000000.0,1609000000.0,1266000000.0,1011000000.0,876000000.0,1183000000.0,1067000000.0,825000000.0,641000000.0,565000000.0,1759000000.0,1834000000.0,1201000000.0,1038000000.0,1073000000.0,260000000.0,207000000.0,186000000.0,149000000.0,130000000.0,1499000000.0,1627000000.0,1015000000.0,889000000.0,943000000.0,6.83,6.04,4.53,3.46,2.96,
WAT,0001000697,Waters Corporation,Health Care,Life Sciences Tools & Services,4644286000.0,328588000.0,166629000.0,549555000.0,150745000.0,398810000.0,3.9499999999999993,539000000.0,24751000000.0,9556000000.0,15195000000.0,4886000000.0,98248111.0,2026-08-11,2026-08-07,SEC Company Facts,https://data.sec.gov/api/xbrl/companyfacts/CIK0001000697.json,2025-12-31,2024-12-31,2023-12-31,2022-12-31,2021-12-31,2026-02-23,2026-02-23,2026-02-23,2025-02-25,2024-02-27,3165286000.0,2958387000.0,2956416000.0,2971956000.0,2785874000.0,802588000.0,826353000.0,817676000.0,873395000.0,821707000.0,642629000.0,637834000.0,642234000.0,707755000.0,692843000.0,652555000.0,762123000.0,602809000.0,611661000.0,747274000.0,112745000.0,142481000.0,160632000.0,,,539810000.0,619642000.0,442177000.0,,,10.76,10.71,10.84,11.73,11.17,
WBD,0001437107,Warner Bros. Discovery,Communication Services,Broadcasting,38441000000.0,221000000.0,640000000.0,5098000000.0,1033000000.0,4065000000.0,0.3100000000000005,3369000000.0,97248000000.0,63253000000.0,32838000000.0,13625000000.0,2510703314.0,2026-08-06,2026-07-23,SEC Company Facts,https://data.sec.gov/api/xbrl/companyfacts/CIK0001437107.json,2025-12-31,2024-12-31,2023-12-31,2022-12-31,2021-12-31,2026-02-27,2026-02-27,2026-02-27,2025-02-27,2024-02-23,37296000000.0,39321000000.0,41321000000.0,33817000000.0,12191000000.0,738000000.0,-10032000000.0,-1548000000.0,-7370000000.0,2012000000.0,749000000.0,-11482000000.0,-3079000000.0,-7297000000.0,1197000000.0,4319000000.0,5375000000.0,7477000000.0,4304000000.0,2798000000.0,1231000000.0,948000000.0,1316000000.0,987000000.0,373000000.0,3088000000.0,4427000000.0,6161000000.0,3317000000.0,2425000000.0,0.29,-4.62,-1.28,-3.82,1.54,
WDAY,0001327811,"Workday, Inc.",Information Technology,Application Software,8696000000.0,390000000.0,-430071000.0,2546000000.0,224000000.0,2322000000.0,1.8000000000000003,559000000.0,16091000000.0,9408000000.0,6683000000.0,2988000000.0,220000000.0,2026-05-22,2026-04-30,SEC Company Facts,https://data.sec.gov/api/xbrl/companyfacts/CIK0001327811.json,2026-01-31,2025-01-31,2024-01-31,2023-01-31,2022-01-31,2026-03-06,2026-03-06,2026-03-06,2025-03-11,2024-03-08,9552000000.0,8446000000.0,7259000000.0,6216000000.0,5139000000.0,721000000.0,415000000.0,183000000.0,-222000000.0,-116000000.0,693000000.0,526000000.0,1381000000.0,-367000000.0,29000000.0,2939000000.0,2461000000.0,2149000000.0,1657000000.0,1651000000.0,162000000.0,269000000.0,232000000.0,364000000.0,,2777000000.0,2192000000.0,1917000000.0,1293000000.0,,2.59,1.95,5.21,-1.44,0.12,
WDC,0000106040,Western Digital,Information Technology,"Technology Hardware, Storage & Peripherals",12919000000.0,4453000000.0,9424000000.0,3929000000.0,418000000.0,3511000000.0,24.28,1579000000.0,13861000000.0,4997000000.0,8864000000.0,1052000000.0,360540944.0,2026-08-14,2026-08-07,SEC Company Facts,https://data.sec.gov/api/xbrl/companyfacts/CIK0000106040.json,2026-07-03,2025-06-27,2024-06-28,2023-06-30,2022-07-01,2026-08-14,2026-08-14,2026-08-14,2025-08-14,2024-08-20,12919000000.0,9520000000.0,6317000000.0,6255000000.0,18793000000.0,4453000000.0,2334000000.0,-403000000.0,-548000000.0,2391000000.0,9424000000.0,1889000000.0,-798000000.0,-1684000000.0,1546000000.0,3929000000.0,1691000000.0,-294000000.0,-408000000.0,1880000000.0,418000000.0,412000000.0,487000000.0,821000000.0,1122000000.0,3511000000.0,1279000000.0,-781000000.0,-1229000000.0,758000000.0,24.28,5.12,-2.61,-5.37,4.89,
WEC,0000783325,WEC Energy Group,Utilities,Electric Utilities,9306700000.0,2317000000.0,1660200000.0,3326700000.0,3089000000.0,237700000.0,4.81,50000000.0,52750400000.0,43258600000.0,9491800000.0,20629800000.0,325849383.0,2026-08-04,2026-06-30,SEC Company Facts,https://data.sec.gov/api/xbrl/companyfacts/CIK0000783325.json,2025-12-31,2024-12-31,2023-12-31,2022-12-31,2021-12-31,2026-02-20,2026-02-20,2026-02-20,2025-02-21,2024-02-22,9800100000.0,8599900000.0,8893000000.0,9597400000.0,8316000000.0,2244900000.0,2152800000.0,1908000000.0,1924200000.0,1714900000.0,1555500000.0,1524300000.0,1331700000.0,1409700000.0,1298500000.0,3379400000.0,3211800000.0,3018400000.0,2060700000.0,2032700000.0,,,,2696900000.0,2372700000.0,,,,-636200000.0,-340000000.0,4.81,4.83,4.22,4.45,4.11,
WELL,0000766704,Welltower,Real Estate,Health Care REITs,6531405000.0,,1098489000.0,2448573000.0,,,1.7500000000000002,4703775000.0,67220556000.0,22291286000.0,43793675000.0,17933568000.0,705914450.0,2026-04-29,2026-04-24,SEC Company Facts,https://data.sec.gov/api/xbrl/companyfacts/CIK0000766704.json,2025-12-31,2024-12-31,2023-12-31,2022-12-31,2021-12-31,2026-02-12,2026-02-12,2026-02-12,2025-02-12,2024-02-15,8452996000.0,6027149000.0,4753804000.0,4173711000.0,3197223000.0,,,,,,961837000.0,972857000.0,358139000.0,160568000.0,374479000.0,2881677000.0,2256421000.0,1601861000.0,1328708000.0,1275325000.0,,,,,,,,,,,1.39,1.57,0.66,0.3,0.78,
WFC,0000072971,Wells Fargo,Financials,Diversified Banks,74275000000.0,,18212000000.0,-9143000000.0,,,5.82,201461000000.0,2282201000000.0,2099878000000.0,180190000000.0,182139000000.0,3023999336.0,2026-07-28,2026-07-17,SEC Company Facts,https://data.sec.gov/api/xbrl/companyfacts/CIK0000072971.json,2025-12-31,2024-12-31,2023-12-31,2022-12-31,2021-12-31,2026-02-24,2026-02-24,2026-02-24,2025-02-25,2024-02-20,,,,,,,,,,,21338000000.0,19722000000.0,19142000000.0,13677000000.0,23799000000.0,-19001000000.0,3035000000.0,40358000000.0,27048000000.0,-11525000000.0,,,,,,,,,,,6.26,5.37,4.83,3.27,5.08,
WM,0000823768,Waste Management,Industrials,Environmental & Facilities Services,23950000000.0,4202000000.0,2722000000.0,5622000000.0,2809000000.0,2813000000.0,6.74,557000000.0,46441000000.0,36515000000.0,9925000000.0,1075000000.0,399715184.0,2026-07-29,2026-07-24,SEC Company Facts,https://data.sec.gov/api/xbrl/companyfacts/CIK0000823768.json,2025-12-31,2024-12-31,2023-12-31,2022-12-31,2021-12-31,2026-02-09,2026-02-09,2026-02-09,2025-02-19,2024-02-13,25204000000.0,22063000000.0,20426000000.0,19698000000.0,17931000000.0,4308000000.0,4063000000.0,3575000000.0,3365000000.0,2965000000.0,2709000000.0,2745000000.0,2276000000.0,2240000000.0,1817000000.0,6043000000.0,5390000000.0,4719000000.0,4536000000.0,4338000000.0,3227000000.0,3231000000.0,2895000000.0,2587000000.0,1904000000.0,2816000000.0,2159000000.0,1824000000.0,1949000000.0,2434000000.0,6.7,6.81,5.66,5.39,4.29,
WMB,0000107263,Williams Companies,Energy,Oil & Gas Storage & Transportation,14011000000.0,3670000000.0,2570000000.0,5344000000.0,3434000000.0,1910000000.0,1.9900000000000002,2074000000.0,60610000000.0,47420000000.0,13190000000.0,2000000.0,1223167472.0,2026-08-03,2026-07-30,SEC Company Facts,https://data.sec.gov/api/xbrl/companyfacts/CIK0000107263.json,2025-12-31,2024-12-31,2023-12-31,2022-12-31,2021-12-31,2026-02-24,2026-02-24,2026-02-24,2025-02-25,2024-02-21,14899000000.0,12632000000.0,11996000000.0,17773000000.0,12784000000.0,4196000000.0,3339000000.0,4311000000.0,3018000000.0,2631000000.0,2768000000.0,2346000000.0,3303000000.0,2117000000.0,1562000000.0,5898000000.0,4974000000.0,5938000000.0,4889000000.0,3945000000.0,4893000000.0,2573000000.0,2516000000.0,2253000000.0,1239000000.0,1005000000.0,2401000000.0,3422000000.0,2636000000.0,2706000000.0,2.14,1.82,2.6,1.67,1.24,
WMT,0000104169,Walmart,Consumer Staples,Consumer Staples Merchandise Retail,678581000000.0,29642000000.0,19489000000.0,37605000000.0,24093000000.0,13512000000.0,2.3400000000000003,10729000000.0,289607000000.0,195277000000.0,94330000000.0,40783000000.0,7958079155.0,2026-05-29,2026-05-27,SEC Company Facts,https://data.sec.gov/api/xbrl/companyfacts/CIK0000104169.json,2026-01-31,2025-01-31,2024-01-31,2023-01-31,2022-01-31,2026-03-13,2026-03-13,2026-03-13,2025-03-14,2024-03-15,706413000000.0,674538000000.0,642637000000.0,605881000000.0,567762000000.0,29825000000.0,29348000000.0,27012000000.0,20428000000.0,25942000000.0,22270000000.0,20157000000.0,16270000000.0,11292000000.0,13940000000.0,41565000000.0,36443000000.0,35726000000.0,28841000000.0,24181000000.0,26642000000.0,23783000000.0,20606000000.0,16857000000.0,13106000000.0,14923000000.0,12660000000.0,15120000000.0,11984000000.0,11075000000.0,2.73,2.41,1.91,1.42,1.62,
WRB,0000011544,W. R. Berkley Corporation,Financials,Property & Casualty Insurance,14286154000.0,,1758715000.0,3498427000.0,60457000.0,3437970000.0,4.4,2606530000.0,45677113000.0,35834032000.0,9833239000.0,,371227529.0,2026-07-31,2026-07-27,SEC Company Facts,https://data.sec.gov/api/xbrl/companyfacts/CIK0000011544.json,2025-12-31,2024-12-31,2023-12-31,2022-12-31,2021-12-31,2026-02-27,2026-02-27,2026-02-27,2025-02-24,2024-02-23,14707856000.0,13638752000.0,12142938000.0,11166499000.0,9455466000.0,,,,,,1784779000.0,1754577000.0,1383846000.0,1384954000.0,1031015000.0,3582616000.0,3678368000.0,2929238000.0,2568604000.0,2183987000.0,,,,,,,,,,,4.45,4.36,3.37,3.29,3.66,
WSM,0000719955,"Williams-Sonoma, Inc.",Consumer Discretionary,Homefurnishing Retail,7781306000.0,1403785000.0,1096098000.0,1252383000.0,240304000.0,1012079000.0,8.649999999999999,651601000.0,5059548000.0,3189744000.0,1869804000.0,1968000.0,117746611.0,2026-05-22,2026-05-17,SEC Company Facts,https://data.sec.gov/api/xbrl/companyfacts/CIK0000719955.json,2026-02-01,2025-02-02,2024-01-28,2023-01-29,2022-01-30,2026-03-26,2026-03-26,2026-03-26,2025-03-27,2024-03-20,7806816000.0,7711541000.0,7750652000.0,8674417000.0,8245936000.0,1415722000.0,1430184000.0,1244193000.0,1498422000.0,1453116000.0,1088437000.0,1125251000.0,949762000.0,1127904000.0,1126337000.0,1314889000.0,1360222000.0,1680273000.0,1052822000.0,1371147000.0,259438000.0,221567000.0,188458000.0,354117000.0,226517000.0,1055451000.0,1138655000.0,1491815000.0,698705000.0,1144630000.0,8.84,8.79,7.28,8.16,14.75,
WST,0000105770,West Pharmaceutical Services,Health Care,Health Care Supplies,2960200000.0,581600000.0,260600000.0,676700000.0,332700000.0,344000000.0,6.68,435800000.0,4076400000.0,1086200000.0,2990200000.0,205100000.0,70375762.0,2026-07-23,2026-07-20,SEC Company Facts,https://data.sec.gov/api/xbrl/companyfacts/CIK0000105770.json,2025-12-31,2024-12-31,2023-12-31,2022-12-31,2021-12-31,2026-02-17,2026-02-17,2026-02-17,2025-02-18,2024-02-20,3074100000.0,2893200000.0,2949800000.0,2886900000.0,2831600000.0,584900000.0,569900000.0,676000000.0,734000000.0,752300000.0,493700000.0,492700000.0,593400000.0,585900000.0,661800000.0,754800000.0,653400000.0,776500000.0,724000000.0,584000000.0,285900000.0,377000000.0,362000000.0,284600000.0,253400000.0,468900000.0,276400000.0,414500000.0,439400000.0,330600000.0,6.79,6.69,7.88,7.73,8.67,
WTW,0001140536,Willis Towers Watson,Financials,Insurance Brokers,9620000000.0,935000000.0,147000000.0,1407000000.0,146000000.0,1261000000.0,1.4799999999999995,1627000000.0,30559000000.0,22789000000.0,7688000000.0,5967000000.0,92871937.0,2026-07-30,2026-07-27,SEC Company Facts,https://data.sec.gov/api/xbrl/companyfacts/CIK0001140536.json,2025-12-31,2024-12-31,2023-12-31,2022-12-31,2021-12-31,2026-02-25,2026-02-25,2026-02-25,2025-02-25,2024-02-22,9516000000.0,9739000000.0,9304000000.0,8726000000.0,8826000000.0,2234000000.0,627000000.0,1365000000.0,1178000000.0,2202000000.0,1613000000.0,-88000000.0,1064000000.0,1024000000.0,4236000000.0,1775000000.0,1512000000.0,1345000000.0,812000000.0,2061000000.0,229000000.0,245000000.0,242000000.0,,,1546000000.0,1267000000.0,1103000000.0,,,16.26,-0.96,9.95,8.98,32.78,
WY,0000106535,Weyerhaeuser,Real Estate,Timber REITs,7036000000.0,576000000.0,279000000.0,918000000.0,376000000.0,542000000.0,0.25,527000000.0,16513000000.0,7057000000.0,9456000000.0,5825000000.0,720736000.0,2026-07-31,2026-07-27,SEC Company Facts,https://data.sec.gov/api/xbrl/companyfacts/CIK0000106535.json,2025-12-31,2024-12-31,2023-12-31,2022-12-31,2021-12-31,2026-02-13,2026-02-13,2026-02-13,2025-02-14,2024-02-16,6905000000.0,7124000000.0,7674000000.0,10184000000.0,10201000000.0,731000000.0,685000000.0,1186000000.0,3080000000.0,3643000000.0,324000000.0,396000000.0,839000000.0,1880000000.0,2607000000.0,562000000.0,1008000000.0,1433000000.0,2832000000.0,3159000000.0,,,,,,,,,,,0.45,0.54,1.15,2.53,3.47,
WYNN,0001174922,Wynn Resorts,Consumer Discretionary,Casinos & Gaming,6717660000.0,1033321000.0,475311000.0,1297185000.0,553789000.0,743396000.0,3.38,1573353000.0,13159235000.0,14065902000.0,-169451000.0,10724660000.0,102973891.0,2026-08-06,2026-07-31,SEC Company Facts,https://data.sec.gov/api/xbrl/companyfacts/CIK0001174922.json,2025-12-31,2024-12-31,2023-12-31,2022-12-31,2021-12-31,2026-03-02,2026-03-02,2026-03-02,2025-02-13,2024-02-23,,,,,,1118384000.0,1132731000.0,840171000.0,-100676000.0,-394541000.0,409135000.0,639716000.0,782217000.0,-709368000.0,-1011990000.0,1352653000.0,1426203000.0,1247879000.0,-71272000.0,-222591000.0,660433000.0,419929000.0,442793000.0,300127000.0,290657000.0,692220000.0,1006274000.0,805086000.0,-371399000.0,-513248000.0,3.14,4.35,6.32,-3.73,-6.64,
XEL,0000072903,Xcel Energy,Utilities,Multi-Utilities,11551000000.0,2512000000.0,673938000.0,4510000000.0,0.0,4510000000.0,3.6100000000000003,2010000000.0,87165000000.0,63108000000.0,24057000000.0,9513144000.0,624634306.0,2026-07-30,2026-07-28,SEC Company Facts,https://data.sec.gov/api/xbrl/companyfacts/CIK0000072903.json,2025-12-31,2024-12-31,2023-12-31,2022-12-31,2021-12-31,2026-02-25,2026-02-25,2026-02-25,2025-02-27,2024-02-21,,,,,,2583000000.0,2386000000.0,2481000000.0,2428000000.0,2203000000.0,2018000000.0,1936000000.0,1771000000.0,1736000000.0,1597000000.0,4083000000.0,4641000000.0,5327000000.0,3932000000.0,2189000000.0,10908000000.0,7364000000.0,5854000000.0,4638000000.0,4244000000.0,-6825000000.0,-2723000000.0,-527000000.0,-706000000.0,-2055000000.0,3.42,3.44,3.21,3.17,2.96,
XOM,0002115436,ExxonMobil,Energy,Integrated Oil & Gas,,,,,,,,10588000000.0,464482000000.0,198371000000.0,259380000000.0,10139000000.0,4111911960.0,2026-08-03,2026-06-30,SEC Company Facts,https://data.sec.gov/api/xbrl/companyfacts/CIK0002115436.json,,,,,,,,,,,,,,,,,,,,,,,,,,,,,,,,,,,,,,,,,,,,,,
XYL,0001524472,Xylem Inc.,Industrials,Industrial Machinery & Supplies & Components,8730000000.0,1083000000.0,934000000.0,1224000000.0,343000000.0,881000000.0,3.84,1276000000.0,17342000000.0,6676000000.0,10421000000.0,2926000000.0,233486812.0,2026-07-28,2026-07-24,SEC Company Facts,https://data.sec.gov/api/xbrl/companyfacts/CIK0001524472.json,2025-12-31,2024-12-31,2023-12-31,2022-12-31,2021-12-31,2026-02-25,2026-02-25,2026-02-25,2025-03-03,2024-02-28,9035000000.0,8562000000.0,7364000000.0,5522000000.0,5195000000.0,1223000000.0,1009000000.0,652000000.0,622000000.0,585000000.0,950000000.0,890000000.0,609000000.0,355000000.0,427000000.0,1241000000.0,1263000000.0,837000000.0,596000000.0,538000000.0,331000000.0,321000000.0,271000000.0,208000000.0,208000000.0,910000000.0,942000000.0,566000000.0,388000000.0,330000000.0,3.92,3.65,2.79,1.96,2.35,
XYZ,0001512673,"Block, Inc.",Financials,Transaction & Payment Processing Services,3205500000.0,1149617000.0,2932861000.0,1206221000.0,146784000.0,1059437000.0,4.68,6427331000.0,39156667000.0,17145350000.0,22047075000.0,4569999000.0,,2026-08-05,2026-06-30,SEC Company Facts,https://data.sec.gov/api/xbrl/companyfacts/CIK0001512673.json,2025-12-31,2024-12-31,2023-12-31,2022-12-31,2021-12-31,2026-02-26,2026-02-26,2026-02-26,2025-02-24,2024-02-22,24193683000.0,24121053000.0,21915623000.0,17531587000.0,17661203000.0,1708406000.0,892327000.0,-278839000.0,-624532000.0,161112000.0,1304210000.0,2866497000.0,-21124000.0,-553005000.0,158826000.0,2579714000.0,1707350000.0,100961000.0,175903000.0,847830000.0,155038000.0,153947000.0,151151000.0,170815000.0,134320000.0,2424676000.0,1553403000.0,-50190000.0,5088000.0,713510000.0,2.1,4.56,0.02,-0.93,0.33,
YUM,0001041061,Yum! Brands,Consumer Discretionary,Restaurants,7908000000.0,2446000000.0,465000000.0,1834000000.0,300000000.0,1534000000.0,5.069999999999999,674000000.0,8682000000.0,15789000000.0,-7107000000.0,2922000000.0,272901085.0,2026-08-05,2026-07-30,SEC Company Facts,https://data.sec.gov/api/xbrl/companyfacts/CIK0001041061.json,2025-12-31,2024-12-31,2023-12-31,2022-12-31,2021-12-31,2026-02-20,2026-02-20,2026-02-20,2025-02-19,2024-02-20,8214000000.0,7549000000.0,7076000000.0,6842000000.0,6584000000.0,2574000000.0,2403000000.0,2318000000.0,2187000000.0,2139000000.0,1559000000.0,1486000000.0,1597000000.0,1325000000.0,1575000000.0,2010000000.0,1689000000.0,1603000000.0,1427000000.0,1706000000.0,371000000.0,257000000.0,285000000.0,279000000.0,230000000.0,1639000000.0,1432000000.0,1318000000.0,1148000000.0,1476000000.0,5.55,5.22,5.59,4.57,5.21,
ZBH,0001136869,Zimmer Biomet,Health Care,Health Care Equipment,7833800000.0,1260800000.0,825400000.0,1663000000.0,190700000.0,1472300000.0,4.1,410000000.0,22797800000.0,10165300000.0,12623900000.0,7479000000.0,190737689.0,2026-08-05,2026-07-30,SEC Company Facts,https://data.sec.gov/api/xbrl/companyfacts/CIK0001136869.json,2025-12-31,2024-12-31,2023-12-31,2022-12-31,2021-12-31,2026-02-20,2026-02-20,2026-02-20,2025-02-25,2024-02-23,8231500000.0,7678600000.0,7394200000.0,6939900000.0,6827300000.0,1098100000.0,1285700000.0,1277700000.0,696300000.0,860300000.0,705100000.0,905300000.0,1025100000.0,232400000.0,402100000.0,1697100000.0,1499400000.0,1581600000.0,1356200000.0,1404300000.0,224500000.0,203800000.0,291100000.0,187900000.0,143600000.0,1472600000.0,1295600000.0,1290500000.0,1168300000.0,1260700000.0,3.55,4.43,4.88,1.1,1.91,
ZBRA,0000877212,Zebra Technologies,Information Technology,Electronic Equipment & Instruments,5847000000.0,858000000.0,539000000.0,979000000.0,75000000.0,904000000.0,10.91,157000000.0,8637000000.0,5202000000.0,3435000000.0,544000000.0,47310660.0,2026-08-04,2026-07-28,SEC Company Facts,https://data.sec.gov/api/xbrl/companyfacts/CIK0000877212.json,2025-12-31,2024-12-31,2023-12-31,2022-12-31,2021-12-31,2026-02-12,2026-02-12,2026-02-12,2025-02-13,2024-02-15,5396000000.0,4981000000.0,4584000000.0,5781000000.0,5627000000.0,700000000.0,742000000.0,481000000.0,529000000.0,979000000.0,419000000.0,528000000.0,296000000.0,463000000.0,837000000.0,917000000.0,1013000000.0,-4000000.0,488000000.0,1069000000.0,86000000.0,59000000.0,87000000.0,75000000.0,59000000.0,831000000.0,954000000.0,-91000000.0,413000000.0,1010000000.0,8.18,10.18,5.72,8.8,15.52,
ZTS,0001555280,Zoetis,Health Care,Pharmaceuticals,9377000000.0,,2601000000.0,2976000000.0,707000000.0,2269000000.0,5.77,1476000000.0,15077000000.0,11929000000.0,3148000000.0,9548000000.0,413223602.0,2026-08-06,2026-07-31,SEC Company Facts,https://data.sec.gov/api/xbrl/companyfacts/CIK0001555280.json,2025-12-31,2024-12-31,2023-12-31,2022-12-31,2021-12-31,2026-02-12,2026-02-12,2026-02-12,2025-02-13,2024-02-13,9467000000.0,9256000000.0,8544000000.0,8080000000.0,7776000000.0,,,,,,2673000000.0,2496000000.0,2340000000.0,2111000000.0,2034000000.0,2904000000.0,2953000000.0,2353000000.0,1912000000.0,2213000000.0,621000000.0,655000000.0,732000000.0,586000000.0,477000000.0,2283000000.0,2298000000.0,1621000000.0,1326000000.0,1736000000.0,6.02,5.47,5.07,4.49,4.27,
